{
  "warpFactor": 18,
  "playerCount": 5,
  "moduleConfig": "gamma",
  "moduleLabel": "Module Gamma (Sensor Grid)",
  "zetaOmitted": false,
  "games": 500,
  "objective": "go-out",
  "summary": {
    "games": 500,
    "playerCount": 5,
    "maxPip": 18,
    "objective": "go-out",
    "avgLegalMovesPerTurn": 1.8257551006831578,
    "avgUniqueTrainsPerTurn": 0.8783262476507747,
    "avgConstrainedTileFraction": 0.5623502669115062,
    "avgUniquePipsInHand": 8.573160112936653,
    "avgMaxPipCluster": 2.30276415035497,
    "avgHandEntropy": 2.751009288684135,
    "avgMoveValueSpread": 3.4295468427249847,
    "avgNearOptimalFraction": 0.8337997253705399,
    "avgOwnTrailPlayRate": 0,
    "avgShieldsDownRate": 0.10184236150258802
  },
  "skillIndicators": 3,
  "timestamp": "2026-07-19T02:33:49.882Z",
  "durationSeconds": 2.966
}