{
  "warpFactor": 15,
  "playerCount": 5,
  "moduleConfig": "theta",
  "moduleLabel": "Module Theta (Longest Trail)",
  "zetaOmitted": false,
  "games": 500,
  "objective": "go-out",
  "summary": {
    "games": 500,
    "playerCount": 5,
    "maxPip": 15,
    "objective": "go-out",
    "avgLegalMovesPerTurn": 2.0670303723091514,
    "avgUniqueTrainsPerTurn": 0.986531508315578,
    "avgConstrainedTileFraction": 0.5818682308290379,
    "avgUniquePipsInHand": 8.170234334076646,
    "avgMaxPipCluster": 2.439324399399079,
    "avgHandEntropy": 2.6733061656252533,
    "avgMoveValueSpread": 3.602059677445007,
    "avgNearOptimalFraction": 0.7948331746101823,
    "avgOwnTrailPlayRate": 0,
    "avgShieldsDownRate": 0.09774757813302297
  },
  "skillIndicators": 3,
  "timestamp": "2026-07-19T02:31:55.497Z",
  "durationSeconds": 2.636
}