{
  "warpFactor": 15,
  "playerCount": 3,
  "moduleConfig": "mu",
  "moduleLabel": "Subspace Fracture (Own Trail)",
  "zetaOmitted": false,
  "games": 500,
  "objective": "go-out",
  "summary": {
    "games": 500,
    "playerCount": 3,
    "maxPip": 15,
    "objective": "go-out",
    "avgLegalMovesPerTurn": 1.8061140565233735,
    "avgUniqueTrainsPerTurn": 0.7851628207121456,
    "avgConstrainedTileFraction": 0.5244305375706819,
    "avgUniquePipsInHand": 8.90032824008043,
    "avgMaxPipCluster": 2.7114872695578907,
    "avgHandEntropy": 2.7882029373479718,
    "avgMoveValueSpread": 2.9692703670984457,
    "avgNearOptimalFraction": 0.828423675464339,
    "avgOwnTrailPlayRate": 0,
    "avgShieldsDownRate": 0.035609294981665575
  },
  "skillIndicators": 3,
  "timestamp": "2026-07-19T02:31:43.591Z",
  "durationSeconds": 4.479
}