{
  "warpFactor": 15,
  "playerCount": 8,
  "moduleConfig": "official",
  "moduleLabel": "Official Warp 12 Preset",
  "zetaOmitted": false,
  "games": 500,
  "objective": "go-out",
  "summary": {
    "games": 500,
    "playerCount": 8,
    "maxPip": 15,
    "objective": "go-out",
    "avgLegalMovesPerTurn": 2.3295639361051874,
    "avgUniqueTrainsPerTurn": 1.0115057888223224,
    "avgConstrainedTileFraction": 0.5526560877516078,
    "avgUniquePipsInHand": 7.8237519605731345,
    "avgMaxPipCluster": 2.2975304903558653,
    "avgHandEntropy": 2.6112522950769375,
    "avgMoveValueSpread": 3.7343791543283444,
    "avgNearOptimalFraction": 0.7897255402433996,
    "avgOwnTrailPlayRate": 0,
    "avgShieldsDownRate": 0.160037443342311
  },
  "skillIndicators": 3,
  "timestamp": "2026-07-19T02:32:08.090Z",
  "durationSeconds": 3.264
}