{
  "warpFactor": 18,
  "playerCount": 13,
  "moduleConfig": "lambda",
  "moduleLabel": "Module Lambda (Wormholes)",
  "zetaOmitted": false,
  "games": 500,
  "objective": "go-out",
  "summary": {
    "games": 500,
    "playerCount": 13,
    "maxPip": 18,
    "objective": "go-out",
    "avgLegalMovesPerTurn": 2.4856137610901246,
    "avgUniqueTrainsPerTurn": 0.9987060066378979,
    "avgConstrainedTileFraction": 0.5474594275621704,
    "avgUniquePipsInHand": 8.285075312372632,
    "avgMaxPipCluster": 2.175436233003641,
    "avgHandEntropy": 2.764953796702244,
    "avgMoveValueSpread": 4.159884420421524,
    "avgNearOptimalFraction": 0.8053610812925877,
    "avgOwnTrailPlayRate": 0,
    "avgShieldsDownRate": 0.33383932913798947
  },
  "skillIndicators": 3,
  "timestamp": "2026-07-19T02:34:40.109Z",
  "durationSeconds": 5.127
}