{
  "warpFactor": 15,
  "playerCount": 10,
  "moduleConfig": "beta",
  "moduleLabel": "Module Beta (Salamander Penalty)",
  "zetaOmitted": false,
  "games": 500,
  "objective": "go-out",
  "summary": {
    "games": 500,
    "playerCount": 10,
    "maxPip": 15,
    "objective": "go-out",
    "avgLegalMovesPerTurn": 2.4841167879482726,
    "avgUniqueTrainsPerTurn": 1.0775502962664363,
    "avgConstrainedTileFraction": 0.5640952650491785,
    "avgUniquePipsInHand": 7.961692289046808,
    "avgMaxPipCluster": 2.304767343969845,
    "avgHandEntropy": 2.6778372559547376,
    "avgMoveValueSpread": 4.015303997777918,
    "avgNearOptimalFraction": 0.7769032141019885,
    "avgOwnTrailPlayRate": 0,
    "avgShieldsDownRate": 0.2136254054147805
  },
  "skillIndicators": 3,
  "timestamp": "2026-07-19T02:32:12.416Z",
  "durationSeconds": 3.528
}