{
  "warpFactor": 18,
  "playerCount": 2,
  "moduleConfig": "alpha",
  "moduleLabel": "Module Alpha (Continuum)",
  "zetaOmitted": false,
  "games": 500,
  "objective": "go-out",
  "summary": {
    "games": 500,
    "playerCount": 2,
    "maxPip": 18,
    "objective": "go-out",
    "avgLegalMovesPerTurn": 1.5026364642630075,
    "avgUniqueTrainsPerTurn": 0.6361033343943858,
    "avgConstrainedTileFraction": 0.5071285915385952,
    "avgUniquePipsInHand": 10.065052031646992,
    "avgMaxPipCluster": 3.0602733283365917,
    "avgHandEntropy": 2.998957750162165,
    "avgMoveValueSpread": 2.2922200663575834,
    "avgNearOptimalFraction": 0.8740797108065836,
    "avgOwnTrailPlayRate": 0,
    "avgShieldsDownRate": 0.026278015529132146
  },
  "skillIndicators": 3,
  "timestamp": "2026-07-19T02:34:10.865Z",
  "durationSeconds": 47.943
}