{
  "warpFactor": 18,
  "playerCount": 3,
  "moduleConfig": "eta",
  "moduleLabel": "Module Eta (Temporal Debt)",
  "zetaOmitted": false,
  "games": 500,
  "objective": "go-out",
  "summary": {
    "games": 500,
    "playerCount": 3,
    "maxPip": 18,
    "objective": "go-out",
    "avgLegalMovesPerTurn": 1.6055645460413321,
    "avgUniqueTrainsPerTurn": 0.7420800475635926,
    "avgConstrainedTileFraction": 0.5311158868246488,
    "avgUniquePipsInHand": 9.020867268224483,
    "avgMaxPipCluster": 2.469958174990987,
    "avgHandEntropy": 2.82356371039371,
    "avgMoveValueSpread": 2.7846075801151633,
    "avgNearOptimalFraction": 0.8609895552538138,
    "avgOwnTrailPlayRate": 0,
    "avgShieldsDownRate": 0.03271556385802773
  },
  "skillIndicators": 3,
  "timestamp": "2026-07-19T02:33:26.991Z",
  "durationSeconds": 4.069
}