{
  "warpFactor": 12,
  "playerCount": 5,
  "moduleConfig": "alpha",
  "moduleLabel": "Module Alpha (Continuum)",
  "zetaOmitted": false,
  "games": 500,
  "objective": "go-out",
  "summary": {
    "games": 500,
    "playerCount": 5,
    "maxPip": 12,
    "objective": "go-out",
    "avgLegalMovesPerTurn": 2.285791385091197,
    "avgUniqueTrainsPerTurn": 1.1177606008477372,
    "avgConstrainedTileFraction": 0.6127580222641988,
    "avgUniquePipsInHand": 7.580707709178251,
    "avgMaxPipCluster": 2.5708065228301598,
    "avgHandEntropy": 2.5697728105647815,
    "avgMoveValueSpread": 3.4754056576898407,
    "avgNearOptimalFraction": 0.7538102220148957,
    "avgOwnTrailPlayRate": 0,
    "avgShieldsDownRate": 0.09722730600292825
  },
  "skillIndicators": 3,
  "timestamp": "2026-07-19T02:31:18.882Z",
  "durationSeconds": 2.119
}