{
  "warpFactor": 18,
  "playerCount": 2,
  "moduleConfig": "lambda",
  "moduleLabel": "Module Lambda (Wormholes)",
  "zetaOmitted": false,
  "games": 500,
  "objective": "go-out",
  "summary": {
    "games": 500,
    "playerCount": 2,
    "maxPip": 18,
    "objective": "go-out",
    "avgLegalMovesPerTurn": 1.5031857609042667,
    "avgUniqueTrainsPerTurn": 0.6357715061638924,
    "avgConstrainedTileFraction": 0.5078498154263631,
    "avgUniquePipsInHand": 10.092804497902492,
    "avgMaxPipCluster": 3.0598736672857427,
    "avgHandEntropy": 3.003133304888099,
    "avgMoveValueSpread": 2.3149403407341076,
    "avgNearOptimalFraction": 0.8732693451244764,
    "avgOwnTrailPlayRate": 0,
    "avgShieldsDownRate": 0.021545721278005383
  },
  "skillIndicators": 3,
  "timestamp": "2026-07-19T02:34:13.218Z",
  "durationSeconds": 50.296
}