{
  "warpFactor": 18,
  "playerCount": 3,
  "moduleConfig": "all",
  "moduleLabel": "All Modules (stress test) (Zeta omitted — fleet too small/uneven)",
  "zetaOmitted": true,
  "games": 500,
  "objective": "go-out",
  "summary": {
    "games": 500,
    "playerCount": 3,
    "maxPip": 18,
    "objective": "go-out",
    "avgLegalMovesPerTurn": 2.372781293558013,
    "avgUniqueTrainsPerTurn": 1.079036121208688,
    "avgConstrainedTileFraction": 0.5300196595225951,
    "avgUniquePipsInHand": 13.241646258715772,
    "avgMaxPipCluster": 3.437972461438368,
    "avgHandEntropy": 3.4008655622704898,
    "avgMoveValueSpread": 5.161657313078205,
    "avgNearOptimalFraction": 0.7550319336172302,
    "avgOwnTrailPlayRate": 0,
    "avgShieldsDownRate": 0.049627275135278315
  },
  "skillIndicators": 3,
  "timestamp": "2026-07-19T02:33:35.219Z",
  "durationSeconds": 3.194
}