{
  "warpFactor": 12,
  "playerCount": 5,
  "moduleConfig": "theta",
  "moduleLabel": "Module Theta (Longest Trail)",
  "zetaOmitted": false,
  "games": 500,
  "objective": "go-out",
  "summary": {
    "games": 500,
    "playerCount": 5,
    "maxPip": 12,
    "objective": "go-out",
    "avgLegalMovesPerTurn": 2.3175390618080733,
    "avgUniqueTrainsPerTurn": 1.12830568043058,
    "avgConstrainedTileFraction": 0.6154125920871063,
    "avgUniquePipsInHand": 7.614255103885278,
    "avgMaxPipCluster": 2.5800718449944195,
    "avgHandEntropy": 2.5765958508489324,
    "avgMoveValueSpread": 3.5340028132772825,
    "avgNearOptimalFraction": 0.7502746426625421,
    "avgOwnTrailPlayRate": 0,
    "avgShieldsDownRate": 0.10133713591098228
  },
  "skillIndicators": 3,
  "timestamp": "2026-07-19T02:31:20.166Z",
  "durationSeconds": 1.985
}