{
  "warpFactor": 12,
  "playerCount": 4,
  "moduleConfig": "alpha",
  "moduleLabel": "Module Alpha (Continuum)",
  "zetaOmitted": false,
  "games": 500,
  "objective": "go-out",
  "summary": {
    "games": 500,
    "playerCount": 4,
    "maxPip": 12,
    "objective": "go-out",
    "avgLegalMovesPerTurn": 2.3425542446747873,
    "avgUniqueTrainsPerTurn": 1.1501282079117496,
    "avgConstrainedTileFraction": 0.6558288026627163,
    "avgUniquePipsInHand": 7.98079519840781,
    "avgMaxPipCluster": 2.7605406055480426,
    "avgHandEntropy": 2.6311253935389463,
    "avgMoveValueSpread": 3.8603612741687274,
    "avgNearOptimalFraction": 0.7278432682467825,
    "avgOwnTrailPlayRate": 0,
    "avgShieldsDownRate": 0.06505672245310569
  },
  "skillIndicators": 3,
  "timestamp": "2026-07-19T02:31:12.720Z",
  "durationSeconds": 1.71
}