{
  "warpFactor": 9,
  "playerCount": 2,
  "moduleConfig": "kappa",
  "moduleLabel": "Module Kappa (Temporal Inversion)",
  "zetaOmitted": false,
  "games": 500,
  "objective": "go-out",
  "summary": {
    "games": 500,
    "playerCount": 2,
    "maxPip": 9,
    "objective": "go-out",
    "avgLegalMovesPerTurn": 2.7309468592218153,
    "avgUniqueTrainsPerTurn": 1.317514053772233,
    "avgConstrainedTileFraction": 0.5661364189481743,
    "avgUniquePipsInHand": 7.801994447320738,
    "avgMaxPipCluster": 3.497432720174508,
    "avgHandEntropy": 2.6210910532525595,
    "avgMoveValueSpread": 3.1755091332282306,
    "avgNearOptimalFraction": 0.6850191667069974,
    "avgOwnTrailPlayRate": 0,
    "avgShieldsDownRate": 0.16412593206296602
  },
  "skillIndicators": 3,
  "timestamp": "2026-07-19T02:30:56.471Z",
  "durationSeconds": 5.274
}