{
  "warpFactor": 12,
  "playerCount": 2,
  "moduleConfig": "lambda",
  "moduleLabel": "Module Lambda (Wormholes)",
  "zetaOmitted": false,
  "games": 500,
  "objective": "go-out",
  "summary": {
    "games": 500,
    "playerCount": 2,
    "maxPip": 12,
    "objective": "go-out",
    "avgLegalMovesPerTurn": 1.7760375233064791,
    "avgUniqueTrainsPerTurn": 0.8382481176049787,
    "avgConstrainedTileFraction": 0.5770272915860221,
    "avgUniquePipsInHand": 7.332412358630122,
    "avgMaxPipCluster": 2.876702317771316,
    "avgHandEntropy": 2.537018775743698,
    "avgMoveValueSpread": 2.3070234521265998,
    "avgNearOptimalFraction": 0.820690158324412,
    "avgOwnTrailPlayRate": 0,
    "avgShieldsDownRate": 0.04327112371052839
  },
  "skillIndicators": 3,
  "timestamp": "2026-07-19T02:31:20.273Z",
  "durationSeconds": 20.016
}