{
  "warpFactor": 18,
  "playerCount": 12,
  "moduleConfig": "eta",
  "moduleLabel": "Module Eta (Temporal Debt)",
  "zetaOmitted": false,
  "games": 500,
  "objective": "go-out",
  "summary": {
    "games": 500,
    "playerCount": 12,
    "maxPip": 18,
    "objective": "go-out",
    "avgLegalMovesPerTurn": 2.3906720538157784,
    "avgUniqueTrainsPerTurn": 0.9929257257259624,
    "avgConstrainedTileFraction": 0.5460977678855942,
    "avgUniquePipsInHand": 8.254037086069284,
    "avgMaxPipCluster": 2.1678874434380737,
    "avgHandEntropy": 2.7581335879014626,
    "avgMoveValueSpread": 4.040259631613138,
    "avgNearOptimalFraction": 0.8105815982706815,
    "avgOwnTrailPlayRate": 0,
    "avgShieldsDownRate": 0.332040866568193
  },
  "skillIndicators": 3,
  "timestamp": "2026-07-19T02:34:32.536Z",
  "durationSeconds": 3.276
}