{
  "warpFactor": 18,
  "playerCount": 6,
  "moduleConfig": "eta",
  "moduleLabel": "Module Eta (Temporal Debt)",
  "zetaOmitted": false,
  "games": 500,
  "objective": "go-out",
  "summary": {
    "games": 500,
    "playerCount": 6,
    "maxPip": 18,
    "objective": "go-out",
    "avgLegalMovesPerTurn": 2.0216639819163253,
    "avgUniqueTrainsPerTurn": 0.9492884831356613,
    "avgConstrainedTileFraction": 0.5773471051140191,
    "avgUniquePipsInHand": 8.86819370104912,
    "avgMaxPipCluster": 2.3564493334596377,
    "avgHandEntropy": 2.793494507192285,
    "avgMoveValueSpread": 4.0039242365701595,
    "avgNearOptimalFraction": 0.8084240254201687,
    "avgOwnTrailPlayRate": 0,
    "avgShieldsDownRate": 0.11965927345869838
  },
  "skillIndicators": 3,
  "timestamp": "2026-07-19T02:34:01.373Z",
  "durationSeconds": 2.94
}