{
  "warpFactor": 12,
  "playerCount": 8,
  "moduleConfig": "theta",
  "moduleLabel": "Module Theta (Longest Trail)",
  "zetaOmitted": false,
  "games": 500,
  "objective": "go-out",
  "summary": {
    "games": 500,
    "playerCount": 8,
    "maxPip": 12,
    "objective": "go-out",
    "avgLegalMovesPerTurn": 2.6429184206882073,
    "avgUniqueTrainsPerTurn": 1.1734709722414012,
    "avgConstrainedTileFraction": 0.5742597480419944,
    "avgUniquePipsInHand": 7.668932221173405,
    "avgMaxPipCluster": 2.5306327732850313,
    "avgHandEntropy": 2.604902688521291,
    "avgMoveValueSpread": 3.835251075459599,
    "avgNearOptimalFraction": 0.7348537053213505,
    "avgOwnTrailPlayRate": 0,
    "avgShieldsDownRate": 0.1667981694808269
  },
  "skillIndicators": 3,
  "timestamp": "2026-07-19T02:31:28.042Z",
  "durationSeconds": 2.868
}