{
  "warpFactor": 18,
  "playerCount": 14,
  "moduleConfig": "eta",
  "moduleLabel": "Module Eta (Temporal Debt)",
  "zetaOmitted": false,
  "games": 500,
  "objective": "go-out",
  "summary": {
    "games": 500,
    "playerCount": 14,
    "maxPip": 18,
    "objective": "go-out",
    "avgLegalMovesPerTurn": 2.4289632053067898,
    "avgUniqueTrainsPerTurn": 0.9721420974161485,
    "avgConstrainedTileFraction": 0.5333056107104974,
    "avgUniquePipsInHand": 7.901609507563061,
    "avgMaxPipCluster": 2.0802165190215707,
    "avgHandEntropy": 2.7167830690682586,
    "avgMoveValueSpread": 3.710610191770858,
    "avgNearOptimalFraction": 0.8244643884386872,
    "avgOwnTrailPlayRate": 0,
    "avgShieldsDownRate": 0.40652369455096343
  },
  "skillIndicators": 3,
  "timestamp": "2026-07-19T02:34:41.460Z",
  "durationSeconds": 3.282
}