{
  "warpFactor": 15,
  "playerCount": 11,
  "moduleConfig": "mu",
  "moduleLabel": "Subspace Fracture (Own Trail)",
  "zetaOmitted": false,
  "games": 500,
  "objective": "go-out",
  "summary": {
    "games": 500,
    "playerCount": 11,
    "maxPip": 15,
    "objective": "go-out",
    "avgLegalMovesPerTurn": 2.532173611478311,
    "avgUniqueTrainsPerTurn": 1.0064911164546333,
    "avgConstrainedTileFraction": 0.5263748247951442,
    "avgUniquePipsInHand": 7.569856713101748,
    "avgMaxPipCluster": 2.191524588898202,
    "avgHandEntropy": 2.619227010640505,
    "avgMoveValueSpread": 3.7769475262135104,
    "avgNearOptimalFraction": 0.7922201963489363,
    "avgOwnTrailPlayRate": 0,
    "avgShieldsDownRate": 0.265352849783302
  },
  "skillIndicators": 3,
  "timestamp": "2026-07-19T02:32:18.688Z",
  "durationSeconds": 3.838
}