{
  "warpFactor": 15,
  "playerCount": 6,
  "moduleConfig": "eta",
  "moduleLabel": "Module Eta (Temporal Debt)",
  "zetaOmitted": false,
  "games": 500,
  "objective": "go-out",
  "summary": {
    "games": 500,
    "playerCount": 6,
    "maxPip": 15,
    "objective": "go-out",
    "avgLegalMovesPerTurn": 2.2107154534071762,
    "avgUniqueTrainsPerTurn": 1.0457857099631578,
    "avgConstrainedTileFraction": 0.5982819284506323,
    "avgUniquePipsInHand": 8.382317983487486,
    "avgMaxPipCluster": 2.477362539421915,
    "avgHandEntropy": 2.7108664399727385,
    "avgMoveValueSpread": 3.946953064114588,
    "avgNearOptimalFraction": 0.77436428376679,
    "avgOwnTrailPlayRate": 0,
    "avgShieldsDownRate": 0.11183711468174609
  },
  "skillIndicators": 3,
  "timestamp": "2026-07-19T02:31:58.917Z",
  "durationSeconds": 2.18
}