{
  "warpFactor": 12,
  "playerCount": 3,
  "moduleConfig": "gamma",
  "moduleLabel": "Module Gamma (Sensor Grid)",
  "zetaOmitted": false,
  "games": 500,
  "objective": "go-out",
  "summary": {
    "games": 500,
    "playerCount": 3,
    "maxPip": 12,
    "objective": "go-out",
    "avgLegalMovesPerTurn": 2.0895578949398037,
    "avgUniqueTrainsPerTurn": 1.03424788437742,
    "avgConstrainedTileFraction": 0.6277095154211508,
    "avgUniquePipsInHand": 7.640395466287074,
    "avgMaxPipCluster": 2.656546152182866,
    "avgHandEntropy": 2.575435675613955,
    "avgMoveValueSpread": 3.2631232573188793,
    "avgNearOptimalFraction": 0.7677633294425147,
    "avgOwnTrailPlayRate": 0,
    "avgShieldsDownRate": 0.05057232049947971
  },
  "skillIndicators": 3,
  "timestamp": "2026-07-19T02:31:05.923Z",
  "durationSeconds": 1.464
}