{
  "warpFactor": 18,
  "playerCount": 15,
  "moduleConfig": "mu",
  "moduleLabel": "Subspace Fracture (Own Trail)",
  "zetaOmitted": false,
  "games": 500,
  "objective": "go-out",
  "summary": {
    "games": 500,
    "playerCount": 15,
    "maxPip": 18,
    "objective": "go-out",
    "avgLegalMovesPerTurn": 2.5647585606052496,
    "avgUniqueTrainsPerTurn": 0.9574862070023038,
    "avgConstrainedTileFraction": 0.5177214790942818,
    "avgUniquePipsInHand": 7.859969487035823,
    "avgMaxPipCluster": 2.0809882376482305,
    "avgHandEntropy": 2.7085024499945116,
    "avgMoveValueSpread": 3.9434257173986995,
    "avgNearOptimalFraction": 0.8169356856975901,
    "avgOwnTrailPlayRate": 0,
    "avgShieldsDownRate": 0.4048968813238228
  },
  "skillIndicators": 3,
  "timestamp": "2026-07-19T02:34:49.060Z",
  "durationSeconds": 5.162
}