{
  "warpFactor": 15,
  "playerCount": 12,
  "moduleConfig": "alpha",
  "moduleLabel": "Module Alpha (Continuum)",
  "zetaOmitted": false,
  "games": 500,
  "objective": "go-out",
  "summary": {
    "games": 500,
    "playerCount": 12,
    "maxPip": 15,
    "objective": "go-out",
    "avgLegalMovesPerTurn": 2.5754462385010286,
    "avgUniqueTrainsPerTurn": 1.065580990662546,
    "avgConstrainedTileFraction": 0.5436715601697664,
    "avgUniquePipsInHand": 7.719819918239653,
    "avgMaxPipCluster": 2.2240491466704198,
    "avgHandEntropy": 2.650707409888012,
    "avgMoveValueSpread": 3.8335182857475467,
    "avgNearOptimalFraction": 0.7881512257727659,
    "avgOwnTrailPlayRate": 0,
    "avgShieldsDownRate": 0.2733620586882845
  },
  "skillIndicators": 3,
  "timestamp": "2026-07-19T02:32:19.909Z",
  "durationSeconds": 3.817
}