{
  "warpFactor": 12,
  "playerCount": 7,
  "moduleConfig": "kappa",
  "moduleLabel": "Module Kappa (Temporal Inversion)",
  "zetaOmitted": false,
  "games": 500,
  "objective": "go-out",
  "summary": {
    "games": 500,
    "playerCount": 7,
    "maxPip": 12,
    "objective": "go-out",
    "avgLegalMovesPerTurn": 2.5878697966489725,
    "avgUniqueTrainsPerTurn": 1.1851352146747598,
    "avgConstrainedTileFraction": 0.5342659497570864,
    "avgUniquePipsInHand": 7.913643905235246,
    "avgMaxPipCluster": 2.610711261966259,
    "avgHandEntropy": 2.6462392876845517,
    "avgMoveValueSpread": 3.5124186953946475,
    "avgNearOptimalFraction": 0.753309631243612,
    "avgOwnTrailPlayRate": 0,
    "avgShieldsDownRate": 0.16295847705310829
  },
  "skillIndicators": 3,
  "timestamp": "2026-07-19T02:31:25.799Z",
  "durationSeconds": 2.071
}