{
  "warpFactor": 18,
  "playerCount": 14,
  "moduleConfig": "none",
  "moduleLabel": "Baseline (no modules)",
  "zetaOmitted": false,
  "games": 500,
  "objective": "go-out",
  "summary": {
    "games": 500,
    "playerCount": 14,
    "maxPip": 18,
    "objective": "go-out",
    "avgLegalMovesPerTurn": 2.427464837642879,
    "avgUniqueTrainsPerTurn": 0.9672854922159385,
    "avgConstrainedTileFraction": 0.5289770746382315,
    "avgUniquePipsInHand": 7.848782950119388,
    "avgMaxPipCluster": 2.0767233082177294,
    "avgHandEntropy": 2.7055399884420006,
    "avgMoveValueSpread": 3.6687260028215274,
    "avgNearOptimalFraction": 0.82520648049334,
    "avgOwnTrailPlayRate": 0,
    "avgShieldsDownRate": 0.40087607962108784
  },
  "skillIndicators": 3,
  "timestamp": "2026-07-19T02:34:41.649Z",
  "durationSeconds": 4.573
}