{
  "warpFactor": 18,
  "playerCount": 7,
  "moduleConfig": "theta",
  "moduleLabel": "Module Theta (Longest Trail)",
  "zetaOmitted": false,
  "games": 500,
  "objective": "go-out",
  "summary": {
    "games": 500,
    "playerCount": 7,
    "maxPip": 18,
    "objective": "go-out",
    "avgLegalMovesPerTurn": 2.0389994813353733,
    "avgUniqueTrainsPerTurn": 0.9496495669893478,
    "avgConstrainedTileFraction": 0.5648086328450944,
    "avgUniquePipsInHand": 8.55467615868548,
    "avgMaxPipCluster": 2.2740691707833407,
    "avgHandEntropy": 2.7666997702704923,
    "avgMoveValueSpread": 3.833633254532223,
    "avgNearOptimalFraction": 0.8173366143571014,
    "avgOwnTrailPlayRate": 0,
    "avgShieldsDownRate": 0.1835915991504759
  },
  "skillIndicators": 3,
  "timestamp": "2026-07-19T02:34:13.128Z",
  "durationSeconds": 3.253
}