{
  "warpFactor": 15,
  "playerCount": 11,
  "moduleConfig": "alpha",
  "moduleLabel": "Module Alpha (Continuum)",
  "zetaOmitted": false,
  "games": 500,
  "objective": "go-out",
  "summary": {
    "games": 500,
    "playerCount": 11,
    "maxPip": 15,
    "objective": "go-out",
    "avgLegalMovesPerTurn": 2.483252914056367,
    "avgUniqueTrainsPerTurn": 1.0513970222335487,
    "avgConstrainedTileFraction": 0.5454250117571104,
    "avgUniquePipsInHand": 7.692459879993708,
    "avgMaxPipCluster": 2.2271066909032746,
    "avgHandEntropy": 2.645708838976227,
    "avgMoveValueSpread": 3.7255041270917153,
    "avgNearOptimalFraction": 0.7926022922685633,
    "avgOwnTrailPlayRate": 0,
    "avgShieldsDownRate": 0.27114021709877095
  },
  "skillIndicators": 3,
  "timestamp": "2026-07-19T02:32:16.080Z",
  "durationSeconds": 3.433
}