{
  "warpFactor": 18,
  "playerCount": 13,
  "moduleConfig": "beta",
  "moduleLabel": "Module Beta (Salamander Penalty)",
  "zetaOmitted": false,
  "games": 500,
  "objective": "go-out",
  "summary": {
    "games": 500,
    "playerCount": 13,
    "maxPip": 18,
    "objective": "go-out",
    "avgLegalMovesPerTurn": 2.4813676146201766,
    "avgUniqueTrainsPerTurn": 1.0068332096740717,
    "avgConstrainedTileFraction": 0.5453019698955794,
    "avgUniquePipsInHand": 8.24120519219948,
    "avgMaxPipCluster": 2.164448581021065,
    "avgHandEntropy": 2.75369653615109,
    "avgMoveValueSpread": 4.160764691127585,
    "avgNearOptimalFraction": 0.8044317036230516,
    "avgOwnTrailPlayRate": 0,
    "avgShieldsDownRate": 0.33527249573094847
  },
  "skillIndicators": 3,
  "timestamp": "2026-07-19T02:34:37.536Z",
  "durationSeconds": 4.603
}