{
  "warpFactor": 15,
  "playerCount": 5,
  "moduleConfig": "mu",
  "moduleLabel": "Subspace Fracture (Own Trail)",
  "zetaOmitted": false,
  "games": 500,
  "objective": "go-out",
  "summary": {
    "games": 500,
    "playerCount": 5,
    "maxPip": 15,
    "objective": "go-out",
    "avgLegalMovesPerTurn": 2.0227633062648858,
    "avgUniqueTrainsPerTurn": 0.8979518819465059,
    "avgConstrainedTileFraction": 0.5483346533537407,
    "avgUniquePipsInHand": 8.114074840959448,
    "avgMaxPipCluster": 2.4305651948357494,
    "avgHandEntropy": 2.66542305178843,
    "avgMoveValueSpread": 3.4106535432684373,
    "avgNearOptimalFraction": 0.8064557964167358,
    "avgOwnTrailPlayRate": 0,
    "avgShieldsDownRate": 0.08451177094664464
  },
  "skillIndicators": 3,
  "timestamp": "2026-07-19T02:31:57.837Z",
  "durationSeconds": 3.478
}