{
  "warpFactor": 15,
  "playerCount": 8,
  "moduleConfig": "theta",
  "moduleLabel": "Module Theta (Longest Trail)",
  "zetaOmitted": false,
  "games": 500,
  "objective": "go-out",
  "summary": {
    "games": 500,
    "playerCount": 8,
    "maxPip": 15,
    "objective": "go-out",
    "avgLegalMovesPerTurn": 2.3446289643304103,
    "avgUniqueTrainsPerTurn": 1.064015775739575,
    "avgConstrainedTileFraction": 0.5735541964744223,
    "avgUniquePipsInHand": 8.135516124426015,
    "avgMaxPipCluster": 2.3714279079883753,
    "avgHandEntropy": 2.690451436653847,
    "avgMoveValueSpread": 3.9724887871121313,
    "avgNearOptimalFraction": 0.776937160104631,
    "avgOwnTrailPlayRate": 0,
    "avgShieldsDownRate": 0.16865072314416688
  },
  "skillIndicators": 3,
  "timestamp": "2026-07-19T02:32:06.199Z",
  "durationSeconds": 3.31
}