{
  "warpFactor": 12,
  "playerCount": 3,
  "moduleConfig": "mu",
  "moduleLabel": "Subspace Fracture (Own Trail)",
  "zetaOmitted": false,
  "games": 500,
  "objective": "go-out",
  "summary": {
    "games": 500,
    "playerCount": 3,
    "maxPip": 12,
    "objective": "go-out",
    "avgLegalMovesPerTurn": 2.0276349663270206,
    "avgUniqueTrainsPerTurn": 0.9074740314345745,
    "avgConstrainedTileFraction": 0.5721304934730217,
    "avgUniquePipsInHand": 7.764245504666727,
    "avgMaxPipCluster": 2.7642267418828848,
    "avgHandEntropy": 2.59232219478954,
    "avgMoveValueSpread": 2.9693174856219904,
    "avgNearOptimalFraction": 0.7910461728120636,
    "avgOwnTrailPlayRate": 0,
    "avgShieldsDownRate": 0.042544513016953965
  },
  "skillIndicators": 3,
  "timestamp": "2026-07-19T02:31:10.655Z",
  "durationSeconds": 2.309
}