{
  "warpFactor": 15,
  "playerCount": 8,
  "moduleConfig": "all",
  "moduleLabel": "All Modules (stress test)",
  "zetaOmitted": false,
  "games": 500,
  "objective": "go-out",
  "summary": {
    "games": 500,
    "playerCount": 8,
    "maxPip": 15,
    "objective": "go-out",
    "avgLegalMovesPerTurn": 2.037399248724985,
    "avgUniqueTrainsPerTurn": 1.04443727409479,
    "avgConstrainedTileFraction": 0.5901876595096615,
    "avgUniquePipsInHand": 8.820164935719076,
    "avgMaxPipCluster": 2.516314530246033,
    "avgHandEntropy": 2.808608738870856,
    "avgMoveValueSpread": 3.6736453911387046,
    "avgNearOptimalFraction": 0.7848796322038455,
    "avgOwnTrailPlayRate": 0,
    "avgShieldsDownRate": 0.050092230627337496
  },
  "skillIndicators": 3,
  "timestamp": "2026-07-19T02:32:10.613Z",
  "durationSeconds": 5.317
}