{
  "warpFactor": 18,
  "playerCount": 7,
  "moduleConfig": "official",
  "moduleLabel": "Official Warp 12 Preset",
  "zetaOmitted": false,
  "games": 500,
  "objective": "go-out",
  "summary": {
    "games": 500,
    "playerCount": 7,
    "maxPip": 18,
    "objective": "go-out",
    "avgLegalMovesPerTurn": 2.0447089675199748,
    "avgUniqueTrainsPerTurn": 0.9075302431216589,
    "avgConstrainedTileFraction": 0.5416985464758601,
    "avgUniquePipsInHand": 8.219930165809714,
    "avgMaxPipCluster": 2.200395283742304,
    "avgHandEntropy": 2.6873579692544722,
    "avgMoveValueSpread": 3.6046518035016515,
    "avgNearOptimalFraction": 0.8263334323949377,
    "avgOwnTrailPlayRate": 0,
    "avgShieldsDownRate": 0.16840504746205878
  },
  "skillIndicators": 3,
  "timestamp": "2026-07-19T02:34:14.321Z",
  "durationSeconds": 3.472
}