{
  "warpFactor": 18,
  "playerCount": 17,
  "moduleConfig": "gamma",
  "moduleLabel": "Module Gamma (Sensor Grid)",
  "zetaOmitted": false,
  "games": 500,
  "objective": "go-out",
  "summary": {
    "games": 500,
    "playerCount": 17,
    "maxPip": 18,
    "objective": "go-out",
    "avgLegalMovesPerTurn": 2.5863882700636056,
    "avgUniqueTrainsPerTurn": 0.9431184649467638,
    "avgConstrainedTileFraction": 0.5050774802465997,
    "avgUniquePipsInHand": 7.516594112203143,
    "avgMaxPipCluster": 2.0110807162533493,
    "avgHandEntropy": 2.669423545906219,
    "avgMoveValueSpread": 3.3909238611980763,
    "avgNearOptimalFraction": 0.8389808883006612,
    "avgOwnTrailPlayRate": 0,
    "avgShieldsDownRate": 0.49059668041705917
  },
  "skillIndicators": 3,
  "timestamp": "2026-07-19T02:34:56.446Z",
  "durationSeconds": 5.137
}