{
  "warpFactor": 12,
  "playerCount": 8,
  "moduleConfig": "beta",
  "moduleLabel": "Module Beta (Salamander Penalty)",
  "zetaOmitted": false,
  "games": 500,
  "objective": "go-out",
  "summary": {
    "games": 500,
    "playerCount": 8,
    "maxPip": 12,
    "objective": "go-out",
    "avgLegalMovesPerTurn": 2.6280273192310455,
    "avgUniqueTrainsPerTurn": 1.1690834822984653,
    "avgConstrainedTileFraction": 0.5753122740894352,
    "avgUniquePipsInHand": 7.625372219927013,
    "avgMaxPipCluster": 2.521597761828892,
    "avgHandEntropy": 2.592917404892813,
    "avgMoveValueSpread": 3.842019731271104,
    "avgNearOptimalFraction": 0.7355970077019338,
    "avgOwnTrailPlayRate": 0,
    "avgShieldsDownRate": 0.16522786589038346
  },
  "skillIndicators": 3,
  "timestamp": "2026-07-19T02:31:27.398Z",
  "durationSeconds": 2.532
}