{
  "warpFactor": 15,
  "playerCount": 6,
  "moduleConfig": "gamma",
  "moduleLabel": "Module Gamma (Sensor Grid)",
  "zetaOmitted": false,
  "games": 500,
  "objective": "go-out",
  "summary": {
    "games": 500,
    "playerCount": 6,
    "maxPip": 15,
    "objective": "go-out",
    "avgLegalMovesPerTurn": 2.2120203897935076,
    "avgUniqueTrainsPerTurn": 1.0440839721048178,
    "avgConstrainedTileFraction": 0.5938650507655856,
    "avgUniquePipsInHand": 8.362597863363952,
    "avgMaxPipCluster": 2.4617739352897217,
    "avgHandEntropy": 2.707418917593964,
    "avgMoveValueSpread": 3.9574772131113707,
    "avgNearOptimalFraction": 0.7754758001907958,
    "avgOwnTrailPlayRate": 0,
    "avgShieldsDownRate": 0.1119708228236417
  },
  "skillIndicators": 3,
  "timestamp": "2026-07-19T02:31:58.712Z",
  "durationSeconds": 2.741
}