{
  "warpFactor": 18,
  "playerCount": 2,
  "moduleConfig": "none",
  "moduleLabel": "Baseline (no modules)",
  "zetaOmitted": false,
  "games": 500,
  "objective": "go-out",
  "summary": {
    "games": 500,
    "playerCount": 2,
    "maxPip": 18,
    "objective": "go-out",
    "avgLegalMovesPerTurn": 1.5022110748191786,
    "avgUniqueTrainsPerTurn": 0.6339414555043369,
    "avgConstrainedTileFraction": 0.5071100967209392,
    "avgUniquePipsInHand": 10.097611456955775,
    "avgMaxPipCluster": 3.0836080528875165,
    "avgHandEntropy": 3.002162625243862,
    "avgMoveValueSpread": 2.2702791185267697,
    "avgNearOptimalFraction": 0.8744097829307034,
    "avgOwnTrailPlayRate": 0,
    "avgShieldsDownRate": 0.02653353116520298
  },
  "skillIndicators": 3,
  "timestamp": "2026-07-19T02:34:09.475Z",
  "durationSeconds": 46.554
}