{
  "warpFactor": 18,
  "playerCount": 3,
  "moduleConfig": "mu",
  "moduleLabel": "Subspace Fracture (Own Trail)",
  "zetaOmitted": false,
  "games": 500,
  "objective": "go-out",
  "summary": {
    "games": 500,
    "playerCount": 3,
    "maxPip": 18,
    "objective": "go-out",
    "avgLegalMovesPerTurn": 1.7165855198258788,
    "avgUniqueTrainsPerTurn": 0.7281916196450501,
    "avgConstrainedTileFraction": 0.5057639664370313,
    "avgUniquePipsInHand": 10.19403430210671,
    "avgMaxPipCluster": 2.7774605418717213,
    "avgHandEntropy": 2.9884859625499955,
    "avgMoveValueSpread": 3.1985651432972624,
    "avgNearOptimalFraction": 0.844221162699758,
    "avgOwnTrailPlayRate": 0,
    "avgShieldsDownRate": 0.029529130087789304
  },
  "skillIndicators": 3,
  "timestamp": "2026-07-19T02:33:35.446Z",
  "durationSeconds": 7.263
}