{
  "warpFactor": 15,
  "playerCount": 12,
  "moduleConfig": "gamma",
  "moduleLabel": "Module Gamma (Sensor Grid)",
  "zetaOmitted": false,
  "games": 500,
  "objective": "go-out",
  "summary": {
    "games": 500,
    "playerCount": 12,
    "maxPip": 15,
    "objective": "go-out",
    "avgLegalMovesPerTurn": 2.596169040760791,
    "avgUniqueTrainsPerTurn": 1.063694552492718,
    "avgConstrainedTileFraction": 0.542123384751851,
    "avgUniquePipsInHand": 7.729663011368094,
    "avgMaxPipCluster": 2.227969625957261,
    "avgHandEntropy": 2.6546218293209387,
    "avgMoveValueSpread": 3.878302707090235,
    "avgNearOptimalFraction": 0.7869351598426552,
    "avgOwnTrailPlayRate": 0,
    "avgShieldsDownRate": 0.2832230186220378
  },
  "skillIndicators": 3,
  "timestamp": "2026-07-19T02:32:20.255Z",
  "durationSeconds": 3.828
}