{
  "warpFactor": 12,
  "playerCount": 4,
  "moduleConfig": "mu",
  "moduleLabel": "Subspace Fracture (Own Trail)",
  "zetaOmitted": false,
  "games": 500,
  "objective": "go-out",
  "summary": {
    "games": 500,
    "playerCount": 4,
    "maxPip": 12,
    "objective": "go-out",
    "avgLegalMovesPerTurn": 2.3171439474781255,
    "avgUniqueTrainsPerTurn": 1.0204856927507662,
    "avgConstrainedTileFraction": 0.6101346916735666,
    "avgUniquePipsInHand": 7.932090166286334,
    "avgMaxPipCluster": 2.785777048129987,
    "avgHandEntropy": 2.6173416875351965,
    "avgMoveValueSpread": 3.600716591693708,
    "avgNearOptimalFraction": 0.749617729847831,
    "avgOwnTrailPlayRate": 0,
    "avgShieldsDownRate": 0.058243557044424986
  },
  "skillIndicators": 3,
  "timestamp": "2026-07-19T02:31:16.566Z",
  "durationSeconds": 2.253
}