{
  "warpFactor": 18,
  "playerCount": 8,
  "moduleConfig": "theta",
  "moduleLabel": "Module Theta (Longest Trail)",
  "zetaOmitted": false,
  "games": 500,
  "objective": "go-out",
  "summary": {
    "games": 500,
    "playerCount": 8,
    "maxPip": 18,
    "objective": "go-out",
    "avgLegalMovesPerTurn": 2.1531769033501496,
    "avgUniqueTrainsPerTurn": 0.978559372010069,
    "avgConstrainedTileFraction": 0.568508306445145,
    "avgUniquePipsInHand": 8.638745651567582,
    "avgMaxPipCluster": 2.2747263899618364,
    "avgHandEntropy": 2.782641488655945,
    "avgMoveValueSpread": 4.130171615417811,
    "avgNearOptimalFraction": 0.8059707843349702,
    "avgOwnTrailPlayRate": 0,
    "avgShieldsDownRate": 0.19504597597867435
  },
  "skillIndicators": 3,
  "timestamp": "2026-07-19T02:34:17.276Z",
  "durationSeconds": 3.804
}