{
  "warpFactor": 15,
  "playerCount": 3,
  "moduleConfig": "eta",
  "moduleLabel": "Module Eta (Temporal Debt)",
  "zetaOmitted": false,
  "games": 500,
  "objective": "go-out",
  "summary": {
    "games": 500,
    "playerCount": 3,
    "maxPip": 15,
    "objective": "go-out",
    "avgLegalMovesPerTurn": 1.7978383094993555,
    "avgUniqueTrainsPerTurn": 0.8540663773237536,
    "avgConstrainedTileFraction": 0.5614747596540408,
    "avgUniquePipsInHand": 8.302740304782725,
    "avgMaxPipCluster": 2.5250871230047083,
    "avgHandEntropy": 2.6926554243017993,
    "avgMoveValueSpread": 2.957561789496133,
    "avgNearOptimalFraction": 0.8273604538372196,
    "avgOwnTrailPlayRate": 0,
    "avgShieldsDownRate": 0.04216501934979302
  },
  "skillIndicators": 3,
  "timestamp": "2026-07-19T02:31:37.071Z",
  "durationSeconds": 2.188
}