{
  "warpFactor": 18,
  "playerCount": 5,
  "moduleConfig": "iota",
  "moduleLabel": "Module Iota (Double Down)",
  "zetaOmitted": false,
  "games": 500,
  "objective": "go-out",
  "summary": {
    "games": 500,
    "playerCount": 5,
    "maxPip": 18,
    "objective": "go-out",
    "avgLegalMovesPerTurn": 1.907206902121508,
    "avgUniqueTrainsPerTurn": 0.9216801426650295,
    "avgConstrainedTileFraction": 0.5853974392931506,
    "avgUniquePipsInHand": 8.823958108714722,
    "avgMaxPipCluster": 2.3543268333384675,
    "avgHandEntropy": 2.794526285431667,
    "avgMoveValueSpread": 3.835609714559533,
    "avgNearOptimalFraction": 0.8155230716199289,
    "avgOwnTrailPlayRate": 0,
    "avgShieldsDownRate": 0.08438264128522133
  },
  "skillIndicators": 3,
  "timestamp": "2026-07-19T02:33:53.698Z",
  "durationSeconds": 3.536
}