{
  "warpFactor": 15,
  "playerCount": 12,
  "moduleConfig": "delta",
  "moduleLabel": "Module Delta (Warp Drive Spool)",
  "zetaOmitted": false,
  "games": 500,
  "objective": "go-out",
  "summary": {
    "games": 500,
    "playerCount": 12,
    "maxPip": 15,
    "objective": "go-out",
    "avgLegalMovesPerTurn": 2.5977773004736036,
    "avgUniqueTrainsPerTurn": 1.0695398454315457,
    "avgConstrainedTileFraction": 0.5453590100610062,
    "avgUniquePipsInHand": 7.75467542237877,
    "avgMaxPipCluster": 2.2300672674356314,
    "avgHandEntropy": 2.657284894320262,
    "avgMoveValueSpread": 3.8719607306280075,
    "avgNearOptimalFraction": 0.7851088183401305,
    "avgOwnTrailPlayRate": 0,
    "avgShieldsDownRate": 0.2713517954335399
  },
  "skillIndicators": 3,
  "timestamp": "2026-07-19T02:32:19.495Z",
  "durationSeconds": 3.059
}