{
  "warpFactor": 12,
  "playerCount": 6,
  "moduleConfig": "delta",
  "moduleLabel": "Module Delta (Warp Drive Spool)",
  "zetaOmitted": false,
  "games": 500,
  "objective": "go-out",
  "summary": {
    "games": 500,
    "playerCount": 6,
    "maxPip": 12,
    "objective": "go-out",
    "avgLegalMovesPerTurn": 2.4834085340291527,
    "avgUniqueTrainsPerTurn": 1.1796392781068736,
    "avgConstrainedTileFraction": 0.6222105554460539,
    "avgUniquePipsInHand": 7.872330127024026,
    "avgMaxPipCluster": 2.6424957966031366,
    "avgHandEntropy": 2.6266676478382034,
    "avgMoveValueSpread": 3.8839962382358273,
    "avgNearOptimalFraction": 0.7279791538371592,
    "avgOwnTrailPlayRate": 0,
    "avgShieldsDownRate": 0.1099247755399175
  },
  "skillIndicators": 3,
  "timestamp": "2026-07-19T02:31:22.372Z",
  "durationSeconds": 1.816
}