{
  "warpFactor": 18,
  "playerCount": 4,
  "moduleConfig": "mu",
  "moduleLabel": "Subspace Fracture (Own Trail)",
  "zetaOmitted": false,
  "games": 500,
  "objective": "go-out",
  "summary": {
    "games": 500,
    "playerCount": 4,
    "maxPip": 18,
    "objective": "go-out",
    "avgLegalMovesPerTurn": 1.8202997812310406,
    "avgUniqueTrainsPerTurn": 0.7944759023535567,
    "avgConstrainedTileFraction": 0.5287613259531616,
    "avgUniquePipsInHand": 9.45100586284845,
    "avgMaxPipCluster": 2.5704928123130912,
    "avgHandEntropy": 2.872311322769981,
    "avgMoveValueSpread": 3.5377426411560493,
    "avgNearOptimalFraction": 0.830281433355535,
    "avgOwnTrailPlayRate": 0,
    "avgShieldsDownRate": 0.044279469701207476
  },
  "skillIndicators": 3,
  "timestamp": "2026-07-19T02:33:46.277Z",
  "durationSeconds": 6.46
}