{
  "warpFactor": 15,
  "playerCount": 9,
  "moduleConfig": "alpha",
  "moduleLabel": "Module Alpha (Continuum)",
  "zetaOmitted": false,
  "games": 500,
  "objective": "go-out",
  "summary": {
    "games": 500,
    "playerCount": 9,
    "maxPip": 15,
    "objective": "go-out",
    "avgLegalMovesPerTurn": 2.374383721937642,
    "avgUniqueTrainsPerTurn": 1.0558642779998768,
    "avgConstrainedTileFraction": 0.5635151270824644,
    "avgUniquePipsInHand": 7.923998813181995,
    "avgMaxPipCluster": 2.296420068330526,
    "avgHandEntropy": 2.669108785762533,
    "avgMoveValueSpread": 3.806802396405709,
    "avgNearOptimalFraction": 0.7862301998941744,
    "avgOwnTrailPlayRate": 0,
    "avgShieldsDownRate": 0.21312618082433002
  },
  "skillIndicators": 3,
  "timestamp": "2026-07-19T02:32:08.696Z",
  "durationSeconds": 3.137
}