{
  "warpFactor": 12,
  "playerCount": 2,
  "moduleConfig": "eta",
  "moduleLabel": "Module Eta (Temporal Debt)",
  "zetaOmitted": false,
  "games": 500,
  "objective": "go-out",
  "summary": {
    "games": 500,
    "playerCount": 2,
    "maxPip": 12,
    "objective": "go-out",
    "avgLegalMovesPerTurn": 1.7827392248064207,
    "avgUniqueTrainsPerTurn": 0.8440222758413205,
    "avgConstrainedTileFraction": 0.5796729674336717,
    "avgUniquePipsInHand": 7.2920808797668855,
    "avgMaxPipCluster": 2.8520271414367317,
    "avgHandEntropy": 2.5289110596228457,
    "avgMoveValueSpread": 2.321161901929679,
    "avgNearOptimalFraction": 0.820162726157195,
    "avgOwnTrailPlayRate": 0,
    "avgShieldsDownRate": 0.06564812604440201
  },
  "skillIndicators": 3,
  "timestamp": "2026-07-19T02:31:16.403Z",
  "durationSeconds": 16.526
}