{
  "warpFactor": 12,
  "playerCount": 4,
  "moduleConfig": "delta",
  "moduleLabel": "Module Delta (Warp Drive Spool)",
  "zetaOmitted": false,
  "games": 500,
  "objective": "go-out",
  "summary": {
    "games": 500,
    "playerCount": 4,
    "maxPip": 12,
    "objective": "go-out",
    "avgLegalMovesPerTurn": 2.354832690076422,
    "avgUniqueTrainsPerTurn": 1.1551180645894554,
    "avgConstrainedTileFraction": 0.6572754678970846,
    "avgUniquePipsInHand": 7.976910577642674,
    "avgMaxPipCluster": 2.7541347650685464,
    "avgHandEntropy": 2.6306129490773653,
    "avgMoveValueSpread": 3.8903772195540087,
    "avgNearOptimalFraction": 0.7262232863837887,
    "avgOwnTrailPlayRate": 0,
    "avgShieldsDownRate": 0.06179500843769429
  },
  "skillIndicators": 3,
  "timestamp": "2026-07-19T02:31:12.947Z",
  "durationSeconds": 1.45
}