{
  "warpFactor": 12,
  "playerCount": 2,
  "moduleConfig": "mu",
  "moduleLabel": "Subspace Fracture (Own Trail)",
  "zetaOmitted": false,
  "games": 500,
  "objective": "go-out",
  "summary": {
    "games": 500,
    "playerCount": 2,
    "maxPip": 12,
    "objective": "go-out",
    "avgLegalMovesPerTurn": 1.8041586346684308,
    "avgUniqueTrainsPerTurn": 0.7913400902003844,
    "avgConstrainedTileFraction": 0.5420979513889401,
    "avgUniquePipsInHand": 7.750950954245874,
    "avgMaxPipCluster": 3.0583016930920928,
    "avgHandEntropy": 2.622729562819715,
    "avgMoveValueSpread": 2.341749119242477,
    "avgNearOptimalFraction": 0.8219349140521509,
    "avgOwnTrailPlayRate": 0,
    "avgShieldsDownRate": 0.06037046266301188
  },
  "skillIndicators": 3,
  "timestamp": "2026-07-19T02:31:24.824Z",
  "durationSeconds": 24.565
}