{
  "warpFactor": 12,
  "playerCount": 8,
  "moduleConfig": "none",
  "moduleLabel": "Baseline (no modules)",
  "zetaOmitted": false,
  "games": 500,
  "objective": "go-out",
  "summary": {
    "games": 500,
    "playerCount": 8,
    "maxPip": 12,
    "objective": "go-out",
    "avgLegalMovesPerTurn": 2.64410965978711,
    "avgUniqueTrainsPerTurn": 1.175135929031034,
    "avgConstrainedTileFraction": 0.5757012295959603,
    "avgUniquePipsInHand": 7.666101935287066,
    "avgMaxPipCluster": 2.5335103196018487,
    "avgHandEntropy": 2.6042101247690796,
    "avgMoveValueSpread": 3.8435910128734294,
    "avgNearOptimalFraction": 0.7344401291038188,
    "avgOwnTrailPlayRate": 0,
    "avgShieldsDownRate": 0.16682417532964314
  },
  "skillIndicators": 3,
  "timestamp": "2026-07-19T02:31:27.320Z",
  "durationSeconds": 2.45
}