{
  "warpFactor": 15,
  "playerCount": 3,
  "moduleConfig": "alpha",
  "moduleLabel": "Module Alpha (Continuum)",
  "zetaOmitted": false,
  "games": 500,
  "objective": "go-out",
  "summary": {
    "games": 500,
    "playerCount": 3,
    "maxPip": 15,
    "objective": "go-out",
    "avgLegalMovesPerTurn": 1.7971367479805802,
    "avgUniqueTrainsPerTurn": 0.8594957049386861,
    "avgConstrainedTileFraction": 0.5666672396629445,
    "avgUniquePipsInHand": 8.312481279404748,
    "avgMaxPipCluster": 2.5148470323525745,
    "avgHandEntropy": 2.6944475527332146,
    "avgMoveValueSpread": 2.9927022077990793,
    "avgNearOptimalFraction": 0.8256717594919878,
    "avgOwnTrailPlayRate": 0,
    "avgShieldsDownRate": 0.043048465069671076
  },
  "skillIndicators": 3,
  "timestamp": "2026-07-19T02:31:33.936Z",
  "durationSeconds": 2.487
}