{
  "warpFactor": 15,
  "playerCount": 4,
  "moduleConfig": "eta",
  "moduleLabel": "Module Eta (Temporal Debt)",
  "zetaOmitted": false,
  "games": 500,
  "objective": "go-out",
  "summary": {
    "games": 500,
    "playerCount": 4,
    "maxPip": 15,
    "objective": "go-out",
    "avgLegalMovesPerTurn": 2.038833311528733,
    "avgUniqueTrainsPerTurn": 0.9813536741663336,
    "avgConstrainedTileFraction": 0.6001936909197425,
    "avgUniquePipsInHand": 8.553061396848792,
    "avgMaxPipCluster": 2.570563398622507,
    "avgHandEntropy": 2.72657533549202,
    "avgMoveValueSpread": 3.692236092651282,
    "avgNearOptimalFraction": 0.7878131481361359,
    "avgOwnTrailPlayRate": 0,
    "avgShieldsDownRate": 0.06064718799560815
  },
  "skillIndicators": 3,
  "timestamp": "2026-07-19T02:31:46.102Z",
  "durationSeconds": 2.217
}