{
  "warpFactor": 18,
  "playerCount": 18,
  "moduleConfig": "none",
  "moduleLabel": "Baseline (no modules)",
  "zetaOmitted": false,
  "games": 500,
  "objective": "go-out",
  "summary": {
    "games": 500,
    "playerCount": 18,
    "maxPip": 18,
    "objective": "go-out",
    "avgLegalMovesPerTurn": 2.664054872886679,
    "avgUniqueTrainsPerTurn": 0.9503168353988413,
    "avgConstrainedTileFraction": 0.5016514883704509,
    "avgUniquePipsInHand": 7.5209050478154085,
    "avgMaxPipCluster": 2.009174635111024,
    "avgHandEntropy": 2.6703239575112465,
    "avgMoveValueSpread": 3.4530428370441024,
    "avgNearOptimalFraction": 0.8371901744561576,
    "avgOwnTrailPlayRate": 0,
    "avgShieldsDownRate": 0.4926426942422444
  },
  "skillIndicators": 3,
  "timestamp": "2026-07-19T02:35:01.300Z",
  "durationSeconds": 5.392
}