{
  "warpFactor": 12,
  "playerCount": 8,
  "moduleConfig": "zeta",
  "moduleLabel": "Module Zeta (Squadrons)",
  "zetaOmitted": false,
  "games": 500,
  "objective": "go-out",
  "summary": {
    "games": 500,
    "playerCount": 8,
    "maxPip": 12,
    "objective": "go-out",
    "avgLegalMovesPerTurn": 2.1128142497970437,
    "avgUniqueTrainsPerTurn": 1.1349768628871075,
    "avgConstrainedTileFraction": 0.6373333396131705,
    "avgUniquePipsInHand": 7.309110979957632,
    "avgMaxPipCluster": 2.400094499962384,
    "avgHandEntropy": 2.527655681715598,
    "avgMoveValueSpread": 3.360477401401946,
    "avgNearOptimalFraction": 0.756066924178186,
    "avgOwnTrailPlayRate": 0,
    "avgShieldsDownRate": 0.053380332228718574
  },
  "skillIndicators": 3,
  "timestamp": "2026-07-19T02:31:31.494Z",
  "durationSeconds": 3.823
}