{
  "warpFactor": 12,
  "playerCount": 4,
  "moduleConfig": "beta",
  "moduleLabel": "Module Beta (Salamander Penalty)",
  "zetaOmitted": false,
  "games": 500,
  "objective": "go-out",
  "summary": {
    "games": 500,
    "playerCount": 4,
    "maxPip": 12,
    "objective": "go-out",
    "avgLegalMovesPerTurn": 2.3553611315154948,
    "avgUniqueTrainsPerTurn": 1.1546711766389866,
    "avgConstrainedTileFraction": 0.6562481418207728,
    "avgUniquePipsInHand": 7.972462098656933,
    "avgMaxPipCluster": 2.757826378793329,
    "avgHandEntropy": 2.630896059356354,
    "avgMoveValueSpread": 3.8718930675167695,
    "avgNearOptimalFraction": 0.7277513323889024,
    "avgOwnTrailPlayRate": 0,
    "avgShieldsDownRate": 0.065569316457989
  },
  "skillIndicators": 3,
  "timestamp": "2026-07-19T02:31:12.688Z",
  "durationSeconds": 1.646
}