{
  "warpFactor": 18,
  "playerCount": 14,
  "moduleConfig": "alpha",
  "moduleLabel": "Module Alpha (Continuum)",
  "zetaOmitted": false,
  "games": 500,
  "objective": "go-out",
  "summary": {
    "games": 500,
    "playerCount": 14,
    "maxPip": 18,
    "objective": "go-out",
    "avgLegalMovesPerTurn": 2.43805339889986,
    "avgUniqueTrainsPerTurn": 0.9687422169942557,
    "avgConstrainedTileFraction": 0.5286338663789745,
    "avgUniquePipsInHand": 7.880445149134569,
    "avgMaxPipCluster": 2.0783777100533567,
    "avgHandEntropy": 2.713113465378661,
    "avgMoveValueSpread": 3.7080534658576,
    "avgNearOptimalFraction": 0.8244439691657511,
    "avgOwnTrailPlayRate": 0,
    "avgShieldsDownRate": 0.40312744331508993
  },
  "skillIndicators": 3,
  "timestamp": "2026-07-19T02:34:41.695Z",
  "durationSeconds": 4.444
}