{
  "warpFactor": 15,
  "playerCount": 4,
  "moduleConfig": "lambda",
  "moduleLabel": "Module Lambda (Wormholes)",
  "zetaOmitted": false,
  "games": 500,
  "objective": "go-out",
  "summary": {
    "games": 500,
    "playerCount": 4,
    "maxPip": 15,
    "objective": "go-out",
    "avgLegalMovesPerTurn": 2.0218635349283987,
    "avgUniqueTrainsPerTurn": 0.9702169428815892,
    "avgConstrainedTileFraction": 0.597771337305307,
    "avgUniquePipsInHand": 8.476199509987214,
    "avgMaxPipCluster": 2.559762889326974,
    "avgHandEntropy": 2.7136909313970023,
    "avgMoveValueSpread": 3.598939126939968,
    "avgNearOptimalFraction": 0.7920560308246114,
    "avgOwnTrailPlayRate": 0,
    "avgShieldsDownRate": 0.05855651384475715
  },
  "skillIndicators": 3,
  "timestamp": "2026-07-19T02:31:48.671Z",
  "durationSeconds": 2.788
}