{
  "warpFactor": 9,
  "playerCount": 4,
  "moduleConfig": "gamma",
  "moduleLabel": "Module Gamma (Sensor Grid)",
  "zetaOmitted": false,
  "games": 500,
  "objective": "go-out",
  "summary": {
    "games": 500,
    "playerCount": 4,
    "maxPip": 9,
    "objective": "go-out",
    "avgLegalMovesPerTurn": 1.939545539551124,
    "avgUniqueTrainsPerTurn": 1.0128226888916114,
    "avgConstrainedTileFraction": 0.5381601730167198,
    "avgUniquePipsInHand": 5.601864572607021,
    "avgMaxPipCluster": 2.2445304277486895,
    "avgHandEntropy": 2.17905611881465,
    "avgMoveValueSpread": 1.7779334431659832,
    "avgNearOptimalFraction": 0.825076851509041,
    "avgOwnTrailPlayRate": 0,
    "avgShieldsDownRate": 0.1863617308677628
  },
  "skillIndicators": 2,
  "timestamp": "2026-07-19T02:30:56.777Z",
  "durationSeconds": 0.605
}