{
  "warpFactor": 15,
  "playerCount": 6,
  "moduleConfig": "zeta",
  "moduleLabel": "Module Zeta (Squadrons)",
  "zetaOmitted": false,
  "games": 500,
  "objective": "go-out",
  "summary": {
    "games": 500,
    "playerCount": 6,
    "maxPip": 15,
    "objective": "go-out",
    "avgLegalMovesPerTurn": 1.8092484953641457,
    "avgUniqueTrainsPerTurn": 0.9737310414440559,
    "avgConstrainedTileFraction": 0.6178758008110865,
    "avgUniquePipsInHand": 7.9587141950404465,
    "avgMaxPipCluster": 2.354989055156566,
    "avgHandEntropy": 2.6390789593178194,
    "avgMoveValueSpread": 3.2097152172933563,
    "avgNearOptimalFraction": 0.8077034646782054,
    "avgOwnTrailPlayRate": 0,
    "avgShieldsDownRate": 0.029118526772623308
  },
  "skillIndicators": 3,
  "timestamp": "2026-07-19T02:32:02.193Z",
  "durationSeconds": 3.629
}