{
  "warpFactor": 18,
  "playerCount": 6,
  "moduleConfig": "zeta",
  "moduleLabel": "Module Zeta (Squadrons)",
  "zetaOmitted": false,
  "games": 500,
  "objective": "go-out",
  "summary": {
    "games": 500,
    "playerCount": 6,
    "maxPip": 18,
    "objective": "go-out",
    "avgLegalMovesPerTurn": 1.627278093330466,
    "avgUniqueTrainsPerTurn": 0.8548421146913163,
    "avgConstrainedTileFraction": 0.5822003837052235,
    "avgUniquePipsInHand": 8.271148740665684,
    "avgMaxPipCluster": 2.2273573992155526,
    "avgHandEntropy": 2.7073652702654822,
    "avgMoveValueSpread": 3.0623021996121027,
    "avgNearOptimalFraction": 0.8464660690800277,
    "avgOwnTrailPlayRate": 0,
    "avgShieldsDownRate": 0.024583300103676528
  },
  "skillIndicators": 3,
  "timestamp": "2026-07-19T02:34:11.361Z",
  "durationSeconds": 5.353
}