{
  "warpFactor": 18,
  "playerCount": 16,
  "moduleConfig": "all",
  "moduleLabel": "All Modules (stress test)",
  "zetaOmitted": false,
  "games": 500,
  "objective": "go-out",
  "summary": {
    "games": 500,
    "playerCount": 16,
    "maxPip": 18,
    "objective": "go-out",
    "avgLegalMovesPerTurn": 2.152648204200378,
    "avgUniqueTrainsPerTurn": 0.9534827036261838,
    "avgConstrainedTileFraction": 0.537492830705446,
    "avgUniquePipsInHand": 7.942842984614655,
    "avgMaxPipCluster": 2.0800610207100547,
    "avgHandEntropy": 2.7281528708742564,
    "avgMoveValueSpread": 3.9454543955136074,
    "avgNearOptimalFraction": 0.8146021045729395,
    "avgOwnTrailPlayRate": 0,
    "avgShieldsDownRate": 0.11030796980426213
  },
  "skillIndicators": 3,
  "timestamp": "2026-07-19T02:35:00.791Z",
  "durationSeconds": 10.706
}