{
  "warpFactor": 15,
  "playerCount": 3,
  "moduleConfig": "lambda",
  "moduleLabel": "Module Lambda (Wormholes)",
  "zetaOmitted": false,
  "games": 500,
  "objective": "go-out",
  "summary": {
    "games": 500,
    "playerCount": 3,
    "maxPip": 15,
    "objective": "go-out",
    "avgLegalMovesPerTurn": 1.7790822902902723,
    "avgUniqueTrainsPerTurn": 0.84821734997502,
    "avgConstrainedTileFraction": 0.5623830416814383,
    "avgUniquePipsInHand": 8.260970723203382,
    "avgMaxPipCluster": 2.5047752544490653,
    "avgHandEntropy": 2.688534816790815,
    "avgMoveValueSpread": 2.917241307748677,
    "avgNearOptimalFraction": 0.8295174912106743,
    "avgOwnTrailPlayRate": 0,
    "avgShieldsDownRate": 0.040712738675773
  },
  "skillIndicators": 3,
  "timestamp": "2026-07-19T02:31:40.420Z",
  "durationSeconds": 2.802
}