{
  "warpFactor": 18,
  "playerCount": 4,
  "moduleConfig": "theta",
  "moduleLabel": "Module Theta (Longest Trail)",
  "zetaOmitted": false,
  "games": 500,
  "objective": "go-out",
  "summary": {
    "games": 500,
    "playerCount": 4,
    "maxPip": 18,
    "objective": "go-out",
    "avgLegalMovesPerTurn": 1.8190179317697763,
    "avgUniqueTrainsPerTurn": 0.863741800061838,
    "avgConstrainedTileFraction": 0.564335835484202,
    "avgUniquePipsInHand": 9.017412973953698,
    "avgMaxPipCluster": 2.43918048375142,
    "avgHandEntropy": 2.8050753953662646,
    "avgMoveValueSpread": 3.549834383092951,
    "avgNearOptimalFraction": 0.8273277631516752,
    "avgOwnTrailPlayRate": 0,
    "avgShieldsDownRate": 0.05314518906620187
  },
  "skillIndicators": 3,
  "timestamp": "2026-07-19T02:33:40.781Z",
  "durationSeconds": 3.887
}