{
  "warpFactor": 12,
  "playerCount": 6,
  "moduleConfig": "gamma",
  "moduleLabel": "Module Gamma (Sensor Grid)",
  "zetaOmitted": false,
  "games": 500,
  "objective": "go-out",
  "summary": {
    "games": 500,
    "playerCount": 6,
    "maxPip": 12,
    "objective": "go-out",
    "avgLegalMovesPerTurn": 2.5057746602953666,
    "avgUniqueTrainsPerTurn": 1.1897236859297449,
    "avgConstrainedTileFraction": 0.6207577621924575,
    "avgUniquePipsInHand": 7.9828734847471265,
    "avgMaxPipCluster": 2.669742656306406,
    "avgHandEntropy": 2.6496880569332575,
    "avgMoveValueSpread": 3.9336489062173046,
    "avgNearOptimalFraction": 0.7244823353474387,
    "avgOwnTrailPlayRate": 0,
    "avgShieldsDownRate": 0.12000185331047583
  },
  "skillIndicators": 3,
  "timestamp": "2026-07-19T02:31:21.937Z",
  "durationSeconds": 2.13
}