{
  "warpFactor": 12,
  "playerCount": 2,
  "moduleConfig": "delta",
  "moduleLabel": "Module Delta (Warp Drive Spool)",
  "zetaOmitted": false,
  "games": 500,
  "objective": "go-out",
  "summary": {
    "games": 500,
    "playerCount": 2,
    "maxPip": 12,
    "objective": "go-out",
    "avgLegalMovesPerTurn": 1.8480620775135947,
    "avgUniqueTrainsPerTurn": 0.8870489872269516,
    "avgConstrainedTileFraction": 0.604058675513365,
    "avgUniquePipsInHand": 7.442010903349303,
    "avgMaxPipCluster": 2.9027158837178457,
    "avgHandEntropy": 2.5582871138578724,
    "avgMoveValueSpread": 2.5123248395797266,
    "avgNearOptimalFraction": 0.8053363821339189,
    "avgOwnTrailPlayRate": 0,
    "avgShieldsDownRate": 0.06524576789720579
  },
  "skillIndicators": 3,
  "timestamp": "2026-07-19T02:31:17.636Z",
  "durationSeconds": 17.834
}