{
  "warpFactor": 12,
  "playerCount": 4,
  "moduleConfig": "zeta",
  "moduleLabel": "Module Zeta (Squadrons)",
  "zetaOmitted": false,
  "games": 500,
  "objective": "go-out",
  "summary": {
    "games": 500,
    "playerCount": 4,
    "maxPip": 12,
    "objective": "go-out",
    "avgLegalMovesPerTurn": 2.0603650975962373,
    "avgUniqueTrainsPerTurn": 1.0704307172701715,
    "avgConstrainedTileFraction": 0.6471814154368969,
    "avgUniquePipsInHand": 7.5911281577558025,
    "avgMaxPipCluster": 2.635019505161619,
    "avgHandEntropy": 2.5373000992494235,
    "avgMoveValueSpread": 3.3297446342391597,
    "avgNearOptimalFraction": 0.7596524975364253,
    "avgOwnTrailPlayRate": 0,
    "avgShieldsDownRate": 0.021426480632256807
  },
  "skillIndicators": 3,
  "timestamp": "2026-07-19T02:31:18.185Z",
  "durationSeconds": 2.486
}