{
  "warpFactor": 15,
  "playerCount": 8,
  "moduleConfig": "none",
  "moduleLabel": "Baseline (no modules)",
  "zetaOmitted": false,
  "games": 500,
  "objective": "go-out",
  "summary": {
    "games": 500,
    "playerCount": 8,
    "maxPip": 15,
    "objective": "go-out",
    "avgLegalMovesPerTurn": 2.327446417475713,
    "avgUniqueTrainsPerTurn": 1.0611808780481689,
    "avgConstrainedTileFraction": 0.5777080245901498,
    "avgUniquePipsInHand": 8.107289855454798,
    "avgMaxPipCluster": 2.364820533617652,
    "avgHandEntropy": 2.687693875041577,
    "avgMoveValueSpread": 3.944351166094723,
    "avgNearOptimalFraction": 0.7774030966312567,
    "avgOwnTrailPlayRate": 0,
    "avgShieldsDownRate": 0.16949898740864666
  },
  "skillIndicators": 3,
  "timestamp": "2026-07-19T02:32:05.095Z",
  "durationSeconds": 2.886
}