{
  "warpFactor": 15,
  "playerCount": 3,
  "moduleConfig": "delta",
  "moduleLabel": "Module Delta (Warp Drive Spool)",
  "zetaOmitted": false,
  "games": 500,
  "objective": "go-out",
  "summary": {
    "games": 500,
    "playerCount": 3,
    "maxPip": 15,
    "objective": "go-out",
    "avgLegalMovesPerTurn": 1.846136828595167,
    "avgUniqueTrainsPerTurn": 0.8830692703421558,
    "avgConstrainedTileFraction": 0.5791722349440536,
    "avgUniquePipsInHand": 8.395539072119666,
    "avgMaxPipCluster": 2.5413578637517062,
    "avgHandEntropy": 2.709313066081777,
    "avgMoveValueSpread": 3.1518536381481495,
    "avgNearOptimalFraction": 0.8171062655219252,
    "avgOwnTrailPlayRate": 0,
    "avgShieldsDownRate": 0.038857576414480816
  },
  "skillIndicators": 3,
  "timestamp": "2026-07-19T02:31:36.609Z",
  "durationSeconds": 2.295
}