{
  "warpFactor": 12,
  "playerCount": 3,
  "moduleConfig": "beta",
  "moduleLabel": "Module Beta (Salamander Penalty)",
  "zetaOmitted": false,
  "games": 500,
  "objective": "go-out",
  "summary": {
    "games": 500,
    "playerCount": 3,
    "maxPip": 12,
    "objective": "go-out",
    "avgLegalMovesPerTurn": 2.0817193039818047,
    "avgUniqueTrainsPerTurn": 1.024408930579234,
    "avgConstrainedTileFraction": 0.6196007055206554,
    "avgUniquePipsInHand": 7.563133897962433,
    "avgMaxPipCluster": 2.636586315425628,
    "avgHandEntropy": 2.555522436197689,
    "avgMoveValueSpread": 3.213891973974625,
    "avgNearOptimalFraction": 0.7717522500564229,
    "avgOwnTrailPlayRate": 0,
    "avgShieldsDownRate": 0.04810893236829106
  },
  "skillIndicators": 3,
  "timestamp": "2026-07-19T02:31:05.578Z",
  "durationSeconds": 1.528
}