{
  "warpFactor": 12,
  "playerCount": 8,
  "moduleConfig": "official",
  "moduleLabel": "Official Warp 12 Preset",
  "zetaOmitted": false,
  "games": 500,
  "objective": "go-out",
  "summary": {
    "games": 500,
    "playerCount": 8,
    "maxPip": 12,
    "objective": "go-out",
    "avgLegalMovesPerTurn": 2.6108954653695426,
    "avgUniqueTrainsPerTurn": 1.1234049566485886,
    "avgConstrainedTileFraction": 0.5550100208388754,
    "avgUniquePipsInHand": 7.411933988788156,
    "avgMaxPipCluster": 2.4706761335334715,
    "avgHandEntropy": 2.5318003539188267,
    "avgMoveValueSpread": 3.692661687812984,
    "avgNearOptimalFraction": 0.7459070539554523,
    "avgOwnTrailPlayRate": 0,
    "avgShieldsDownRate": 0.15793612002465096
  },
  "skillIndicators": 3,
  "timestamp": "2026-07-19T02:31:29.157Z",
  "durationSeconds": 2.854
}