{
  "warpFactor": 18,
  "playerCount": 18,
  "moduleConfig": "alpha",
  "moduleLabel": "Module Alpha (Continuum)",
  "zetaOmitted": false,
  "games": 500,
  "objective": "go-out",
  "summary": {
    "games": 500,
    "playerCount": 18,
    "maxPip": 18,
    "objective": "go-out",
    "avgLegalMovesPerTurn": 2.668388827921273,
    "avgUniqueTrainsPerTurn": 0.9527131195351645,
    "avgConstrainedTileFraction": 0.5040751494975797,
    "avgUniquePipsInHand": 7.503048343632907,
    "avgMaxPipCluster": 2.0040147252484184,
    "avgHandEntropy": 2.6671464538026486,
    "avgMoveValueSpread": 3.4661790314947103,
    "avgNearOptimalFraction": 0.8353782758526682,
    "avgOwnTrailPlayRate": 0,
    "avgShieldsDownRate": 0.49248393838532395
  },
  "skillIndicators": 3,
  "timestamp": "2026-07-19T02:35:01.491Z",
  "durationSeconds": 5.566
}