{
  "warpFactor": 12,
  "playerCount": 4,
  "moduleConfig": "all",
  "moduleLabel": "All Modules (stress test)",
  "zetaOmitted": false,
  "games": 500,
  "objective": "go-out",
  "summary": {
    "games": 500,
    "playerCount": 4,
    "maxPip": 12,
    "objective": "go-out",
    "avgLegalMovesPerTurn": 2.9870074317887214,
    "avgUniqueTrainsPerTurn": 1.4191401368053675,
    "avgConstrainedTileFraction": 0.6850593140656602,
    "avgUniquePipsInHand": 10.265819345816666,
    "avgMaxPipCluster": 3.614729673446617,
    "avgHandEntropy": 3.008606760433849,
    "avgMoveValueSpread": 5.434133899129669,
    "avgNearOptimalFraction": 0.6165885359165296,
    "avgOwnTrailPlayRate": 0,
    "avgShieldsDownRate": 0.04553422370617696
  },
  "skillIndicators": 3,
  "timestamp": "2026-07-19T02:31:17.247Z",
  "durationSeconds": 1.606
}