{
  "warpFactor": 15,
  "playerCount": 6,
  "moduleConfig": "none",
  "moduleLabel": "Baseline (no modules)",
  "zetaOmitted": false,
  "games": 500,
  "objective": "go-out",
  "summary": {
    "games": 500,
    "playerCount": 6,
    "maxPip": 15,
    "objective": "go-out",
    "avgLegalMovesPerTurn": 2.1862489012895057,
    "avgUniqueTrainsPerTurn": 1.0353998622503238,
    "avgConstrainedTileFraction": 0.5934581378449858,
    "avgUniquePipsInHand": 8.31788748081756,
    "avgMaxPipCluster": 2.4610310259665984,
    "avgHandEntropy": 2.699620592225453,
    "avgMoveValueSpread": 3.8593742449089534,
    "avgNearOptimalFraction": 0.7796899491386505,
    "avgOwnTrailPlayRate": 0,
    "avgShieldsDownRate": 0.10702025981019048
  },
  "skillIndicators": 3,
  "timestamp": "2026-07-19T02:31:57.698Z",
  "durationSeconds": 2.461
}