{
  "warpFactor": 12,
  "playerCount": 5,
  "moduleConfig": "beta",
  "moduleLabel": "Module Beta (Salamander Penalty)",
  "zetaOmitted": false,
  "games": 500,
  "objective": "go-out",
  "summary": {
    "games": 500,
    "playerCount": 5,
    "maxPip": 12,
    "objective": "go-out",
    "avgLegalMovesPerTurn": 2.3049271513902037,
    "avgUniqueTrainsPerTurn": 1.1323730262049179,
    "avgConstrainedTileFraction": 0.6206133424550696,
    "avgUniquePipsInHand": 7.6472421629086185,
    "avgMaxPipCluster": 2.5830786552768554,
    "avgHandEntropy": 2.5835492539112885,
    "avgMoveValueSpread": 3.5282741376963846,
    "avgNearOptimalFraction": 0.7500714546125321,
    "avgOwnTrailPlayRate": 0,
    "avgShieldsDownRate": 0.10169851380042463
  },
  "skillIndicators": 3,
  "timestamp": "2026-07-19T02:31:18.790Z",
  "durationSeconds": 2.029
}