{
  "warpFactor": 12,
  "playerCount": 7,
  "moduleConfig": "gamma",
  "moduleLabel": "Module Gamma (Sensor Grid)",
  "zetaOmitted": false,
  "games": 500,
  "objective": "go-out",
  "summary": {
    "games": 500,
    "playerCount": 7,
    "maxPip": 12,
    "objective": "go-out",
    "avgLegalMovesPerTurn": 2.466254373155326,
    "avgUniqueTrainsPerTurn": 1.141300026326475,
    "avgConstrainedTileFraction": 0.5807195023177875,
    "avgUniquePipsInHand": 7.558252312804803,
    "avgMaxPipCluster": 2.5044643923339103,
    "avgHandEntropy": 2.5835109506363465,
    "avgMoveValueSpread": 3.5852906493542736,
    "avgNearOptimalFraction": 0.751744787805587,
    "avgOwnTrailPlayRate": 0,
    "avgShieldsDownRate": 0.15598457425414627
  },
  "skillIndicators": 3,
  "timestamp": "2026-07-19T02:31:24.451Z",
  "durationSeconds": 2.12
}