{
  "warpFactor": 18,
  "playerCount": 2,
  "moduleConfig": "eta",
  "moduleLabel": "Module Eta (Temporal Debt)",
  "zetaOmitted": false,
  "games": 500,
  "objective": "go-out",
  "summary": {
    "games": 500,
    "playerCount": 2,
    "maxPip": 18,
    "objective": "go-out",
    "avgLegalMovesPerTurn": 1.509866076119429,
    "avgUniqueTrainsPerTurn": 0.6418275751408213,
    "avgConstrainedTileFraction": 0.5090662257885308,
    "avgUniquePipsInHand": 10.100192350193414,
    "avgMaxPipCluster": 3.069911032662213,
    "avgHandEntropy": 3.0081430117971353,
    "avgMoveValueSpread": 2.2976165286704497,
    "avgNearOptimalFraction": 0.8729567749188556,
    "avgOwnTrailPlayRate": 0,
    "avgShieldsDownRate": 0.02255202887307316
  },
  "skillIndicators": 3,
  "timestamp": "2026-07-19T02:34:05.642Z",
  "durationSeconds": 42.721
}