{
  "warpFactor": 12,
  "playerCount": 7,
  "moduleConfig": "mu",
  "moduleLabel": "Subspace Fracture (Own Trail)",
  "zetaOmitted": false,
  "games": 500,
  "objective": "go-out",
  "summary": {
    "games": 500,
    "playerCount": 7,
    "maxPip": 12,
    "objective": "go-out",
    "avgLegalMovesPerTurn": 2.5129324616342483,
    "avgUniqueTrainsPerTurn": 1.0643865798550303,
    "avgConstrainedTileFraction": 0.5642533046570717,
    "avgUniquePipsInHand": 7.375711830344152,
    "avgMaxPipCluster": 2.450671404291807,
    "avgHandEntropy": 2.5422984476974904,
    "avgMoveValueSpread": 3.5890295509125427,
    "avgNearOptimalFraction": 0.7553214626146556,
    "avgOwnTrailPlayRate": 0,
    "avgShieldsDownRate": 0.15063908122921155
  },
  "skillIndicators": 3,
  "timestamp": "2026-07-19T02:31:27.393Z",
  "durationSeconds": 2.774
}