{
  "warpFactor": 15,
  "playerCount": 10,
  "moduleConfig": "eta",
  "moduleLabel": "Module Eta (Temporal Debt)",
  "zetaOmitted": false,
  "games": 500,
  "objective": "go-out",
  "summary": {
    "games": 500,
    "playerCount": 10,
    "maxPip": 15,
    "objective": "go-out",
    "avgLegalMovesPerTurn": 2.477013830104945,
    "avgUniqueTrainsPerTurn": 1.0709892049222873,
    "avgConstrainedTileFraction": 0.5611023773607342,
    "avgUniquePipsInHand": 7.937505648114804,
    "avgMaxPipCluster": 2.2995028744183235,
    "avgHandEntropy": 2.6732159202810206,
    "avgMoveValueSpread": 3.976675481710455,
    "avgNearOptimalFraction": 0.7788773210002893,
    "avgOwnTrailPlayRate": 0,
    "avgShieldsDownRate": 0.21001867365643898
  },
  "skillIndicators": 3,
  "timestamp": "2026-07-19T02:32:12.269Z",
  "durationSeconds": 2.782
}