{
  "warpFactor": 15,
  "playerCount": 6,
  "moduleConfig": "mu",
  "moduleLabel": "Subspace Fracture (Own Trail)",
  "zetaOmitted": false,
  "games": 500,
  "objective": "go-out",
  "summary": {
    "games": 500,
    "playerCount": 6,
    "maxPip": 15,
    "objective": "go-out",
    "avgLegalMovesPerTurn": 2.192063352356065,
    "avgUniqueTrainsPerTurn": 0.9511879594308016,
    "avgConstrainedTileFraction": 0.5587991472186676,
    "avgUniquePipsInHand": 8.159937313415272,
    "avgMaxPipCluster": 2.4336646103747155,
    "avgHandEntropy": 2.670224749675379,
    "avgMoveValueSpread": 3.800005021471313,
    "avgNearOptimalFraction": 0.7871989085652021,
    "avgOwnTrailPlayRate": 0,
    "avgShieldsDownRate": 0.09698633898537791
  },
  "skillIndicators": 3,
  "timestamp": "2026-07-19T02:32:01.813Z",
  "durationSeconds": 3.747
}