{
  "warpFactor": 18,
  "playerCount": 16,
  "moduleConfig": "kappa",
  "moduleLabel": "Module Kappa (Temporal Inversion)",
  "zetaOmitted": false,
  "games": 500,
  "objective": "go-out",
  "summary": {
    "games": 500,
    "playerCount": 16,
    "maxPip": 18,
    "objective": "go-out",
    "avgLegalMovesPerTurn": 2.666026895923648,
    "avgUniqueTrainsPerTurn": 0.9950437092484756,
    "avgConstrainedTileFraction": 0.5153956481039743,
    "avgUniquePipsInHand": 8.095765026315677,
    "avgMaxPipCluster": 2.11583370130687,
    "avgHandEntropy": 2.756803863906566,
    "avgMoveValueSpread": 3.8613536439177083,
    "avgNearOptimalFraction": 0.8197204986796305,
    "avgOwnTrailPlayRate": 0,
    "avgShieldsDownRate": 0.42096259651393964
  },
  "skillIndicators": 3,
  "timestamp": "2026-07-19T02:34:54.023Z",
  "durationSeconds": 5.482
}