{
  "warpFactor": 18,
  "playerCount": 3,
  "moduleConfig": "gamma",
  "moduleLabel": "Module Gamma (Sensor Grid)",
  "zetaOmitted": false,
  "games": 500,
  "objective": "go-out",
  "summary": {
    "games": 500,
    "playerCount": 3,
    "maxPip": 18,
    "objective": "go-out",
    "avgLegalMovesPerTurn": 1.6274405967435646,
    "avgUniqueTrainsPerTurn": 0.7537981219155305,
    "avgConstrainedTileFraction": 0.5295719599791464,
    "avgUniquePipsInHand": 9.10900522313434,
    "avgMaxPipCluster": 2.4822571486627085,
    "avgHandEntropy": 2.83644910830198,
    "avgMoveValueSpread": 2.8761685506653207,
    "avgNearOptimalFraction": 0.8565265763817461,
    "avgOwnTrailPlayRate": 0,
    "avgShieldsDownRate": 0.03299841805977169
  },
  "skillIndicators": 3,
  "timestamp": "2026-07-19T02:33:27.488Z",
  "durationSeconds": 4.549
}