{
  "warpFactor": 12,
  "playerCount": 6,
  "moduleConfig": "kappa",
  "moduleLabel": "Module Kappa (Temporal Inversion)",
  "zetaOmitted": false,
  "games": 500,
  "objective": "go-out",
  "summary": {
    "games": 500,
    "playerCount": 6,
    "maxPip": 12,
    "objective": "go-out",
    "avgLegalMovesPerTurn": 2.6518326904092886,
    "avgUniqueTrainsPerTurn": 1.236838264059567,
    "avgConstrainedTileFraction": 0.5659439105583499,
    "avgUniquePipsInHand": 8.364258623659227,
    "avgMaxPipCluster": 2.8107563964041864,
    "avgHandEntropy": 2.710725050944999,
    "avgMoveValueSpread": 3.857235469408238,
    "avgNearOptimalFraction": 0.7276809039658264,
    "avgOwnTrailPlayRate": 0,
    "avgShieldsDownRate": 0.12226655611980516
  },
  "skillIndicators": 3,
  "timestamp": "2026-07-19T02:31:22.827Z",
  "durationSeconds": 2.021
}