{
  "warpFactor": 18,
  "playerCount": 17,
  "moduleConfig": "beta",
  "moduleLabel": "Module Beta (Salamander Penalty)",
  "zetaOmitted": false,
  "games": 500,
  "objective": "go-out",
  "summary": {
    "games": 500,
    "playerCount": 17,
    "maxPip": 18,
    "objective": "go-out",
    "avgLegalMovesPerTurn": 2.5871252941941423,
    "avgUniqueTrainsPerTurn": 0.9444731631603531,
    "avgConstrainedTileFraction": 0.5044985809375986,
    "avgUniquePipsInHand": 7.493663491952682,
    "avgMaxPipCluster": 2.0112320866489117,
    "avgHandEntropy": 2.663050969499175,
    "avgMoveValueSpread": 3.3808775007786007,
    "avgNearOptimalFraction": 0.8395157344071084,
    "avgOwnTrailPlayRate": 0,
    "avgShieldsDownRate": 0.48897391192044426
  },
  "skillIndicators": 3,
  "timestamp": "2026-07-19T02:34:56.358Z",
  "durationSeconds": 5.108
}