{
  "warpFactor": 15,
  "playerCount": 12,
  "moduleConfig": "official",
  "moduleLabel": "Official Warp 12 Preset",
  "zetaOmitted": false,
  "games": 500,
  "objective": "go-out",
  "summary": {
    "games": 500,
    "playerCount": 12,
    "maxPip": 15,
    "objective": "go-out",
    "avgLegalMovesPerTurn": 2.594212671076532,
    "avgUniqueTrainsPerTurn": 1.0220001495656728,
    "avgConstrainedTileFraction": 0.5223588614363185,
    "avgUniquePipsInHand": 7.435022479323401,
    "avgMaxPipCluster": 2.169804447405608,
    "avgHandEntropy": 2.57325296684005,
    "avgMoveValueSpread": 3.6992842426458066,
    "avgNearOptimalFraction": 0.7948713636572203,
    "avgOwnTrailPlayRate": 0,
    "avgShieldsDownRate": 0.25895633041565025
  },
  "skillIndicators": 3,
  "timestamp": "2026-07-19T02:32:22.899Z",
  "durationSeconds": 4.467
}