{
  "warpFactor": 12,
  "playerCount": 6,
  "moduleConfig": "zeta",
  "moduleLabel": "Module Zeta (Squadrons)",
  "zetaOmitted": false,
  "games": 500,
  "objective": "go-out",
  "summary": {
    "games": 500,
    "playerCount": 6,
    "maxPip": 12,
    "objective": "go-out",
    "avgLegalMovesPerTurn": 2.106326652899518,
    "avgUniqueTrainsPerTurn": 1.142637585781453,
    "avgConstrainedTileFraction": 0.6637554167610541,
    "avgUniquePipsInHand": 7.56316234296657,
    "avgMaxPipCluster": 2.531577575918689,
    "avgHandEntropy": 2.553584838994216,
    "avgMoveValueSpread": 3.434315226215142,
    "avgNearOptimalFraction": 0.7495380411001391,
    "avgOwnTrailPlayRate": 0,
    "avgShieldsDownRate": 0.03763205601050197
  },
  "skillIndicators": 3,
  "timestamp": "2026-07-19T02:31:24.962Z",
  "durationSeconds": 2.666
}