{
  "warpFactor": 9,
  "playerCount": 4,
  "moduleConfig": "iota",
  "moduleLabel": "Module Iota (Double Down)",
  "zetaOmitted": false,
  "games": 500,
  "objective": "go-out",
  "summary": {
    "games": 500,
    "playerCount": 4,
    "maxPip": 9,
    "objective": "go-out",
    "avgLegalMovesPerTurn": 2.053195158389138,
    "avgUniqueTrainsPerTurn": 1.0588226884770857,
    "avgConstrainedTileFraction": 0.5646329814046501,
    "avgUniquePipsInHand": 5.80841839629724,
    "avgMaxPipCluster": 2.335537524738644,
    "avgHandEntropy": 2.2277149783711327,
    "avgMoveValueSpread": 2.0528634633235074,
    "avgNearOptimalFraction": 0.8006894297145412,
    "avgOwnTrailPlayRate": 0,
    "avgShieldsDownRate": 0.15317330351080402
  },
  "skillIndicators": 3,
  "timestamp": "2026-07-19T02:30:57.443Z",
  "durationSeconds": 0.659
}