{
  "warpFactor": 12,
  "playerCount": 5,
  "moduleConfig": "none",
  "moduleLabel": "Baseline (no modules)",
  "zetaOmitted": false,
  "games": 500,
  "objective": "go-out",
  "summary": {
    "games": 500,
    "playerCount": 5,
    "maxPip": 12,
    "objective": "go-out",
    "avgLegalMovesPerTurn": 2.3074594096471084,
    "avgUniqueTrainsPerTurn": 1.1275917977283705,
    "avgConstrainedTileFraction": 0.6164239981803229,
    "avgUniquePipsInHand": 7.628970039079545,
    "avgMaxPipCluster": 2.5763176755142667,
    "avgHandEntropy": 2.579787683023464,
    "avgMoveValueSpread": 3.5297777738508342,
    "avgNearOptimalFraction": 0.7508488054427004,
    "avgOwnTrailPlayRate": 0,
    "avgShieldsDownRate": 0.10022406871440576
  },
  "skillIndicators": 3,
  "timestamp": "2026-07-19T02:31:17.622Z",
  "durationSeconds": 1.977
}