{
  "warpFactor": 12,
  "playerCount": 5,
  "moduleConfig": "mu",
  "moduleLabel": "Subspace Fracture (Own Trail)",
  "zetaOmitted": false,
  "games": 500,
  "objective": "go-out",
  "summary": {
    "games": 500,
    "playerCount": 5,
    "maxPip": 12,
    "objective": "go-out",
    "avgLegalMovesPerTurn": 2.295948382711555,
    "avgUniqueTrainsPerTurn": 1.022837694048532,
    "avgConstrainedTileFraction": 0.5833530294430708,
    "avgUniquePipsInHand": 7.48615973710057,
    "avgMaxPipCluster": 2.573367453700787,
    "avgHandEntropy": 2.544552415084727,
    "avgMoveValueSpread": 3.3711664992304353,
    "avgNearOptimalFraction": 0.7643989942175254,
    "avgOwnTrailPlayRate": 0,
    "avgShieldsDownRate": 0.09256231708547785
  },
  "skillIndicators": 3,
  "timestamp": "2026-07-19T02:31:20.944Z",
  "durationSeconds": 2.305
}