{
  "warpFactor": 15,
  "playerCount": 8,
  "moduleConfig": "iota",
  "moduleLabel": "Module Iota (Double Down)",
  "zetaOmitted": false,
  "games": 500,
  "objective": "go-out",
  "summary": {
    "games": 500,
    "playerCount": 8,
    "maxPip": 15,
    "objective": "go-out",
    "avgLegalMovesPerTurn": 2.4033787721527444,
    "avgUniqueTrainsPerTurn": 1.0846755730205506,
    "avgConstrainedTileFraction": 0.5941392022217449,
    "avgUniquePipsInHand": 8.309517866568543,
    "avgMaxPipCluster": 2.422104874867631,
    "avgHandEntropy": 2.7197725984590315,
    "avgMoveValueSpread": 4.233124195834788,
    "avgNearOptimalFraction": 0.763144641776913,
    "avgOwnTrailPlayRate": 0,
    "avgShieldsDownRate": 0.15012141350885042
  },
  "skillIndicators": 3,
  "timestamp": "2026-07-19T02:32:06.968Z",
  "durationSeconds": 3.24
}