{
  "warpFactor": 18,
  "playerCount": 8,
  "moduleConfig": "beta",
  "moduleLabel": "Module Beta (Salamander Penalty)",
  "zetaOmitted": false,
  "games": 500,
  "objective": "go-out",
  "summary": {
    "games": 500,
    "playerCount": 8,
    "maxPip": 18,
    "objective": "go-out",
    "avgLegalMovesPerTurn": 2.16422248938242,
    "avgUniqueTrainsPerTurn": 0.9862728567460768,
    "avgConstrainedTileFraction": 0.5695974388876983,
    "avgUniquePipsInHand": 8.659530433027964,
    "avgMaxPipCluster": 2.2814616208829777,
    "avgHandEntropy": 2.789078786407954,
    "avgMoveValueSpread": 4.1457860587678175,
    "avgNearOptimalFraction": 0.8049421833909536,
    "avgOwnTrailPlayRate": 0,
    "avgShieldsDownRate": 0.20174216027874564
  },
  "skillIndicators": 3,
  "timestamp": "2026-07-19T02:34:15.081Z",
  "durationSeconds": 3.342
}