{
  "warpFactor": 12,
  "playerCount": 5,
  "moduleConfig": "gamma",
  "moduleLabel": "Module Gamma (Sensor Grid)",
  "zetaOmitted": false,
  "games": 500,
  "objective": "go-out",
  "summary": {
    "games": 500,
    "playerCount": 5,
    "maxPip": 12,
    "objective": "go-out",
    "avgLegalMovesPerTurn": 2.3169449560571467,
    "avgUniqueTrainsPerTurn": 1.124693024810977,
    "avgConstrainedTileFraction": 0.6152455109131636,
    "avgUniquePipsInHand": 7.643609833280552,
    "avgMaxPipCluster": 2.5949254798844312,
    "avgHandEntropy": 2.582272366666805,
    "avgMoveValueSpread": 3.507595755053309,
    "avgNearOptimalFraction": 0.7518162325140576,
    "avgOwnTrailPlayRate": 0,
    "avgShieldsDownRate": 0.1038886359824616
  },
  "skillIndicators": 3,
  "timestamp": "2026-07-19T02:31:19.424Z",
  "durationSeconds": 1.978
}