{
  "warpFactor": 12,
  "playerCount": 2,
  "moduleConfig": "all",
  "moduleLabel": "All Modules (stress test) (Zeta omitted — fleet too small/uneven)",
  "zetaOmitted": true,
  "games": 500,
  "objective": "go-out",
  "summary": {
    "games": 500,
    "playerCount": 2,
    "maxPip": 12,
    "objective": "go-out",
    "avgLegalMovesPerTurn": 3.2074921814932336,
    "avgUniqueTrainsPerTurn": 1.4835434206321623,
    "avgConstrainedTileFraction": 0.5832773563882521,
    "avgUniquePipsInHand": 11.261570582337274,
    "avgMaxPipCluster": 4.146657332134477,
    "avgHandEntropy": 3.183622930458477,
    "avgMoveValueSpread": 5.152596766951718,
    "avgNearOptimalFraction": 0.6225176488405386,
    "avgOwnTrailPlayRate": 0,
    "avgShieldsDownRate": 0.2391082368958475
  },
  "skillIndicators": 4,
  "timestamp": "2026-07-19T02:31:07.210Z",
  "durationSeconds": 5.412
}