{
  "warpFactor": 18,
  "playerCount": 8,
  "moduleConfig": "gamma",
  "moduleLabel": "Module Gamma (Sensor Grid)",
  "zetaOmitted": false,
  "games": 500,
  "objective": "go-out",
  "summary": {
    "games": 500,
    "playerCount": 8,
    "maxPip": 18,
    "objective": "go-out",
    "avgLegalMovesPerTurn": 2.1442799810617847,
    "avgUniqueTrainsPerTurn": 0.9776495987800565,
    "avgConstrainedTileFraction": 0.5669564196395475,
    "avgUniquePipsInHand": 8.59362878970917,
    "avgMaxPipCluster": 2.2661196934020853,
    "avgHandEntropy": 2.776683519805889,
    "avgMoveValueSpread": 4.0519577139148675,
    "avgNearOptimalFraction": 0.808024042624508,
    "avgOwnTrailPlayRate": 0,
    "avgShieldsDownRate": 0.1971858134155744
  },
  "skillIndicators": 3,
  "timestamp": "2026-07-19T02:34:16.204Z",
  "durationSeconds": 3.634
}