{
  "warpFactor": 18,
  "playerCount": 3,
  "moduleConfig": "alpha",
  "moduleLabel": "Module Alpha (Continuum)",
  "zetaOmitted": false,
  "games": 500,
  "objective": "go-out",
  "summary": {
    "games": 500,
    "playerCount": 3,
    "maxPip": 18,
    "objective": "go-out",
    "avgLegalMovesPerTurn": 1.6110701722702867,
    "avgUniqueTrainsPerTurn": 0.745416709528441,
    "avgConstrainedTileFraction": 0.5281584862981147,
    "avgUniquePipsInHand": 9.063261111513743,
    "avgMaxPipCluster": 2.488478947591027,
    "avgHandEntropy": 2.8271558556077303,
    "avgMoveValueSpread": 2.7962430977424764,
    "avgNearOptimalFraction": 0.8599581699620471,
    "avgOwnTrailPlayRate": 0,
    "avgShieldsDownRate": 0.032351684496505245
  },
  "skillIndicators": 3,
  "timestamp": "2026-07-19T02:33:27.581Z",
  "durationSeconds": 4.66
}