{
  "warpFactor": 18,
  "playerCount": 2,
  "moduleConfig": "beta",
  "moduleLabel": "Module Beta (Salamander Penalty)",
  "zetaOmitted": false,
  "games": 500,
  "objective": "go-out",
  "summary": {
    "games": 500,
    "playerCount": 2,
    "maxPip": 18,
    "objective": "go-out",
    "avgLegalMovesPerTurn": 1.505072451458985,
    "avgUniqueTrainsPerTurn": 0.6390338298859782,
    "avgConstrainedTileFraction": 0.5083137152553945,
    "avgUniquePipsInHand": 10.114493588842517,
    "avgMaxPipCluster": 3.072535878109188,
    "avgHandEntropy": 3.0046014548299222,
    "avgMoveValueSpread": 2.300230058395408,
    "avgNearOptimalFraction": 0.873443130368271,
    "avgOwnTrailPlayRate": 0,
    "avgShieldsDownRate": 0.026253599174227198
  },
  "skillIndicators": 3,
  "timestamp": "2026-07-19T02:34:09.790Z",
  "durationSeconds": 46.868
}