{
  "warpFactor": 18,
  "playerCount": 5,
  "moduleConfig": "beta",
  "moduleLabel": "Module Beta (Salamander Penalty)",
  "zetaOmitted": false,
  "games": 500,
  "objective": "go-out",
  "summary": {
    "games": 500,
    "playerCount": 5,
    "maxPip": 18,
    "objective": "go-out",
    "avgLegalMovesPerTurn": 1.8352266899549174,
    "avgUniqueTrainsPerTurn": 0.881037513023313,
    "avgConstrainedTileFraction": 0.5626617750878466,
    "avgUniquePipsInHand": 8.519376751010999,
    "avgMaxPipCluster": 2.296151377399195,
    "avgHandEntropy": 2.7380812132513492,
    "avgMoveValueSpread": 3.4453204124632064,
    "avgNearOptimalFraction": 0.8331207027929591,
    "avgOwnTrailPlayRate": 0,
    "avgShieldsDownRate": 0.10039093825180433
  },
  "skillIndicators": 3,
  "timestamp": "2026-07-19T02:33:49.787Z",
  "durationSeconds": 3.166
}