{
  "warpFactor": 9,
  "playerCount": 3,
  "moduleConfig": "official",
  "moduleLabel": "Official Warp 12 Preset",
  "zetaOmitted": false,
  "games": 500,
  "objective": "points",
  "summary": {
    "games": 500,
    "playerCount": 3,
    "maxPip": 9,
    "objective": "points",
    "avgLegalMovesPerTurn": 1.9074256917897403,
    "avgUniqueTrainsPerTurn": 0.8767412752028938,
    "avgConstrainedTileFraction": 0.5296151930560016,
    "avgUniquePipsInHand": 5.3799185370535145,
    "avgMaxPipCluster": 2.311289555216072,
    "avgHandEntropy": 2.0960924131199588,
    "avgMoveValueSpread": 1.6916483955539892,
    "avgNearOptimalFraction": 0.8269650815118197,
    "avgOwnTrailPlayRate": 0,
    "avgShieldsDownRate": 0.08561151609408053
  },
  "skillIndicators": 2,
  "timestamp": "2026-07-19T01:30:13.189Z",
  "durationSeconds": 5.803
}