{
  "warpFactor": 12,
  "playerCount": 6,
  "moduleConfig": "gamma",
  "moduleLabel": "Module Gamma (Sensor Grid)",
  "zetaOmitted": false,
  "games": 500,
  "objective": "points",
  "summary": {
    "games": 500,
    "playerCount": 6,
    "maxPip": 12,
    "objective": "points",
    "avgLegalMovesPerTurn": 2.4267553107430855,
    "avgUniqueTrainsPerTurn": 1.1325072773684945,
    "avgConstrainedTileFraction": 0.6295078340962337,
    "avgUniquePipsInHand": 7.770781547416633,
    "avgMaxPipCluster": 2.7765484823051696,
    "avgHandEntropy": 2.6174612983347667,
    "avgMoveValueSpread": 3.7071613265477277,
    "avgNearOptimalFraction": 0.7222399979790888,
    "avgOwnTrailPlayRate": 0,
    "avgShieldsDownRate": 0.09590501206036758
  },
  "skillIndicators": 3,
  "timestamp": "2026-07-19T01:33:10.806Z",
  "durationSeconds": 41.51
}