{
  "warpFactor": 12,
  "playerCount": 6,
  "moduleConfig": "all",
  "moduleLabel": "All Modules (stress test)",
  "zetaOmitted": false,
  "games": 500,
  "objective": "points",
  "summary": {
    "games": 500,
    "playerCount": 6,
    "maxPip": 12,
    "objective": "points",
    "avgLegalMovesPerTurn": 2.1175776584929795,
    "avgUniqueTrainsPerTurn": 1.0037897661052877,
    "avgConstrainedTileFraction": 0.6447580434193146,
    "avgUniquePipsInHand": 7.862780230429035,
    "avgMaxPipCluster": 2.868807207047015,
    "avgHandEntropy": 2.6114556896853918,
    "avgMoveValueSpread": 3.298943180742287,
    "avgNearOptimalFraction": 0.750872441996802,
    "avgOwnTrailPlayRate": 0,
    "avgShieldsDownRate": 0.035307163584534396
  },
  "skillIndicators": 3,
  "timestamp": "2026-07-19T01:33:55.099Z",
  "durationSeconds": 51.596
}