{
  "warpFactor": 12,
  "playerCount": 5,
  "moduleConfig": "all",
  "moduleLabel": "All Modules (stress test) (Zeta omitted — fleet too small/uneven)",
  "zetaOmitted": true,
  "games": 500,
  "objective": "points",
  "summary": {
    "games": 500,
    "playerCount": 5,
    "maxPip": 12,
    "objective": "points",
    "avgLegalMovesPerTurn": 2.3890225131349796,
    "avgUniqueTrainsPerTurn": 1.016791505666846,
    "avgConstrainedTileFraction": 0.6181643549274567,
    "avgUniquePipsInHand": 8.059861634833613,
    "avgMaxPipCluster": 2.9233041439510408,
    "avgHandEntropy": 2.657722514778579,
    "avgMoveValueSpread": 3.5549269204784495,
    "avgNearOptimalFraction": 0.7379508013115643,
    "avgOwnTrailPlayRate": 0,
    "avgShieldsDownRate": 0.07980092779409603
  },
  "skillIndicators": 3,
  "timestamp": "2026-07-19T01:33:09.082Z",
  "durationSeconds": 41.733
}