{
  "warpFactor": 15,
  "playerCount": 7,
  "moduleConfig": "none",
  "moduleLabel": "Baseline (no modules)",
  "zetaOmitted": false,
  "games": 500,
  "objective": "points",
  "summary": {
    "games": 500,
    "playerCount": 7,
    "maxPip": 15,
    "objective": "points",
    "avgLegalMovesPerTurn": 2.0860310204415797,
    "avgUniqueTrainsPerTurn": 0.9662247146125017,
    "avgConstrainedTileFraction": 0.580636500032965,
    "avgUniquePipsInHand": 7.686843793404767,
    "avgMaxPipCluster": 2.385110085107844,
    "avgHandEntropy": 2.610102370432321,
    "avgMoveValueSpread": 3.383589696383109,
    "avgNearOptimalFraction": 0.7954459155707841,
    "avgOwnTrailPlayRate": 0,
    "avgShieldsDownRate": 0.129113764630873
  },
  "skillIndicators": 3,
  "timestamp": "2026-07-19T01:41:07.224Z",
  "durationSeconds": 66.342
}