{
  "warpFactor": 15,
  "playerCount": 8,
  "moduleConfig": "iota",
  "moduleLabel": "Module Iota (Double Down)",
  "zetaOmitted": false,
  "games": 500,
  "objective": "points",
  "summary": {
    "games": 500,
    "playerCount": 8,
    "maxPip": 15,
    "objective": "points",
    "avgLegalMovesPerTurn": 2.3290659633528668,
    "avgUniqueTrainsPerTurn": 1.0427159156458508,
    "avgConstrainedTileFraction": 0.609419258186448,
    "avgUniquePipsInHand": 8.164663652375083,
    "avgMaxPipCluster": 2.5129571210145194,
    "avgHandEntropy": 2.7004688038045153,
    "avgMoveValueSpread": 4.059119549868054,
    "avgNearOptimalFraction": 0.7580184533850902,
    "avgOwnTrailPlayRate": 0,
    "avgShieldsDownRate": 0.11809136255474305
  },
  "skillIndicators": 3,
  "timestamp": "2026-07-19T01:43:09.385Z",
  "durationSeconds": 86.24
}