{
  "warpFactor": 15,
  "playerCount": 9,
  "moduleConfig": "delta",
  "moduleLabel": "Module Delta (Warp Drive Spool)",
  "zetaOmitted": false,
  "games": 500,
  "objective": "points",
  "summary": {
    "games": 500,
    "playerCount": 9,
    "maxPip": 15,
    "objective": "points",
    "avgLegalMovesPerTurn": 2.2490003318360228,
    "avgUniqueTrainsPerTurn": 0.9873603405030604,
    "avgConstrainedTileFraction": 0.5730589086305693,
    "avgUniquePipsInHand": 7.648562935718679,
    "avgMaxPipCluster": 2.340410704913463,
    "avgHandEntropy": 2.6183358770872416,
    "avgMoveValueSpread": 3.5366049004555444,
    "avgNearOptimalFraction": 0.787759540740999,
    "avgOwnTrailPlayRate": 0,
    "avgShieldsDownRate": 0.17229083893474756
  },
  "skillIndicators": 3,
  "timestamp": "2026-07-19T01:43:42.858Z",
  "durationSeconds": 67.161
}