{
  "warpFactor": 15,
  "playerCount": 10,
  "moduleConfig": "official",
  "moduleLabel": "Official Warp 12 Preset",
  "zetaOmitted": false,
  "games": 500,
  "objective": "points",
  "summary": {
    "games": 500,
    "playerCount": 10,
    "maxPip": 15,
    "objective": "points",
    "avgLegalMovesPerTurn": 2.3855039077569855,
    "avgUniqueTrainsPerTurn": 0.9699105655517679,
    "avgConstrainedTileFraction": 0.55288028560956,
    "avgUniquePipsInHand": 7.523212864389267,
    "avgMaxPipCluster": 2.307549770285682,
    "avgHandEntropy": 2.5757677146597504,
    "avgMoveValueSpread": 3.585821767493775,
    "avgNearOptimalFraction": 0.7853301208057022,
    "avgOwnTrailPlayRate": 0,
    "avgShieldsDownRate": 0.17282481055853866
  },
  "skillIndicators": 3,
  "timestamp": "2026-07-19T01:46:31.800Z",
  "durationSeconds": 108.39
}