{
  "warpFactor": 18,
  "playerCount": 15,
  "moduleConfig": "gamma",
  "moduleLabel": "Module Gamma (Sensor Grid)",
  "zetaOmitted": false,
  "games": 500,
  "objective": "points",
  "summary": {
    "games": 500,
    "playerCount": 15,
    "maxPip": 18,
    "objective": "points",
    "avgLegalMovesPerTurn": 2.4442300855717347,
    "avgUniqueTrainsPerTurn": 0.8835978785413687,
    "avgConstrainedTileFraction": 0.5478086534522663,
    "avgUniquePipsInHand": 7.764359386448666,
    "avgMaxPipCluster": 2.1157559525604435,
    "avgHandEntropy": 2.6890619054522804,
    "avgMoveValueSpread": 3.686044187510937,
    "avgNearOptimalFraction": 0.8158745841056693,
    "avgOwnTrailPlayRate": 0,
    "avgShieldsDownRate": 0.3700916488745005
  },
  "skillIndicators": 3,
  "timestamp": "2026-07-19T02:19:22.480Z",
  "durationSeconds": 162.797
}