{
  "warpFactor": 15,
  "playerCount": 10,
  "moduleConfig": "beta",
  "moduleLabel": "Module Beta (Salamander Penalty)",
  "zetaOmitted": false,
  "games": 500,
  "objective": "points",
  "summary": {
    "games": 500,
    "playerCount": 10,
    "maxPip": 15,
    "objective": "points",
    "avgLegalMovesPerTurn": 2.3668270214237124,
    "avgUniqueTrainsPerTurn": 1.0096207932774677,
    "avgConstrainedTileFraction": 0.5752349159392846,
    "avgUniquePipsInHand": 7.754818991312322,
    "avgMaxPipCluster": 2.3627922846388736,
    "avgHandEntropy": 2.641847993894166,
    "avgMoveValueSpread": 3.7307196283436133,
    "avgNearOptimalFraction": 0.7767871571408814,
    "avgOwnTrailPlayRate": 0,
    "avgShieldsDownRate": 0.18069470173360386
  },
  "skillIndicators": 3,
  "timestamp": "2026-07-19T01:45:24.202Z",
  "durationSeconds": 97.941
}