{
  "warpFactor": 12,
  "playerCount": 4,
  "moduleConfig": "kappa",
  "moduleLabel": "Module Kappa (Temporal Inversion)",
  "zetaOmitted": false,
  "games": 500,
  "objective": "points",
  "summary": {
    "games": 500,
    "playerCount": 4,
    "maxPip": 12,
    "objective": "points",
    "avgLegalMovesPerTurn": 2.2688505357759254,
    "avgUniqueTrainsPerTurn": 1.0640163600499137,
    "avgConstrainedTileFraction": 0.6405837950689616,
    "avgUniquePipsInHand": 7.742334211994139,
    "avgMaxPipCluster": 2.865436705168574,
    "avgHandEntropy": 2.59799353345706,
    "avgMoveValueSpread": 3.435275498102306,
    "avgNearOptimalFraction": 0.7414524335033249,
    "avgOwnTrailPlayRate": 0,
    "avgShieldsDownRate": 0.05746080235432762
  },
  "skillIndicators": 3,
  "timestamp": "2026-07-19T01:32:15.093Z",
  "durationSeconds": 37.442
}