{
  "warpFactor": 15,
  "playerCount": 10,
  "moduleConfig": "kappa",
  "moduleLabel": "Module Kappa (Temporal Inversion)",
  "zetaOmitted": false,
  "games": 500,
  "objective": "points",
  "summary": {
    "games": 500,
    "playerCount": 10,
    "maxPip": 15,
    "objective": "points",
    "avgLegalMovesPerTurn": 2.360381553261414,
    "avgUniqueTrainsPerTurn": 1.010911060043388,
    "avgConstrainedTileFraction": 0.5768146640498935,
    "avgUniquePipsInHand": 7.756991903916055,
    "avgMaxPipCluster": 2.3569583338216304,
    "avgHandEntropy": 2.64193782046621,
    "avgMoveValueSpread": 3.7329595116316328,
    "avgNearOptimalFraction": 0.7804921356604626,
    "avgOwnTrailPlayRate": 0,
    "avgShieldsDownRate": 0.18075950805237595
  },
  "skillIndicators": 3,
  "timestamp": "2026-07-19T01:45:54.722Z",
  "durationSeconds": 94.063
}