{
  "warpFactor": 15,
  "playerCount": 8,
  "moduleConfig": "epsilon",
  "moduleLabel": "Module Epsilon (Drafting)",
  "zetaOmitted": false,
  "games": 500,
  "objective": "points",
  "summary": {
    "games": 500,
    "playerCount": 8,
    "maxPip": 15,
    "objective": "points",
    "avgLegalMovesPerTurn": 1.2989575147375694,
    "avgUniqueTrainsPerTurn": 0.5937827213283552,
    "avgConstrainedTileFraction": 0.34893196207627086,
    "avgUniquePipsInHand": 4.665373257398679,
    "avgMaxPipCluster": 1.4100460890663704,
    "avgHandEntropy": 1.5702314634281005,
    "avgMoveValueSpread": 2.250416084584917,
    "avgNearOptimalFraction": 0.8695628096184216,
    "avgOwnTrailPlayRate": 0,
    "avgShieldsDownRate": 0.4833196765587202
  },
  "skillIndicators": 1,
  "timestamp": "2026-07-19T01:42:51.132Z",
  "durationSeconds": 90.34
}