{
  "warpFactor": 18,
  "playerCount": 17,
  "moduleConfig": "beta",
  "moduleLabel": "Module Beta (Salamander Penalty)",
  "zetaOmitted": false,
  "games": 500,
  "objective": "points",
  "summary": {
    "games": 500,
    "playerCount": 17,
    "maxPip": 18,
    "objective": "points",
    "avgLegalMovesPerTurn": 2.5011227229676427,
    "avgUniqueTrainsPerTurn": 0.8426885498801734,
    "avgConstrainedTileFraction": 0.5256196926156537,
    "avgUniquePipsInHand": 7.352754870226067,
    "avgMaxPipCluster": 2.0170305602909604,
    "avgHandEntropy": 2.6327703819567447,
    "avgMoveValueSpread": 3.3140020519415856,
    "avgNearOptimalFraction": 0.8346277230891423,
    "avgOwnTrailPlayRate": 0,
    "avgShieldsDownRate": 0.449734121778973
  },
  "skillIndicators": 3,
  "timestamp": "2026-07-19T02:24:51.377Z",
  "durationSeconds": 176.832
}