{
  "warpFactor": 12,
  "playerCount": 8,
  "moduleConfig": "none",
  "moduleLabel": "Baseline (no modules)",
  "zetaOmitted": false,
  "games": 500,
  "objective": "points",
  "summary": {
    "games": 500,
    "playerCount": 8,
    "maxPip": 12,
    "objective": "points",
    "avgLegalMovesPerTurn": 2.5128806347743247,
    "avgUniqueTrainsPerTurn": 1.1198882489760724,
    "avgConstrainedTileFraction": 0.5937194081382178,
    "avgUniquePipsInHand": 7.427485569257585,
    "avgMaxPipCluster": 2.5941351241334236,
    "avgHandEntropy": 2.56233362454919,
    "avgMoveValueSpread": 3.6428419429363674,
    "avgNearOptimalFraction": 0.7308073819157299,
    "avgOwnTrailPlayRate": 0,
    "avgShieldsDownRate": 0.1336221192598772
  },
  "skillIndicators": 3,
  "timestamp": "2026-07-19T01:34:39.194Z",
  "durationSeconds": 52.706
}