{
  "warpFactor": 12,
  "playerCount": 3,
  "moduleConfig": "mu",
  "moduleLabel": "Subspace Fracture (Own Trail)",
  "zetaOmitted": false,
  "games": 500,
  "objective": "points",
  "summary": {
    "games": 500,
    "playerCount": 3,
    "maxPip": 12,
    "objective": "points",
    "avgLegalMovesPerTurn": 1.9413811196951207,
    "avgUniqueTrainsPerTurn": 0.8584212294618927,
    "avgConstrainedTileFraction": 0.5725133994619945,
    "avgUniquePipsInHand": 7.514521662072226,
    "avgMaxPipCluster": 2.8670757615497178,
    "avgHandEntropy": 2.556396018137762,
    "avgMoveValueSpread": 2.6409548405604566,
    "avgNearOptimalFraction": 0.796034155500289,
    "avgOwnTrailPlayRate": 0,
    "avgShieldsDownRate": 0.039209939488786004
  },
  "skillIndicators": 3,
  "timestamp": "2026-07-19T01:31:53.463Z",
  "durationSeconds": 49.226
}