{
  "warpFactor": 15,
  "playerCount": 9,
  "moduleConfig": "lambda",
  "moduleLabel": "Module Lambda (Wormholes)",
  "zetaOmitted": false,
  "games": 500,
  "objective": "points",
  "summary": {
    "games": 500,
    "playerCount": 9,
    "maxPip": 15,
    "objective": "points",
    "avgLegalMovesPerTurn": 2.239341137825987,
    "avgUniqueTrainsPerTurn": 0.9770532380520276,
    "avgConstrainedTileFraction": 0.57268094949628,
    "avgUniquePipsInHand": 7.644695585418294,
    "avgMaxPipCluster": 2.342665805631791,
    "avgHandEntropy": 2.6173008748841737,
    "avgMoveValueSpread": 3.50686446337647,
    "avgNearOptimalFraction": 0.7890163950798419,
    "avgOwnTrailPlayRate": 0,
    "avgShieldsDownRate": 0.16777536740048454
  },
  "skillIndicators": 3,
  "timestamp": "2026-07-19T01:44:42.737Z",
  "durationSeconds": 92.812
}