{
  "warpFactor": 15,
  "playerCount": 4,
  "moduleConfig": "epsilon",
  "moduleLabel": "Module Epsilon (Drafting)",
  "zetaOmitted": false,
  "games": 500,
  "objective": "points",
  "summary": {
    "games": 500,
    "playerCount": 4,
    "maxPip": 15,
    "objective": "points",
    "avgLegalMovesPerTurn": 1.3095111590176731,
    "avgUniqueTrainsPerTurn": 0.6119359012629094,
    "avgConstrainedTileFraction": 0.4039651905484087,
    "avgUniquePipsInHand": 5.61944130079134,
    "avgMaxPipCluster": 1.8173084816950549,
    "avgHandEntropy": 1.8404257907088148,
    "avgMoveValueSpread": 2.2284772602087575,
    "avgNearOptimalFraction": 0.8635043066404905,
    "avgOwnTrailPlayRate": 0,
    "avgShieldsDownRate": 0.3404841965410136
  },
  "skillIndicators": 2,
  "timestamp": "2026-07-19T01:38:16.223Z",
  "durationSeconds": 75.667
}