{
  "warpFactor": 9,
  "playerCount": 2,
  "moduleConfig": "iota",
  "moduleLabel": "Module Iota (Double Down)",
  "zetaOmitted": false,
  "games": 500,
  "objective": "points",
  "summary": {
    "games": 500,
    "playerCount": 2,
    "maxPip": 9,
    "objective": "points",
    "avgLegalMovesPerTurn": 2.1638939296165263,
    "avgUniqueTrainsPerTurn": 1.0560035238958916,
    "avgConstrainedTileFraction": 0.6592028683430555,
    "avgUniquePipsInHand": 6.626681023924254,
    "avgMaxPipCluster": 2.939537427855364,
    "avgHandEntropy": 2.4167390560350728,
    "avgMoveValueSpread": 2.6536557352739187,
    "avgNearOptimalFraction": 0.7313045656489359,
    "avgOwnTrailPlayRate": 0,
    "avgShieldsDownRate": 0.04477343752752538
  },
  "skillIndicators": 3,
  "timestamp": "2026-07-19T01:30:06.980Z",
  "durationSeconds": 4.907
}