{
  "warpFactor": 18,
  "playerCount": 13,
  "moduleConfig": "epsilon",
  "moduleLabel": "Module Epsilon (Drafting)",
  "zetaOmitted": false,
  "games": 500,
  "objective": "points",
  "summary": {
    "games": 500,
    "playerCount": 13,
    "maxPip": 18,
    "objective": "points",
    "avgLegalMovesPerTurn": 1.343682203543181,
    "avgUniqueTrainsPerTurn": 0.5246392225687493,
    "avgConstrainedTileFraction": 0.3231603102013685,
    "avgUniquePipsInHand": 4.643759227597787,
    "avgMaxPipCluster": 1.2369103846139782,
    "avgHandEntropy": 1.5644565896677427,
    "avgMoveValueSpread": 2.380490424598414,
    "avgNearOptimalFraction": 0.8859026184112331,
    "avgOwnTrailPlayRate": 0,
    "avgShieldsDownRate": 0.5913770672027933
  },
  "skillIndicators": 1,
  "timestamp": "2026-07-19T02:14:58.258Z",
  "durationSeconds": 176.067
}