{
  "warpFactor": 12,
  "playerCount": 3,
  "moduleConfig": "kappa",
  "moduleLabel": "Module Kappa (Temporal Inversion)",
  "zetaOmitted": false,
  "games": 500,
  "objective": "points",
  "summary": {
    "games": 500,
    "playerCount": 3,
    "maxPip": 12,
    "objective": "points",
    "avgLegalMovesPerTurn": 1.9824508828434249,
    "avgUniqueTrainsPerTurn": 0.9302075069004214,
    "avgConstrainedTileFraction": 0.601207780506484,
    "avgUniquePipsInHand": 7.3236967621776135,
    "avgMaxPipCluster": 2.743497388265234,
    "avgHandEntropy": 2.522655730522616,
    "avgMoveValueSpread": 2.764642023389942,
    "avgNearOptimalFraction": 0.7896295651489853,
    "avgOwnTrailPlayRate": 0,
    "avgShieldsDownRate": 0.04419281405443186
  },
  "skillIndicators": 3,
  "timestamp": "2026-07-19T01:31:37.144Z",
  "durationSeconds": 33.599
}