{
  "warpFactor": 18,
  "playerCount": 18,
  "moduleConfig": "zeta",
  "moduleLabel": "Module Zeta (Squadrons)",
  "zetaOmitted": false,
  "games": 500,
  "objective": "points",
  "summary": {
    "games": 500,
    "playerCount": 18,
    "maxPip": 18,
    "objective": "points",
    "avgLegalMovesPerTurn": 2.0530655210038473,
    "avgUniqueTrainsPerTurn": 0.9432600867251554,
    "avgConstrainedTileFraction": 0.5608219105610133,
    "avgUniquePipsInHand": 6.9983822590566245,
    "avgMaxPipCluster": 1.9510961289159425,
    "avgHandEntropy": 2.569234071891337,
    "avgMoveValueSpread": 3.5413237262896926,
    "avgNearOptimalFraction": 0.8261589330774672,
    "avgOwnTrailPlayRate": 0,
    "avgShieldsDownRate": 0.15238500032473593
  },
  "skillIndicators": 3,
  "timestamp": "2026-07-19T02:29:09.084Z",
  "durationSeconds": 109.86
}