{
  "warpFactor": 15,
  "playerCount": 11,
  "moduleConfig": "all",
  "moduleLabel": "All Modules (stress test) (Zeta omitted — fleet too small/uneven)",
  "zetaOmitted": true,
  "games": 500,
  "objective": "points",
  "summary": {
    "games": 500,
    "playerCount": 11,
    "maxPip": 15,
    "objective": "points",
    "avgLegalMovesPerTurn": 2.54884180013503,
    "avgUniqueTrainsPerTurn": 0.90353887983846,
    "avgConstrainedTileFraction": 0.527111185520432,
    "avgUniquePipsInHand": 7.769109627370962,
    "avgMaxPipCluster": 2.34436722068672,
    "avgHandEntropy": 2.648372861945569,
    "avgMoveValueSpread": 3.767124687999622,
    "avgNearOptimalFraction": 0.7834859904997449,
    "avgOwnTrailPlayRate": 0,
    "avgShieldsDownRate": 0.22023015941610563
  },
  "skillIndicators": 3,
  "timestamp": "2026-07-19T01:48:16.685Z",
  "durationSeconds": 103.951
}