{
  "warpFactor": 18,
  "playerCount": 10,
  "moduleConfig": "mu",
  "moduleLabel": "Subspace Fracture (Own Trail)",
  "zetaOmitted": false,
  "games": 500,
  "objective": "points",
  "summary": {
    "games": 500,
    "playerCount": 10,
    "maxPip": 18,
    "objective": "points",
    "avgLegalMovesPerTurn": 2.210981431184921,
    "avgUniqueTrainsPerTurn": 0.8894592873203303,
    "avgConstrainedTileFraction": 0.5550803090001951,
    "avgUniquePipsInHand": 8.140000643474892,
    "avgMaxPipCluster": 2.2530420097852732,
    "avgHandEntropy": 2.7146916062590787,
    "avgMoveValueSpread": 3.975775091800931,
    "avgNearOptimalFraction": 0.8024163377922165,
    "avgOwnTrailPlayRate": 0,
    "avgShieldsDownRate": 0.20777630488336699
  },
  "skillIndicators": 3,
  "timestamp": "2026-07-19T02:08:53.584Z",
  "durationSeconds": 153.743
}