{
  "warpFactor": 12,
  "playerCount": 7,
  "moduleConfig": "official",
  "moduleLabel": "Official Warp 12 Preset",
  "zetaOmitted": false,
  "games": 500,
  "objective": "points",
  "summary": {
    "games": 500,
    "playerCount": 7,
    "maxPip": 12,
    "objective": "points",
    "avgLegalMovesPerTurn": 2.355345018432623,
    "avgUniqueTrainsPerTurn": 1.0429052415833875,
    "avgConstrainedTileFraction": 0.573999141562611,
    "avgUniquePipsInHand": 7.025553256056024,
    "avgMaxPipCluster": 2.4849470068976687,
    "avgHandEntropy": 2.4655836103620716,
    "avgMoveValueSpread": 3.166784542724741,
    "avgNearOptimalFraction": 0.7623923380747973,
    "avgOwnTrailPlayRate": 0,
    "avgShieldsDownRate": 0.11582504648718571
  },
  "skillIndicators": 3,
  "timestamp": "2026-07-19T01:34:30.271Z",
  "durationSeconds": 48.425
}