{
  "warpFactor": 12,
  "playerCount": 3,
  "moduleConfig": "theta",
  "moduleLabel": "Module Theta (Longest Trail)",
  "zetaOmitted": false,
  "games": 500,
  "objective": "points",
  "summary": {
    "games": 500,
    "playerCount": 3,
    "maxPip": 12,
    "objective": "points",
    "avgLegalMovesPerTurn": 1.9734130882288192,
    "avgUniqueTrainsPerTurn": 0.9272477120870382,
    "avgConstrainedTileFraction": 0.6011140368774286,
    "avgUniquePipsInHand": 7.298592195156098,
    "avgMaxPipCluster": 2.7478915117198794,
    "avgHandEntropy": 2.5160083849076234,
    "avgMoveValueSpread": 2.7407636218690445,
    "avgNearOptimalFraction": 0.7865433039900963,
    "avgOwnTrailPlayRate": 0,
    "avgShieldsDownRate": 0.044272002602895724
  },
  "skillIndicators": 3,
  "timestamp": "2026-07-19T01:31:34.737Z",
  "durationSeconds": 32.231
}