{
  "warpFactor": 12,
  "playerCount": 2,
  "moduleConfig": "iota",
  "moduleLabel": "Module Iota (Double Down)",
  "zetaOmitted": false,
  "games": 500,
  "objective": "points",
  "summary": {
    "games": 500,
    "playerCount": 2,
    "maxPip": 12,
    "objective": "points",
    "avgLegalMovesPerTurn": 1.9254976790857903,
    "avgUniqueTrainsPerTurn": 0.8924820892789093,
    "avgConstrainedTileFraction": 0.6133355117985884,
    "avgUniquePipsInHand": 7.836613233002679,
    "avgMaxPipCluster": 3.0143214807947456,
    "avgHandEntropy": 2.6383783962331706,
    "avgMoveValueSpread": 2.720102813570164,
    "avgNearOptimalFraction": 0.7855799617396882,
    "avgOwnTrailPlayRate": 0,
    "avgShieldsDownRate": 0.025833951908585825
  },
  "skillIndicators": 3,
  "timestamp": "2026-07-19T01:31:04.846Z",
  "durationSeconds": 37.339
}