{
  "warpFactor": 12,
  "playerCount": 8,
  "moduleConfig": "iota",
  "moduleLabel": "Module Iota (Double Down)",
  "zetaOmitted": false,
  "games": 500,
  "objective": "points",
  "summary": {
    "games": 500,
    "playerCount": 8,
    "maxPip": 12,
    "objective": "points",
    "avgLegalMovesPerTurn": 2.6216286001719196,
    "avgUniqueTrainsPerTurn": 1.1403480906925398,
    "avgConstrainedTileFraction": 0.5940150818100794,
    "avgUniquePipsInHand": 7.570353751394925,
    "avgMaxPipCluster": 2.640572955738656,
    "avgHandEntropy": 2.5825538258990255,
    "avgMoveValueSpread": 3.8537723476573973,
    "avgNearOptimalFraction": 0.7155319545762553,
    "avgOwnTrailPlayRate": 0,
    "avgShieldsDownRate": 0.13555830382134548
  },
  "skillIndicators": 3,
  "timestamp": "2026-07-19T01:34:54.706Z",
  "durationSeconds": 52.037
}