{
  "warpFactor": 12,
  "playerCount": 5,
  "moduleConfig": "gamma",
  "moduleLabel": "Module Gamma (Sensor Grid)",
  "zetaOmitted": false,
  "games": 500,
  "objective": "points",
  "summary": {
    "games": 500,
    "playerCount": 5,
    "maxPip": 12,
    "objective": "points",
    "avgLegalMovesPerTurn": 2.2239479139191114,
    "avgUniqueTrainsPerTurn": 1.06090415696054,
    "avgConstrainedTileFraction": 0.6177325066654328,
    "avgUniquePipsInHand": 7.425608890658583,
    "avgMaxPipCluster": 2.6833353814423133,
    "avgHandEntropy": 2.548805017105857,
    "avgMoveValueSpread": 3.2560291825543484,
    "avgNearOptimalFraction": 0.7538469599366779,
    "avgOwnTrailPlayRate": 0,
    "avgShieldsDownRate": 0.08514197409576812
  },
  "skillIndicators": 3,
  "timestamp": "2026-07-19T01:32:33.189Z",
  "durationSeconds": 34.553
}