{
  "warpFactor": 12,
  "playerCount": 4,
  "moduleConfig": "delta",
  "moduleLabel": "Module Delta (Warp Drive Spool)",
  "zetaOmitted": false,
  "games": 500,
  "objective": "points",
  "summary": {
    "games": 500,
    "playerCount": 4,
    "maxPip": 12,
    "objective": "points",
    "avgLegalMovesPerTurn": 2.257820608332052,
    "avgUniqueTrainsPerTurn": 1.0579161694141097,
    "avgConstrainedTileFraction": 0.6402942825216373,
    "avgUniquePipsInHand": 7.715391311724283,
    "avgMaxPipCluster": 2.8781204005239474,
    "avgHandEntropy": 2.5926387560108917,
    "avgMoveValueSpread": 3.3965054715404634,
    "avgNearOptimalFraction": 0.7388198349050324,
    "avgOwnTrailPlayRate": 0,
    "avgShieldsDownRate": 0.05655861736150304
  },
  "skillIndicators": 3,
  "timestamp": "2026-07-19T01:32:00.121Z",
  "durationSeconds": 30.631
}