{
  "warpFactor": 15,
  "playerCount": 11,
  "moduleConfig": "lambda",
  "moduleLabel": "Module Lambda (Wormholes)",
  "zetaOmitted": false,
  "games": 500,
  "objective": "points",
  "summary": {
    "games": 500,
    "playerCount": 11,
    "maxPip": 15,
    "objective": "points",
    "avgLegalMovesPerTurn": 2.364655286909207,
    "avgUniqueTrainsPerTurn": 0.9673452024600367,
    "avgConstrainedTileFraction": 0.559155877683417,
    "avgUniquePipsInHand": 7.497865457307112,
    "avgMaxPipCluster": 2.2685498204462733,
    "avgHandEntropy": 2.60724151294914,
    "avgMoveValueSpread": 3.483339700635356,
    "avgNearOptimalFraction": 0.79215140627593,
    "avgOwnTrailPlayRate": 0,
    "avgShieldsDownRate": 0.2247967213114754
  },
  "skillIndicators": 3,
  "timestamp": "2026-07-19T01:47:48.514Z",
  "durationSeconds": 103.672
}