{
  "warpFactor": 18,
  "playerCount": 15,
  "moduleConfig": "epsilon",
  "moduleLabel": "Module Epsilon (Drafting)",
  "zetaOmitted": false,
  "games": 500,
  "objective": "points",
  "summary": {
    "games": 500,
    "playerCount": 15,
    "maxPip": 18,
    "objective": "points",
    "avgLegalMovesPerTurn": 1.3570984694563217,
    "avgUniqueTrainsPerTurn": 0.49694824366319074,
    "avgConstrainedTileFraction": 0.3095116469186673,
    "avgUniquePipsInHand": 4.385198540104671,
    "avgMaxPipCluster": 1.1690675393290741,
    "avgHandEntropy": 1.5171474847085866,
    "avgMoveValueSpread": 2.1785285852927405,
    "avgNearOptimalFraction": 0.8958625474136146,
    "avgOwnTrailPlayRate": 0,
    "avgShieldsDownRate": 0.6419872695897615
  },
  "skillIndicators": 1,
  "timestamp": "2026-07-19T02:19:57.677Z",
  "durationSeconds": 183.987
}