{
  "warpFactor": 18,
  "playerCount": 11,
  "moduleConfig": "theta",
  "moduleLabel": "Module Theta (Longest Trail)",
  "zetaOmitted": false,
  "games": 500,
  "objective": "points",
  "summary": {
    "games": 500,
    "playerCount": 11,
    "maxPip": 18,
    "objective": "points",
    "avgLegalMovesPerTurn": 2.1772018305318905,
    "avgUniqueTrainsPerTurn": 0.8895986994853371,
    "avgConstrainedTileFraction": 0.5586534622655752,
    "avgUniquePipsInHand": 7.953003862875321,
    "avgMaxPipCluster": 2.188362166026957,
    "avgHandEntropy": 2.698471685519467,
    "avgMoveValueSpread": 3.635584039077918,
    "avgNearOptimalFraction": 0.8170090956369983,
    "avgOwnTrailPlayRate": 0,
    "avgShieldsDownRate": 0.2751315880813253
  },
  "skillIndicators": 3,
  "timestamp": "2026-07-19T02:10:06.576Z",
  "durationSeconds": 135.181
}