{
  "warpFactor": 15,
  "playerCount": 6,
  "moduleConfig": "beta",
  "moduleLabel": "Module Beta (Salamander Penalty)",
  "zetaOmitted": false,
  "games": 500,
  "objective": "points",
  "summary": {
    "games": 500,
    "playerCount": 6,
    "maxPip": 15,
    "objective": "points",
    "avgLegalMovesPerTurn": 2.0952616787707377,
    "avgUniqueTrainsPerTurn": 0.9783545373157534,
    "avgConstrainedTileFraction": 0.5973106898368616,
    "avgUniquePipsInHand": 8.027450989732461,
    "avgMaxPipCluster": 2.5300862440609713,
    "avgHandEntropy": 2.65611981496736,
    "avgMoveValueSpread": 3.543127025541433,
    "avgNearOptimalFraction": 0.7831382606821639,
    "avgOwnTrailPlayRate": 0,
    "avgShieldsDownRate": 0.08819453455479719
  },
  "skillIndicators": 3,
  "timestamp": "2026-07-19T01:40:14.559Z",
  "durationSeconds": 73.069
}