{
  "warpFactor": 15,
  "playerCount": 7,
  "moduleConfig": "alpha",
  "moduleLabel": "Module Alpha (Continuum)",
  "zetaOmitted": false,
  "games": 500,
  "objective": "points",
  "summary": {
    "games": 500,
    "playerCount": 7,
    "maxPip": 15,
    "objective": "points",
    "avgLegalMovesPerTurn": 2.088931157613309,
    "avgUniqueTrainsPerTurn": 0.9623539549795692,
    "avgConstrainedTileFraction": 0.5790934128356512,
    "avgUniquePipsInHand": 7.699554278095956,
    "avgMaxPipCluster": 2.3930559115634473,
    "avgHandEntropy": 2.613415211089853,
    "avgMoveValueSpread": 3.366112177944732,
    "avgNearOptimalFraction": 0.7959360521881537,
    "avgOwnTrailPlayRate": 0,
    "avgShieldsDownRate": 0.13027527870189737
  },
  "skillIndicators": 3,
  "timestamp": "2026-07-19T01:41:13.892Z",
  "durationSeconds": 68.379
}