{
  "warpFactor": 12,
  "playerCount": 6,
  "moduleConfig": "kappa",
  "moduleLabel": "Module Kappa (Temporal Inversion)",
  "zetaOmitted": false,
  "games": 500,
  "objective": "points",
  "summary": {
    "games": 500,
    "playerCount": 6,
    "maxPip": 12,
    "objective": "points",
    "avgLegalMovesPerTurn": 2.389979520233047,
    "avgUniqueTrainsPerTurn": 1.1220280198216666,
    "avgConstrainedTileFraction": 0.6288684182242594,
    "avgUniquePipsInHand": 7.652394633350229,
    "avgMaxPipCluster": 2.723616337857297,
    "avgHandEntropy": 2.594857114493224,
    "avgMoveValueSpread": 3.612317589315584,
    "avgNearOptimalFraction": 0.733207202149632,
    "avgOwnTrailPlayRate": 0,
    "avgShieldsDownRate": 0.09101251795608455
  },
  "skillIndicators": 3,
  "timestamp": "2026-07-19T01:33:30.057Z",
  "durationSeconds": 42.286
}