{
  "warpFactor": 18,
  "playerCount": 10,
  "moduleConfig": "kappa",
  "moduleLabel": "Module Kappa (Temporal Inversion)",
  "zetaOmitted": false,
  "games": 500,
  "objective": "points",
  "summary": {
    "games": 500,
    "playerCount": 10,
    "maxPip": 18,
    "objective": "points",
    "avgLegalMovesPerTurn": 2.1679970221602303,
    "avgUniqueTrainsPerTurn": 0.920037108197488,
    "avgConstrainedTileFraction": 0.5722997641651546,
    "avgUniquePipsInHand": 8.230333555712708,
    "avgMaxPipCluster": 2.2673724997718647,
    "avgHandEntropy": 2.73234609603652,
    "avgMoveValueSpread": 3.877979352319633,
    "avgNearOptimalFraction": 0.8081815885024666,
    "avgOwnTrailPlayRate": 0,
    "avgShieldsDownRate": 0.21570082513559824
  },
  "skillIndicators": 3,
  "timestamp": "2026-07-19T02:08:22.563Z",
  "durationSeconds": 137.243
}