{
  "warpFactor": 15,
  "playerCount": 4,
  "moduleConfig": "kappa",
  "moduleLabel": "Module Kappa (Temporal Inversion)",
  "zetaOmitted": false,
  "games": 500,
  "objective": "points",
  "summary": {
    "games": 500,
    "playerCount": 4,
    "maxPip": 15,
    "objective": "points",
    "avgLegalMovesPerTurn": 1.9136144625432074,
    "avgUniqueTrainsPerTurn": 0.8918943286214276,
    "avgConstrainedTileFraction": 0.5866519852599874,
    "avgUniquePipsInHand": 8.144753136647319,
    "avgMaxPipCluster": 2.641627354975427,
    "avgHandEntropy": 2.6678747477422884,
    "avgMoveValueSpread": 3.1573454048121237,
    "avgNearOptimalFraction": 0.8066805532951646,
    "avgOwnTrailPlayRate": 0,
    "avgShieldsDownRate": 0.04905908926907002
  },
  "skillIndicators": 3,
  "timestamp": "2026-07-19T01:38:21.362Z",
  "durationSeconds": 67.62
}