{
  "warpFactor": 12,
  "playerCount": 5,
  "moduleConfig": "epsilon",
  "moduleLabel": "Module Epsilon (Drafting)",
  "zetaOmitted": false,
  "games": 500,
  "objective": "points",
  "summary": {
    "games": 500,
    "playerCount": 5,
    "maxPip": 12,
    "objective": "points",
    "avgLegalMovesPerTurn": 1.309203219900221,
    "avgUniqueTrainsPerTurn": 0.6311614590268763,
    "avgConstrainedTileFraction": 0.3700706321613102,
    "avgUniquePipsInHand": 4.413531433533392,
    "avgMaxPipCluster": 1.5736353115819632,
    "avgHandEntropy": 1.5207877670049406,
    "avgMoveValueSpread": 1.996222331812947,
    "avgNearOptimalFraction": 0.854066777829846,
    "avgOwnTrailPlayRate": 0,
    "avgShieldsDownRate": 0.4443180246793073
  },
  "skillIndicators": 0,
  "timestamp": "2026-07-19T01:32:42.670Z",
  "durationSeconds": 41.915
}