{
  "warpFactor": 12,
  "playerCount": 5,
  "moduleConfig": "beta",
  "moduleLabel": "Module Beta (Salamander Penalty)",
  "zetaOmitted": false,
  "games": 500,
  "objective": "points",
  "summary": {
    "games": 500,
    "playerCount": 5,
    "maxPip": 12,
    "objective": "points",
    "avgLegalMovesPerTurn": 2.2079569903935714,
    "avgUniqueTrainsPerTurn": 1.051496388002255,
    "avgConstrainedTileFraction": 0.6150141374888607,
    "avgUniquePipsInHand": 7.3369275638822335,
    "avgMaxPipCluster": 2.660183577145466,
    "avgHandEntropy": 2.530120229739455,
    "avgMoveValueSpread": 3.1932023835359318,
    "avgNearOptimalFraction": 0.7573476661012143,
    "avgOwnTrailPlayRate": 0,
    "avgShieldsDownRate": 0.08162450475537218
  },
  "skillIndicators": 3,
  "timestamp": "2026-07-19T01:32:30.297Z",
  "durationSeconds": 36.109
}