{
  "warpFactor": 18,
  "playerCount": 11,
  "moduleConfig": "all",
  "moduleLabel": "All Modules (stress test) (Zeta omitted — fleet too small/uneven)",
  "zetaOmitted": true,
  "games": 500,
  "objective": "points",
  "summary": {
    "games": 500,
    "playerCount": 11,
    "maxPip": 18,
    "objective": "points",
    "avgLegalMovesPerTurn": 2.3222320361361493,
    "avgUniqueTrainsPerTurn": 0.8306466090734463,
    "avgConstrainedTileFraction": 0.5233748746641635,
    "avgUniquePipsInHand": 8.113959311769788,
    "avgMaxPipCluster": 2.236758405757645,
    "avgHandEntropy": 2.7203492977698986,
    "avgMoveValueSpread": 3.992381473260606,
    "avgNearOptimalFraction": 0.8079905560483728,
    "avgOwnTrailPlayRate": 0,
    "avgShieldsDownRate": 0.22781086573101403
  },
  "skillIndicators": 3,
  "timestamp": "2026-07-19T02:12:01.856Z",
  "durationSeconds": 176.634
}