{
  "warpFactor": 15,
  "playerCount": 9,
  "moduleConfig": "theta",
  "moduleLabel": "Module Theta (Longest Trail)",
  "zetaOmitted": false,
  "games": 500,
  "objective": "points",
  "summary": {
    "games": 500,
    "playerCount": 9,
    "maxPip": 15,
    "objective": "points",
    "avgLegalMovesPerTurn": 2.243993657555826,
    "avgUniqueTrainsPerTurn": 0.986780778170583,
    "avgConstrainedTileFraction": 0.5736468971368652,
    "avgUniquePipsInHand": 7.635748747339728,
    "avgMaxPipCluster": 2.3369908031925455,
    "avgHandEntropy": 2.614673939771733,
    "avgMoveValueSpread": 3.5395287952195362,
    "avgNearOptimalFraction": 0.7879656857373039,
    "avgOwnTrailPlayRate": 0,
    "avgShieldsDownRate": 0.17289806516919454
  },
  "skillIndicators": 3,
  "timestamp": "2026-07-19T01:44:18.492Z",
  "durationSeconds": 86.673
}