{
  "warpFactor": 12,
  "playerCount": 8,
  "moduleConfig": "epsilon",
  "moduleLabel": "Module Epsilon (Drafting)",
  "zetaOmitted": false,
  "games": 500,
  "objective": "points",
  "summary": {
    "games": 500,
    "playerCount": 8,
    "maxPip": 12,
    "objective": "points",
    "avgLegalMovesPerTurn": 1.3226171893675396,
    "avgUniqueTrainsPerTurn": 0.6018529502685043,
    "avgConstrainedTileFraction": 0.31884504070490705,
    "avgUniquePipsInHand": 3.9883901262635457,
    "avgMaxPipCluster": 1.358075027949638,
    "avgHandEntropy": 1.373276803981941,
    "avgMoveValueSpread": 2.0382609512632253,
    "avgNearOptimalFraction": 0.8556252086305668,
    "avgOwnTrailPlayRate": 0,
    "avgShieldsDownRate": 0.532629706503305
  },
  "skillIndicators": 1,
  "timestamp": "2026-07-19T01:34:47.699Z",
  "durationSeconds": 55.272
}