{
  "warpFactor": 18,
  "playerCount": 7,
  "moduleConfig": "beta",
  "moduleLabel": "Module Beta (Salamander Penalty)",
  "zetaOmitted": false,
  "games": 500,
  "objective": "points",
  "summary": {
    "games": 500,
    "playerCount": 7,
    "maxPip": 18,
    "objective": "points",
    "avgLegalMovesPerTurn": 1.9079678699881517,
    "avgUniqueTrainsPerTurn": 0.8681105182292156,
    "avgConstrainedTileFraction": 0.5651472657573768,
    "avgUniquePipsInHand": 8.14321142524218,
    "avgMaxPipCluster": 2.2955149454932795,
    "avgHandEntropy": 2.6975972384556623,
    "avgMoveValueSpread": 3.4135425760210487,
    "avgNearOptimalFraction": 0.8254504727349313,
    "avgOwnTrailPlayRate": 0,
    "avgShieldsDownRate": 0.1462535422242572
  },
  "skillIndicators": 3,
  "timestamp": "2026-07-19T02:00:57.830Z",
  "durationSeconds": 104.719
}