{
  "warpFactor": 15,
  "playerCount": 3,
  "moduleConfig": "alpha",
  "moduleLabel": "Module Alpha (Continuum)",
  "zetaOmitted": false,
  "games": 500,
  "objective": "points",
  "summary": {
    "games": 500,
    "playerCount": 3,
    "maxPip": 15,
    "objective": "points",
    "avgLegalMovesPerTurn": 1.6927433385711004,
    "avgUniqueTrainsPerTurn": 0.7698514151381758,
    "avgConstrainedTileFraction": 0.546260028795635,
    "avgUniquePipsInHand": 8.000054534626056,
    "avgMaxPipCluster": 2.637538569853326,
    "avgHandEntropy": 2.6564703373727365,
    "avgMoveValueSpread": 2.498271846981246,
    "avgNearOptimalFraction": 0.8406004345264025,
    "avgOwnTrailPlayRate": 0,
    "avgShieldsDownRate": 0.0361073033038816
  },
  "skillIndicators": 3,
  "timestamp": "2026-07-19T01:36:38.269Z",
  "durationSeconds": 66.248
}