{
  "warpFactor": 18,
  "playerCount": 18,
  "moduleConfig": "none",
  "moduleLabel": "Baseline (no modules)",
  "zetaOmitted": false,
  "games": 500,
  "objective": "points",
  "summary": {
    "games": 500,
    "playerCount": 18,
    "maxPip": 18,
    "objective": "points",
    "avgLegalMovesPerTurn": 2.5774501236237293,
    "avgUniqueTrainsPerTurn": 0.8505280112214728,
    "avgConstrainedTileFraction": 0.527028417911606,
    "avgUniquePipsInHand": 7.383447732366179,
    "avgMaxPipCluster": 2.0194832815890273,
    "avgHandEntropy": 2.6397174102643177,
    "avgMoveValueSpread": 3.3964584170777137,
    "avgNearOptimalFraction": 0.8312370579425564,
    "avgOwnTrailPlayRate": 0,
    "avgShieldsDownRate": 0.45493497279923645
  },
  "skillIndicators": 3,
  "timestamp": "2026-07-19T02:27:39.177Z",
  "durationSeconds": 185.463
}