{
  "warpFactor": 12,
  "playerCount": 3,
  "moduleConfig": "beta",
  "moduleLabel": "Module Beta (Salamander Penalty)",
  "zetaOmitted": false,
  "games": 500,
  "objective": "points",
  "summary": {
    "games": 500,
    "playerCount": 3,
    "maxPip": 12,
    "objective": "points",
    "avgLegalMovesPerTurn": 1.980328191212228,
    "avgUniqueTrainsPerTurn": 0.9278291967118256,
    "avgConstrainedTileFraction": 0.6007672984651654,
    "avgUniquePipsInHand": 7.3028536668346,
    "avgMaxPipCluster": 2.752043707660553,
    "avgHandEntropy": 2.517156125520598,
    "avgMoveValueSpread": 2.7346083825949123,
    "avgNearOptimalFraction": 0.7860394615617647,
    "avgOwnTrailPlayRate": 0,
    "avgShieldsDownRate": 0.044579147622190174
  },
  "skillIndicators": 3,
  "timestamp": "2026-07-19T01:31:32.629Z",
  "durationSeconds": 33.235
}