{
  "warpFactor": 15,
  "playerCount": 8,
  "moduleConfig": "mu",
  "moduleLabel": "Subspace Fracture (Own Trail)",
  "zetaOmitted": false,
  "games": 500,
  "objective": "points",
  "summary": {
    "games": 500,
    "playerCount": 8,
    "maxPip": 15,
    "objective": "points",
    "avgLegalMovesPerTurn": 2.2453931362162747,
    "avgUniqueTrainsPerTurn": 0.952440643273996,
    "avgConstrainedTileFraction": 0.5658498400204584,
    "avgUniquePipsInHand": 7.73118707646697,
    "avgMaxPipCluster": 2.3935102493028584,
    "avgHandEntropy": 2.61959440578053,
    "avgMoveValueSpread": 3.666664290356369,
    "avgNearOptimalFraction": 0.7822162464315164,
    "avgOwnTrailPlayRate": 0,
    "avgShieldsDownRate": 0.13150384859923137
  },
  "skillIndicators": 3,
  "timestamp": "2026-07-19T01:43:23.352Z",
  "durationSeconds": 88.534
}