{
  "warpFactor": 12,
  "playerCount": 4,
  "moduleConfig": "epsilon",
  "moduleLabel": "Module Epsilon (Drafting)",
  "zetaOmitted": false,
  "games": 500,
  "objective": "points",
  "summary": {
    "games": 500,
    "playerCount": 4,
    "maxPip": 12,
    "objective": "points",
    "avgLegalMovesPerTurn": 1.3679128705530061,
    "avgUniqueTrainsPerTurn": 0.6462577143925113,
    "avgConstrainedTileFraction": 0.390800061435413,
    "avgUniquePipsInHand": 4.706318364160531,
    "avgMaxPipCluster": 1.7433982320891255,
    "avgHandEntropy": 1.5816239074096488,
    "avgMoveValueSpread": 2.153574135422664,
    "avgNearOptimalFraction": 0.8386178775320493,
    "avgOwnTrailPlayRate": 0,
    "avgShieldsDownRate": 0.42153888678432977
  },
  "skillIndicators": 1,
  "timestamp": "2026-07-19T01:32:15.498Z",
  "durationSeconds": 43.386
}