{
  "warpFactor": 18,
  "playerCount": 8,
  "moduleConfig": "theta",
  "moduleLabel": "Module Theta (Longest Trail)",
  "zetaOmitted": false,
  "games": 500,
  "objective": "points",
  "summary": {
    "games": 500,
    "playerCount": 8,
    "maxPip": 18,
    "objective": "points",
    "avgLegalMovesPerTurn": 2.030093625188461,
    "avgUniqueTrainsPerTurn": 0.9071212146517686,
    "avgConstrainedTileFraction": 0.5757777424509367,
    "avgUniquePipsInHand": 8.307319008130126,
    "avgMaxPipCluster": 2.3217900800384252,
    "avgHandEntropy": 2.727300938256507,
    "avgMoveValueSpread": 3.7450952477196404,
    "avgNearOptimalFraction": 0.8100230873356928,
    "avgOwnTrailPlayRate": 0,
    "avgShieldsDownRate": 0.16001128145836221
  },
  "skillIndicators": 3,
  "timestamp": "2026-07-19T02:03:33.981Z",
  "durationSeconds": 115.01
}