{
  "warpFactor": 12,
  "playerCount": 7,
  "moduleConfig": "mu",
  "moduleLabel": "Subspace Fracture (Own Trail)",
  "zetaOmitted": false,
  "games": 500,
  "objective": "points",
  "summary": {
    "games": 500,
    "playerCount": 7,
    "maxPip": 12,
    "objective": "points",
    "avgLegalMovesPerTurn": 2.378149600398354,
    "avgUniqueTrainsPerTurn": 1.031044861023529,
    "avgConstrainedTileFraction": 0.5807901249887144,
    "avgUniquePipsInHand": 7.167619850304765,
    "avgMaxPipCluster": 2.531045891365129,
    "avgHandEntropy": 2.506144990626812,
    "avgMoveValueSpread": 3.3328213805772937,
    "avgNearOptimalFraction": 0.7554160003732443,
    "avgOwnTrailPlayRate": 0,
    "avgShieldsDownRate": 0.12153558559778928
  },
  "skillIndicators": 3,
  "timestamp": "2026-07-19T01:34:27.251Z",
  "durationSeconds": 45.488
}