{
  "warpFactor": 9,
  "playerCount": 4,
  "moduleConfig": "gamma",
  "moduleLabel": "Module Gamma (Sensor Grid)",
  "zetaOmitted": false,
  "games": 500,
  "objective": "points",
  "summary": {
    "games": 500,
    "playerCount": 4,
    "maxPip": 9,
    "objective": "points",
    "avgLegalMovesPerTurn": 1.856121497541545,
    "avgUniqueTrainsPerTurn": 0.9507455653080532,
    "avgConstrainedTileFraction": 0.53705968353078,
    "avgUniquePipsInHand": 5.369583875420483,
    "avgMaxPipCluster": 2.2307719929753267,
    "avgHandEntropy": 2.1214076941252604,
    "avgMoveValueSpread": 1.686802168989077,
    "avgNearOptimalFraction": 0.8306052816379494,
    "avgOwnTrailPlayRate": 0,
    "avgShieldsDownRate": 0.15296520119290205
  },
  "skillIndicators": 2,
  "timestamp": "2026-07-19T01:30:15.190Z",
  "durationSeconds": 4.784
}