{
  "warpFactor": 12,
  "playerCount": 4,
  "moduleConfig": "beta",
  "moduleLabel": "Module Beta (Salamander Penalty)",
  "zetaOmitted": false,
  "games": 500,
  "objective": "points",
  "summary": {
    "games": 500,
    "playerCount": 4,
    "maxPip": 12,
    "objective": "points",
    "avgLegalMovesPerTurn": 2.2745106427278308,
    "avgUniqueTrainsPerTurn": 1.061681136528652,
    "avgConstrainedTileFraction": 0.6397695621992486,
    "avgUniquePipsInHand": 7.742118646690535,
    "avgMaxPipCluster": 2.8872288074952817,
    "avgHandEntropy": 2.599506727405154,
    "avgMoveValueSpread": 3.409981447359167,
    "avgNearOptimalFraction": 0.7370716555839937,
    "avgOwnTrailPlayRate": 0,
    "avgShieldsDownRate": 0.057454038740888266
  },
  "skillIndicators": 3,
  "timestamp": "2026-07-19T01:31:58.061Z",
  "durationSeconds": 40.924
}