{
  "warpFactor": 12,
  "playerCount": 3,
  "moduleConfig": "gamma",
  "moduleLabel": "Module Gamma (Sensor Grid)",
  "zetaOmitted": false,
  "games": 500,
  "objective": "points",
  "summary": {
    "games": 500,
    "playerCount": 3,
    "maxPip": 12,
    "objective": "points",
    "avgLegalMovesPerTurn": 1.9925213822725631,
    "avgUniqueTrainsPerTurn": 0.9325077303999777,
    "avgConstrainedTileFraction": 0.6012521449740702,
    "avgUniquePipsInHand": 7.3868974101650435,
    "avgMaxPipCluster": 2.775933074561,
    "avgHandEntropy": 2.5353329332356758,
    "avgMoveValueSpread": 2.780762731105654,
    "avgNearOptimalFraction": 0.7833367844340288,
    "avgOwnTrailPlayRate": 0,
    "avgShieldsDownRate": 0.04552049912382436
  },
  "skillIndicators": 3,
  "timestamp": "2026-07-19T01:31:31.866Z",
  "durationSeconds": 32.052
}