{
  "warpFactor": 18,
  "playerCount": 11,
  "moduleConfig": "gamma",
  "moduleLabel": "Module Gamma (Sensor Grid)",
  "zetaOmitted": false,
  "games": 500,
  "objective": "points",
  "summary": {
    "games": 500,
    "playerCount": 11,
    "maxPip": 18,
    "objective": "points",
    "avgLegalMovesPerTurn": 2.1833501410810894,
    "avgUniqueTrainsPerTurn": 0.8905734172765851,
    "avgConstrainedTileFraction": 0.5582391950602393,
    "avgUniquePipsInHand": 7.954215083341073,
    "avgMaxPipCluster": 2.1914867748873146,
    "avgHandEntropy": 2.6988748984862485,
    "avgMoveValueSpread": 3.65607175084518,
    "avgNearOptimalFraction": 0.8162711656680592,
    "avgOwnTrailPlayRate": 0,
    "avgShieldsDownRate": 0.27429890974177407
  },
  "skillIndicators": 3,
  "timestamp": "2026-07-19T02:09:34.240Z",
  "durationSeconds": 135.435
}