{
  "warpFactor": 18,
  "playerCount": 3,
  "moduleConfig": "beta",
  "moduleLabel": "Module Beta (Salamander Penalty)",
  "zetaOmitted": false,
  "games": 500,
  "objective": "points",
  "summary": {
    "games": 500,
    "playerCount": 3,
    "maxPip": 18,
    "objective": "points",
    "avgLegalMovesPerTurn": 1.5374678210191814,
    "avgUniqueTrainsPerTurn": 0.6840415853508348,
    "avgConstrainedTileFraction": 0.5200943666158914,
    "avgUniquePipsInHand": 8.807761894241452,
    "avgMaxPipCluster": 2.617950610479912,
    "avgHandEntropy": 2.8022334602926757,
    "avgMoveValueSpread": 2.4130803052316687,
    "avgNearOptimalFraction": 0.8693146318718802,
    "avgOwnTrailPlayRate": 0,
    "avgShieldsDownRate": 0.02867666897471249
  },
  "skillIndicators": 3,
  "timestamp": "2026-07-19T01:53:29.095Z",
  "durationSeconds": 146.857
}