{
  "warpFactor": 18,
  "playerCount": 8,
  "moduleConfig": "delta",
  "moduleLabel": "Module Delta (Warp Drive Spool)",
  "zetaOmitted": false,
  "games": 500,
  "objective": "points",
  "summary": {
    "games": 500,
    "playerCount": 8,
    "maxPip": 18,
    "objective": "points",
    "avgLegalMovesPerTurn": 2.02673571220282,
    "avgUniqueTrainsPerTurn": 0.9052638225911602,
    "avgConstrainedTileFraction": 0.5745048058559071,
    "avgUniquePipsInHand": 8.289998236240388,
    "avgMaxPipCluster": 2.316991070197899,
    "avgHandEntropy": 2.7243513991213764,
    "avgMoveValueSpread": 3.734312920074189,
    "avgNearOptimalFraction": 0.8107184433054627,
    "avgOwnTrailPlayRate": 0,
    "avgShieldsDownRate": 0.15863903874258542
  },
  "skillIndicators": 3,
  "timestamp": "2026-07-19T02:02:47.013Z",
  "durationSeconds": 93.296
}