{
  "warpFactor": 12,
  "playerCount": 6,
  "moduleConfig": "epsilon",
  "moduleLabel": "Module Epsilon (Drafting)",
  "zetaOmitted": false,
  "games": 500,
  "objective": "points",
  "summary": {
    "games": 500,
    "playerCount": 6,
    "maxPip": 12,
    "objective": "points",
    "avgLegalMovesPerTurn": 1.33501733967977,
    "avgUniqueTrainsPerTurn": 0.6344623612257804,
    "avgConstrainedTileFraction": 0.3564796728909203,
    "avgUniquePipsInHand": 4.331082175548355,
    "avgMaxPipCluster": 1.528888553245559,
    "avgHandEntropy": 1.4671793575887593,
    "avgMoveValueSpread": 2.125342415770962,
    "avgNearOptimalFraction": 0.8462537432418231,
    "avgOwnTrailPlayRate": 0,
    "avgShieldsDownRate": 0.4825016019432288
  },
  "skillIndicators": 1,
  "timestamp": "2026-07-19T01:33:20.644Z",
  "durationSeconds": 49.463
}