{
  "warpFactor": 12,
  "playerCount": 2,
  "moduleConfig": "lambda",
  "moduleLabel": "Module Lambda (Wormholes)",
  "zetaOmitted": false,
  "games": 500,
  "objective": "points",
  "summary": {
    "games": 500,
    "playerCount": 2,
    "maxPip": 12,
    "objective": "points",
    "avgLegalMovesPerTurn": 1.695894265430969,
    "avgUniqueTrainsPerTurn": 0.7617707195552508,
    "avgConstrainedTileFraction": 0.5474238122639813,
    "avgUniquePipsInHand": 7.261813167283379,
    "avgMaxPipCluster": 2.7818003609197564,
    "avgHandEntropy": 2.5269885247452284,
    "avgMoveValueSpread": 2.0684809921616414,
    "avgNearOptimalFraction": 0.8344449148465825,
    "avgOwnTrailPlayRate": 0,
    "avgShieldsDownRate": 0.026255218323366806
  },
  "skillIndicators": 3,
  "timestamp": "2026-07-19T01:31:04.887Z",
  "durationSeconds": 37.315
}