{
  "warpFactor": 12,
  "playerCount": 8,
  "moduleConfig": "beta",
  "moduleLabel": "Module Beta (Salamander Penalty)",
  "zetaOmitted": false,
  "games": 500,
  "objective": "points",
  "summary": {
    "games": 500,
    "playerCount": 8,
    "maxPip": 12,
    "objective": "points",
    "avgLegalMovesPerTurn": 2.526710028748256,
    "avgUniqueTrainsPerTurn": 1.1227814073341136,
    "avgConstrainedTileFraction": 0.5932154254465053,
    "avgUniquePipsInHand": 7.443837648685552,
    "avgMaxPipCluster": 2.598747696959109,
    "avgHandEntropy": 2.5661931182567317,
    "avgMoveValueSpread": 3.6309524344119573,
    "avgNearOptimalFraction": 0.7296402722270678,
    "avgOwnTrailPlayRate": 0,
    "avgShieldsDownRate": 0.13467536197320534
  },
  "skillIndicators": 3,
  "timestamp": "2026-07-19T01:34:39.434Z",
  "durationSeconds": 49.222
}