{
  "warpFactor": 12,
  "playerCount": 2,
  "moduleConfig": "gamma",
  "moduleLabel": "Module Gamma (Sensor Grid)",
  "zetaOmitted": false,
  "games": 500,
  "objective": "points",
  "summary": {
    "games": 500,
    "playerCount": 2,
    "maxPip": 12,
    "objective": "points",
    "avgLegalMovesPerTurn": 1.70374483831137,
    "avgUniqueTrainsPerTurn": 0.7672762615252435,
    "avgConstrainedTileFraction": 0.5482567203949131,
    "avgUniquePipsInHand": 7.288383195147132,
    "avgMaxPipCluster": 2.792506395928851,
    "avgHandEntropy": 2.5318733936273925,
    "avgMoveValueSpread": 2.0919125585006726,
    "avgNearOptimalFraction": 0.8327843093779048,
    "avgOwnTrailPlayRate": 0,
    "avgShieldsDownRate": 0.029239872031210132
  },
  "skillIndicators": 3,
  "timestamp": "2026-07-19T01:30:59.798Z",
  "durationSeconds": 32.225
}