{
  "warpFactor": 12,
  "playerCount": 3,
  "moduleConfig": "epsilon",
  "moduleLabel": "Module Epsilon (Drafting)",
  "zetaOmitted": false,
  "games": 500,
  "objective": "points",
  "summary": {
    "games": 500,
    "playerCount": 3,
    "maxPip": 12,
    "objective": "points",
    "avgLegalMovesPerTurn": 1.3281463541292067,
    "avgUniqueTrainsPerTurn": 0.6266407536434667,
    "avgConstrainedTileFraction": 0.4068470356538619,
    "avgUniquePipsInHand": 4.939827244980816,
    "avgMaxPipCluster": 1.8548630605746972,
    "avgHandEntropy": 1.7036527921764102,
    "avgMoveValueSpread": 1.9028049689124735,
    "avgNearOptimalFraction": 0.854359956439927,
    "avgOwnTrailPlayRate": 0,
    "avgShieldsDownRate": 0.3491322646497042
  },
  "skillIndicators": 0,
  "timestamp": "2026-07-19T01:31:39.773Z",
  "durationSeconds": 37.497
}