{
  "warpFactor": 12,
  "playerCount": 8,
  "moduleConfig": "lambda",
  "moduleLabel": "Module Lambda (Wormholes)",
  "zetaOmitted": false,
  "games": 500,
  "objective": "points",
  "summary": {
    "games": 500,
    "playerCount": 8,
    "maxPip": 12,
    "objective": "points",
    "avgLegalMovesPerTurn": 2.492897898312014,
    "avgUniqueTrainsPerTurn": 1.1123956933181283,
    "avgConstrainedTileFraction": 0.5930340507647566,
    "avgUniquePipsInHand": 7.416940376697584,
    "avgMaxPipCluster": 2.5874330570408897,
    "avgHandEntropy": 2.5589549562526313,
    "avgMoveValueSpread": 3.59288487184839,
    "avgNearOptimalFraction": 0.7337910739186454,
    "avgOwnTrailPlayRate": 0,
    "avgShieldsDownRate": 0.1290390950691415
  },
  "skillIndicators": 3,
  "timestamp": "2026-07-19T01:35:04.286Z",
  "durationSeconds": 55.52
}