{
  "warpFactor": 12,
  "playerCount": 7,
  "moduleConfig": "epsilon",
  "moduleLabel": "Module Epsilon (Drafting)",
  "zetaOmitted": false,
  "games": 500,
  "objective": "points",
  "summary": {
    "games": 500,
    "playerCount": 7,
    "maxPip": 12,
    "objective": "points",
    "avgLegalMovesPerTurn": 1.2974536431615211,
    "avgUniqueTrainsPerTurn": 0.6155785557138203,
    "avgConstrainedTileFraction": 0.3393680483688103,
    "avgUniquePipsInHand": 4.094920642437759,
    "avgMaxPipCluster": 1.4087387807285716,
    "avgHandEntropy": 1.4280475597397675,
    "avgMoveValueSpread": 1.9548809357729233,
    "avgNearOptimalFraction": 0.8604400543936628,
    "avgOwnTrailPlayRate": 0,
    "avgShieldsDownRate": 0.49912226362588036
  },
  "skillIndicators": 0,
  "timestamp": "2026-07-19T01:34:01.848Z",
  "durationSeconds": 49.287
}