{
  "warpFactor": 18,
  "playerCount": 7,
  "moduleConfig": "alpha",
  "moduleLabel": "Module Alpha (Continuum)",
  "zetaOmitted": false,
  "games": 500,
  "objective": "points",
  "summary": {
    "games": 500,
    "playerCount": 7,
    "maxPip": 18,
    "objective": "points",
    "avgLegalMovesPerTurn": 1.9056986463090988,
    "avgUniqueTrainsPerTurn": 0.8699782821607279,
    "avgConstrainedTileFraction": 0.5655347027336566,
    "avgUniquePipsInHand": 8.154024793229064,
    "avgMaxPipCluster": 2.295097858143072,
    "avgHandEntropy": 2.699287669183543,
    "avgMoveValueSpread": 3.4240617755509577,
    "avgNearOptimalFraction": 0.8253478077462155,
    "avgOwnTrailPlayRate": 0,
    "avgShieldsDownRate": 0.1461388425651992
  },
  "skillIndicators": 3,
  "timestamp": "2026-07-19T02:00:54.514Z",
  "durationSeconds": 102.105
}