{
  "warpFactor": 15,
  "playerCount": 5,
  "moduleConfig": "theta",
  "moduleLabel": "Module Theta (Longest Trail)",
  "zetaOmitted": false,
  "games": 500,
  "objective": "points",
  "summary": {
    "games": 500,
    "playerCount": 5,
    "maxPip": 15,
    "objective": "points",
    "avgLegalMovesPerTurn": 1.9270453219025208,
    "avgUniqueTrainsPerTurn": 0.9104272137170648,
    "avgConstrainedTileFraction": 0.579967730067808,
    "avgUniquePipsInHand": 7.790846866868344,
    "avgMaxPipCluster": 2.476429332420793,
    "avgHandEntropy": 2.6127252603451034,
    "avgMoveValueSpread": 3.1190467745258195,
    "avgNearOptimalFraction": 0.8078469122999723,
    "avgOwnTrailPlayRate": 0,
    "avgShieldsDownRate": 0.0785302904957872
  },
  "skillIndicators": 3,
  "timestamp": "2026-07-19T01:39:20.689Z",
  "durationSeconds": 62.629
}