{
  "warpFactor": 12,
  "playerCount": 8,
  "moduleConfig": "alpha",
  "moduleLabel": "Module Alpha (Continuum)",
  "zetaOmitted": false,
  "games": 500,
  "objective": "points",
  "summary": {
    "games": 500,
    "playerCount": 8,
    "maxPip": 12,
    "objective": "points",
    "avgLegalMovesPerTurn": 2.5137586828047276,
    "avgUniqueTrainsPerTurn": 1.1205259442294864,
    "avgConstrainedTileFraction": 0.5924061165172417,
    "avgUniquePipsInHand": 7.442529254015035,
    "avgMaxPipCluster": 2.5962704121614473,
    "avgHandEntropy": 2.5663564625849995,
    "avgMoveValueSpread": 3.6277468272821007,
    "avgNearOptimalFraction": 0.7317114858517408,
    "avgOwnTrailPlayRate": 0,
    "avgShieldsDownRate": 0.13386643989828903
  },
  "skillIndicators": 3,
  "timestamp": "2026-07-19T01:34:39.216Z",
  "durationSeconds": 50.079
}