{
  "warpFactor": 12,
  "playerCount": 2,
  "moduleConfig": "all",
  "moduleLabel": "All Modules (stress test) (Zeta omitted — fleet too small/uneven)",
  "zetaOmitted": true,
  "games": 500,
  "objective": "points",
  "summary": {
    "games": 500,
    "playerCount": 2,
    "maxPip": 12,
    "objective": "points",
    "avgLegalMovesPerTurn": 1.9882720254459716,
    "avgUniqueTrainsPerTurn": 0.822016239605801,
    "avgConstrainedTileFraction": 0.5795940812516857,
    "avgUniquePipsInHand": 8.953258992312303,
    "avgMaxPipCluster": 3.5684683531173627,
    "avgHandEntropy": 2.8297807535406627,
    "avgMoveValueSpread": 2.808742462013547,
    "avgNearOptimalFraction": 0.7825704757672824,
    "avgOwnTrailPlayRate": 0,
    "avgShieldsDownRate": 0.024831158895171696
  },
  "skillIndicators": 3,
  "timestamp": "2026-07-19T01:31:16.411Z",
  "durationSeconds": 48.811
}