{
  "warpFactor": 15,
  "playerCount": 8,
  "moduleConfig": "all",
  "moduleLabel": "All Modules (stress test)",
  "zetaOmitted": false,
  "games": 500,
  "objective": "points",
  "summary": {
    "games": 500,
    "playerCount": 8,
    "maxPip": 15,
    "objective": "points",
    "avgLegalMovesPerTurn": 1.8767610808850785,
    "avgUniqueTrainsPerTurn": 0.9037608715976121,
    "avgConstrainedTileFraction": 0.5972072035410692,
    "avgUniquePipsInHand": 8.044372670871097,
    "avgMaxPipCluster": 2.49909178421243,
    "avgHandEntropy": 2.6785191409067797,
    "avgMoveValueSpread": 3.240329276376663,
    "avgNearOptimalFraction": 0.8051783303048846,
    "avgOwnTrailPlayRate": 0,
    "avgShieldsDownRate": 0.03771866695737562
  },
  "skillIndicators": 3,
  "timestamp": "2026-07-19T01:44:19.844Z",
  "durationSeconds": 118.899
}