{
  "warpFactor": 12,
  "playerCount": 5,
  "moduleConfig": "none",
  "moduleLabel": "Baseline (no modules)",
  "zetaOmitted": false,
  "games": 500,
  "objective": "points",
  "summary": {
    "games": 500,
    "playerCount": 5,
    "maxPip": 12,
    "objective": "points",
    "avgLegalMovesPerTurn": 2.20435631839512,
    "avgUniqueTrainsPerTurn": 1.0499431071569314,
    "avgConstrainedTileFraction": 0.6137324424973687,
    "avgUniquePipsInHand": 7.339429830553079,
    "avgMaxPipCluster": 2.654742701374027,
    "avgHandEntropy": 2.5298400092668314,
    "avgMoveValueSpread": 3.1826415903975898,
    "avgNearOptimalFraction": 0.758636239303761,
    "avgOwnTrailPlayRate": 0,
    "avgShieldsDownRate": 0.08169289830522902
  },
  "skillIndicators": 3,
  "timestamp": "2026-07-19T01:32:27.247Z",
  "durationSeconds": 38.493
}