{
  "warpFactor": 18,
  "playerCount": 14,
  "moduleConfig": "none",
  "moduleLabel": "Baseline (no modules)",
  "zetaOmitted": false,
  "games": 500,
  "objective": "points",
  "summary": {
    "games": 500,
    "playerCount": 14,
    "maxPip": 18,
    "objective": "points",
    "avgLegalMovesPerTurn": 2.3485090828741058,
    "avgUniqueTrainsPerTurn": 0.8737832180453847,
    "avgConstrainedTileFraction": 0.546597446412997,
    "avgUniquePipsInHand": 7.705474437116347,
    "avgMaxPipCluster": 2.1115362067359382,
    "avgHandEntropy": 2.6755362696360687,
    "avgMoveValueSpread": 3.573849910952576,
    "avgNearOptimalFraction": 0.8213201378861168,
    "avgOwnTrailPlayRate": 0,
    "avgShieldsDownRate": 0.36051182140096355
  },
  "skillIndicators": 3,
  "timestamp": "2026-07-19T02:16:38.774Z",
  "durationSeconds": 153.127
}