{
  "warpFactor": 15,
  "playerCount": 11,
  "moduleConfig": "gamma",
  "moduleLabel": "Module Gamma (Sensor Grid)",
  "zetaOmitted": false,
  "games": 500,
  "objective": "points",
  "summary": {
    "games": 500,
    "playerCount": 11,
    "maxPip": 15,
    "objective": "points",
    "avgLegalMovesPerTurn": 2.3750778048834627,
    "avgUniqueTrainsPerTurn": 0.9787525337230958,
    "avgConstrainedTileFraction": 0.5592368055214684,
    "avgUniquePipsInHand": 7.5084067021618015,
    "avgMaxPipCluster": 2.272661918900091,
    "avgHandEntropy": 2.609341859116608,
    "avgMoveValueSpread": 3.5086494729744993,
    "avgNearOptimalFraction": 0.7905435859325685,
    "avgOwnTrailPlayRate": 0,
    "avgShieldsDownRate": 0.2323980556931198
  },
  "skillIndicators": 3,
  "timestamp": "2026-07-19T01:46:52.565Z",
  "durationSeconds": 92.212
}