{
  "warpFactor": 15,
  "playerCount": 6,
  "moduleConfig": "gamma",
  "moduleLabel": "Module Gamma (Sensor Grid)",
  "zetaOmitted": false,
  "games": 500,
  "objective": "points",
  "summary": {
    "games": 500,
    "playerCount": 6,
    "maxPip": 15,
    "objective": "points",
    "avgLegalMovesPerTurn": 2.093118590928578,
    "avgUniqueTrainsPerTurn": 0.9798408324548631,
    "avgConstrainedTileFraction": 0.5979628616335252,
    "avgUniquePipsInHand": 8.034824685660407,
    "avgMaxPipCluster": 2.5275964861319284,
    "avgHandEntropy": 2.6575866499496645,
    "avgMoveValueSpread": 3.565866998977897,
    "avgNearOptimalFraction": 0.7826851299980349,
    "avgOwnTrailPlayRate": 0,
    "avgShieldsDownRate": 0.08765757872816088
  },
  "skillIndicators": 3,
  "timestamp": "2026-07-19T01:40:14.789Z",
  "durationSeconds": 72.315
}