{
  "warpFactor": 12,
  "playerCount": 5,
  "moduleConfig": "eta",
  "moduleLabel": "Module Eta (Temporal Debt)",
  "zetaOmitted": false,
  "games": 500,
  "objective": "points",
  "summary": {
    "games": 500,
    "playerCount": 5,
    "maxPip": 12,
    "objective": "points",
    "avgLegalMovesPerTurn": 2.2051266414281527,
    "avgUniqueTrainsPerTurn": 1.0513961110445482,
    "avgConstrainedTileFraction": 0.6139907240526101,
    "avgUniquePipsInHand": 7.328809738198765,
    "avgMaxPipCluster": 2.6542080129197108,
    "avgHandEntropy": 2.5273861386249776,
    "avgMoveValueSpread": 3.2027382866722722,
    "avgNearOptimalFraction": 0.757667296984609,
    "avgOwnTrailPlayRate": 0,
    "avgShieldsDownRate": 0.08138864536464392
  },
  "skillIndicators": 3,
  "timestamp": "2026-07-19T01:32:33.956Z",
  "durationSeconds": 29.62
}