{
  "warpFactor": 18,
  "playerCount": 14,
  "moduleConfig": "mu",
  "moduleLabel": "Subspace Fracture (Own Trail)",
  "zetaOmitted": false,
  "games": 500,
  "objective": "points",
  "summary": {
    "games": 500,
    "playerCount": 14,
    "maxPip": 18,
    "objective": "points",
    "avgLegalMovesPerTurn": 2.3873093722075365,
    "avgUniqueTrainsPerTurn": 0.8591130902567651,
    "avgConstrainedTileFraction": 0.5349697502229317,
    "avgUniquePipsInHand": 7.6619803446211625,
    "avgMaxPipCluster": 2.102278871032598,
    "avgHandEntropy": 2.666848760442179,
    "avgMoveValueSpread": 3.664807888705756,
    "avgNearOptimalFraction": 0.8181111847251499,
    "avgOwnTrailPlayRate": 0,
    "avgShieldsDownRate": 0.3578166272281719
  },
  "skillIndicators": 3,
  "timestamp": "2026-07-19T02:18:04.093Z",
  "durationSeconds": 158.481
}