{
  "warpFactor": 18,
  "playerCount": 3,
  "moduleConfig": "official",
  "moduleLabel": "Official Warp 12 Preset",
  "zetaOmitted": false,
  "games": 500,
  "objective": "points",
  "summary": {
    "games": 500,
    "playerCount": 3,
    "maxPip": 18,
    "objective": "points",
    "avgLegalMovesPerTurn": 1.5563096932364244,
    "avgUniqueTrainsPerTurn": 0.6719644029895253,
    "avgConstrainedTileFraction": 0.511336819780314,
    "avgUniquePipsInHand": 8.663297895645856,
    "avgMaxPipCluster": 2.579901191809254,
    "avgHandEntropy": 2.7680303947944433,
    "avgMoveValueSpread": 2.3601406940995857,
    "avgNearOptimalFraction": 0.8720778210434288,
    "avgOwnTrailPlayRate": 0,
    "avgShieldsDownRate": 0.02881171137171903
  },
  "skillIndicators": 3,
  "timestamp": "2026-07-19T01:55:08.751Z",
  "durationSeconds": 164.513
}