{
  "warpFactor": 12,
  "playerCount": 4,
  "moduleConfig": "official",
  "moduleLabel": "Official Warp 12 Preset",
  "zetaOmitted": false,
  "games": 500,
  "objective": "points",
  "summary": {
    "games": 500,
    "playerCount": 4,
    "maxPip": 12,
    "objective": "points",
    "avgLegalMovesPerTurn": 2.2818701509988757,
    "avgUniqueTrainsPerTurn": 1.0188611476660645,
    "avgConstrainedTileFraction": 0.616062214727569,
    "avgUniquePipsInHand": 7.535032259497093,
    "avgMaxPipCluster": 2.817707847744286,
    "avgHandEntropy": 2.542049842167065,
    "avgMoveValueSpread": 3.2586133078885444,
    "avgNearOptimalFraction": 0.7482021441083037,
    "avgOwnTrailPlayRate": 0,
    "avgShieldsDownRate": 0.054283972380677815
  },
  "skillIndicators": 3,
  "timestamp": "2026-07-19T01:32:26.704Z",
  "durationSeconds": 43.499
}