{
  "warpFactor": 15,
  "playerCount": 10,
  "moduleConfig": "zeta",
  "moduleLabel": "Module Zeta (Squadrons)",
  "zetaOmitted": false,
  "games": 500,
  "objective": "points",
  "summary": {
    "games": 500,
    "playerCount": 10,
    "maxPip": 15,
    "objective": "points",
    "avgLegalMovesPerTurn": 1.9319416376900107,
    "avgUniqueTrainsPerTurn": 1.0021588545122437,
    "avgConstrainedTileFraction": 0.6156875583393544,
    "avgUniquePipsInHand": 7.414722889069051,
    "avgMaxPipCluster": 2.283846162618885,
    "avgHandEntropy": 2.5841557434322024,
    "avgMoveValueSpread": 3.34002644157468,
    "avgNearOptimalFraction": 0.7995031808120736,
    "avgOwnTrailPlayRate": 0,
    "avgShieldsDownRate": 0.05723249930827305
  },
  "skillIndicators": 3,
  "timestamp": "2026-07-19T01:46:50.321Z",
  "durationSeconds": 107.982
}