{
  "warpFactor": 12,
  "playerCount": 8,
  "moduleConfig": "gamma",
  "moduleLabel": "Module Gamma (Sensor Grid)",
  "zetaOmitted": false,
  "games": 500,
  "objective": "points",
  "summary": {
    "games": 500,
    "playerCount": 8,
    "maxPip": 12,
    "objective": "points",
    "avgLegalMovesPerTurn": 2.555069331675328,
    "avgUniqueTrainsPerTurn": 1.1224013209493293,
    "avgConstrainedTileFraction": 0.5855528475061941,
    "avgUniquePipsInHand": 7.439452050310377,
    "avgMaxPipCluster": 2.5871150171900688,
    "avgHandEntropy": 2.5631803846075583,
    "avgMoveValueSpread": 3.7002284455285355,
    "avgNearOptimalFraction": 0.7265096408370222,
    "avgOwnTrailPlayRate": 0,
    "avgShieldsDownRate": 0.14751296537220865
  },
  "skillIndicators": 3,
  "timestamp": "2026-07-19T01:34:38.394Z",
  "durationSeconds": 47.114
}