{
  "warpFactor": 18,
  "playerCount": 14,
  "moduleConfig": "iota",
  "moduleLabel": "Module Iota (Double Down)",
  "zetaOmitted": false,
  "games": 500,
  "objective": "points",
  "summary": {
    "games": 500,
    "playerCount": 14,
    "maxPip": 18,
    "objective": "points",
    "avgLegalMovesPerTurn": 2.442184401709008,
    "avgUniqueTrainsPerTurn": 0.8994853530123177,
    "avgConstrainedTileFraction": 0.5559094693242336,
    "avgUniquePipsInHand": 7.911176424588327,
    "avgMaxPipCluster": 2.1571427527502993,
    "avgHandEntropy": 2.7114693979119813,
    "avgMoveValueSpread": 3.8686823946937174,
    "avgNearOptimalFraction": 0.8079798446344556,
    "avgOwnTrailPlayRate": 0,
    "avgShieldsDownRate": 0.33874131798294566
  },
  "skillIndicators": 3,
  "timestamp": "2026-07-19T02:17:44.278Z",
  "durationSeconds": 163.294
}