{
  "warpFactor": 18,
  "playerCount": 5,
  "moduleConfig": "gamma",
  "moduleLabel": "Module Gamma (Sensor Grid)",
  "zetaOmitted": false,
  "games": 500,
  "objective": "points",
  "summary": {
    "games": 500,
    "playerCount": 5,
    "maxPip": 18,
    "objective": "points",
    "avgLegalMovesPerTurn": 1.7348742362391552,
    "avgUniqueTrainsPerTurn": 0.8087921359326624,
    "avgConstrainedTileFraction": 0.5545520970773034,
    "avgUniquePipsInHand": 8.239885298287913,
    "avgMaxPipCluster": 2.375466411797992,
    "avgHandEntropy": 2.698981526838162,
    "avgMoveValueSpread": 3.0538279408903226,
    "avgNearOptimalFraction": 0.8415031048080559,
    "avgOwnTrailPlayRate": 0,
    "avgShieldsDownRate": 0.08030076206604572
  },
  "skillIndicators": 3,
  "timestamp": "2026-07-19T01:57:17.456Z",
  "durationSeconds": 104.824
}