{
  "warpFactor": 18,
  "playerCount": 17,
  "moduleConfig": "eta",
  "moduleLabel": "Module Eta (Temporal Debt)",
  "zetaOmitted": false,
  "games": 500,
  "objective": "points",
  "summary": {
    "games": 500,
    "playerCount": 17,
    "maxPip": 18,
    "objective": "points",
    "avgLegalMovesPerTurn": 2.4965708164007903,
    "avgUniqueTrainsPerTurn": 0.8450038136408652,
    "avgConstrainedTileFraction": 0.5263192992162092,
    "avgUniquePipsInHand": 7.354631411113753,
    "avgMaxPipCluster": 2.01923791425057,
    "avgHandEntropy": 2.632931924220814,
    "avgMoveValueSpread": 3.322842676327071,
    "avgNearOptimalFraction": 0.8345413392309733,
    "avgOwnTrailPlayRate": 0,
    "avgShieldsDownRate": 0.45047216650447836
  },
  "skillIndicators": 3,
  "timestamp": "2026-07-19T02:24:33.128Z",
  "durationSeconds": 129.147
}