{
  "warpFactor": 15,
  "playerCount": 9,
  "moduleConfig": "all",
  "moduleLabel": "All Modules (stress test) (Zeta omitted — fleet too small/uneven)",
  "zetaOmitted": true,
  "games": 500,
  "objective": "points",
  "summary": {
    "games": 500,
    "playerCount": 9,
    "maxPip": 15,
    "objective": "points",
    "avgLegalMovesPerTurn": 2.407143216220292,
    "avgUniqueTrainsPerTurn": 0.9191074296365888,
    "avgConstrainedTileFraction": 0.549441833192393,
    "avgUniquePipsInHand": 7.982918041613191,
    "avgMaxPipCluster": 2.438158821672692,
    "avgHandEntropy": 2.6726984329618366,
    "avgMoveValueSpread": 3.8185901447048325,
    "avgNearOptimalFraction": 0.7796118397508222,
    "avgOwnTrailPlayRate": 0,
    "avgShieldsDownRate": 0.15543817870923268
  },
  "skillIndicators": 3,
  "timestamp": "2026-07-19T01:45:17.735Z",
  "durationSeconds": 101.672
}