{
  "warpFactor": 12,
  "playerCount": 7,
  "moduleConfig": "alpha",
  "moduleLabel": "Module Alpha (Continuum)",
  "zetaOmitted": false,
  "games": 500,
  "objective": "points",
  "summary": {
    "games": 500,
    "playerCount": 7,
    "maxPip": 12,
    "objective": "points",
    "avgLegalMovesPerTurn": 2.3404599290399912,
    "avgUniqueTrainsPerTurn": 1.0880407065410473,
    "avgConstrainedTileFraction": 0.5978165644028027,
    "avgUniquePipsInHand": 7.2492399220603305,
    "avgMaxPipCluster": 2.548142886641855,
    "avgHandEntropy": 2.529947575851073,
    "avgMoveValueSpread": 3.3200369977776867,
    "avgNearOptimalFraction": 0.7527060120342385,
    "avgOwnTrailPlayRate": 0,
    "avgShieldsDownRate": 0.12094945766157131
  },
  "skillIndicators": 3,
  "timestamp": "2026-07-19T01:33:49.593Z",
  "durationSeconds": 41.329
}