{
  "warpFactor": 15,
  "playerCount": 6,
  "moduleConfig": "alpha",
  "moduleLabel": "Module Alpha (Continuum)",
  "zetaOmitted": false,
  "games": 500,
  "objective": "points",
  "summary": {
    "games": 500,
    "playerCount": 6,
    "maxPip": 15,
    "objective": "points",
    "avgLegalMovesPerTurn": 2.0891563074412525,
    "avgUniqueTrainsPerTurn": 0.9771238273018769,
    "avgConstrainedTileFraction": 0.597155290402641,
    "avgUniquePipsInHand": 8.040168287690747,
    "avgMaxPipCluster": 2.529568454573502,
    "avgHandEntropy": 2.65967128638013,
    "avgMoveValueSpread": 3.5365198250026295,
    "avgNearOptimalFraction": 0.7840755080839853,
    "avgOwnTrailPlayRate": 0,
    "avgShieldsDownRate": 0.08767891612339294
  },
  "skillIndicators": 3,
  "timestamp": "2026-07-19T01:40:07.573Z",
  "durationSeconds": 72.045
}