{
  "warpFactor": 18,
  "playerCount": 6,
  "moduleConfig": "alpha",
  "moduleLabel": "Module Alpha (Continuum)",
  "zetaOmitted": false,
  "games": 500,
  "objective": "points",
  "summary": {
    "games": 500,
    "playerCount": 6,
    "maxPip": 18,
    "objective": "points",
    "avgLegalMovesPerTurn": 1.8919185894492319,
    "avgUniqueTrainsPerTurn": 0.877325650435301,
    "avgConstrainedTileFraction": 0.5764628889916843,
    "avgUniquePipsInHand": 8.4704604052153,
    "avgMaxPipCluster": 2.407285811941077,
    "avgHandEntropy": 2.7363299197369866,
    "avgMoveValueSpread": 3.5581368967869023,
    "avgNearOptimalFraction": 0.8177152842591993,
    "avgOwnTrailPlayRate": 0,
    "avgShieldsDownRate": 0.09391603399522143
  },
  "skillIndicators": 3,
  "timestamp": "2026-07-14T01:44:50.400Z",
  "durationSeconds": 43.605
}