{
  "warpFactor": 12,
  "playerCount": 4,
  "moduleConfig": "delta",
  "moduleLabel": "Module Delta (Warp Drive Spool)",
  "zetaOmitted": false,
  "games": 4,
  "objective": "go-out",
  "summary": {
    "games": 4,
    "playerCount": 4,
    "maxPip": 12,
    "objective": "go-out",
    "avgLegalMovesPerTurn": 2.0163322842763813,
    "avgUniqueTrainsPerTurn": 1.0263020540759713,
    "avgConstrainedTileFraction": 0.6334648865938051,
    "avgUniquePipsInHand": 7.255989483111306,
    "avgMaxPipCluster": 2.4157974179917385,
    "avgHandEntropy": 2.48048383574909,
    "avgMoveValueSpread": 3.257143863453825,
    "avgNearOptimalFraction": 0.7584831384670896,
    "avgOwnTrailPlayRate": 0,
    "avgShieldsDownRate": 0.043478260869565216
  },
  "skillIndicators": 3,
  "timestamp": "2026-07-19T01:16:16.690Z",
  "durationSeconds": 0.025
}