{
  "warpFactor": 18,
  "playerCount": 14,
  "moduleConfig": "alpha",
  "moduleLabel": "Module Alpha (Continuum)",
  "zetaOmitted": false,
  "games": 500,
  "objective": "points",
  "summary": {
    "games": 500,
    "playerCount": 14,
    "maxPip": 18,
    "objective": "points",
    "avgLegalMovesPerTurn": 2.3498689288119783,
    "avgUniqueTrainsPerTurn": 0.8748748512506714,
    "avgConstrainedTileFraction": 0.5462844986999587,
    "avgUniquePipsInHand": 7.722323548871944,
    "avgMaxPipCluster": 2.112128031199688,
    "avgHandEntropy": 2.6802924709597002,
    "avgMoveValueSpread": 3.5584090384175933,
    "avgNearOptimalFraction": 0.8217542863061549,
    "avgOwnTrailPlayRate": 0,
    "avgShieldsDownRate": 0.36258033285060093
  },
  "skillIndicators": 3,
  "timestamp": "2026-07-14T01:54:23.280Z",
  "durationSeconds": 60.922
}