{
  "warpFactor": 18,
  "playerCount": 11,
  "moduleConfig": "eta",
  "moduleLabel": "Module Eta (Temporal Debt)",
  "zetaOmitted": false,
  "games": 500,
  "objective": "points",
  "summary": {
    "games": 500,
    "playerCount": 11,
    "maxPip": 18,
    "objective": "points",
    "avgLegalMovesPerTurn": 2.1818572132244562,
    "avgUniqueTrainsPerTurn": 0.8905767222853193,
    "avgConstrainedTileFraction": 0.5576364302040813,
    "avgUniquePipsInHand": 7.934194159386838,
    "avgMaxPipCluster": 2.1881160612205752,
    "avgHandEntropy": 2.694131089573832,
    "avgMoveValueSpread": 3.6440914380535707,
    "avgNearOptimalFraction": 0.8165425805302843,
    "avgOwnTrailPlayRate": 0,
    "avgShieldsDownRate": 0.27341889248907886
  },
  "skillIndicators": 3,
  "timestamp": "2026-07-14T01:50:44.145Z",
  "durationSeconds": 41.891
}