{
  "warpFactor": 12,
  "playerCount": 4,
  "moduleConfig": "gamma",
  "moduleLabel": "Module Gamma (Sensor Grid)",
  "zetaOmitted": false,
  "games": 500,
  "objective": "points",
  "summary": {
    "games": 500,
    "playerCount": 4,
    "maxPip": 12,
    "objective": "points",
    "avgLegalMovesPerTurn": 2.262117075388288,
    "avgUniqueTrainsPerTurn": 1.0597090535185152,
    "avgConstrainedTileFraction": 0.6394201944477758,
    "avgUniquePipsInHand": 7.7303070776371605,
    "avgMaxPipCluster": 2.8788285079112024,
    "avgHandEntropy": 2.59670475763535,
    "avgMoveValueSpread": 3.400933233465444,
    "avgNearOptimalFraction": 0.7384616260728049,
    "avgOwnTrailPlayRate": 0,
    "avgShieldsDownRate": 0.056500855775210905
  },
  "skillIndicators": 3,
  "timestamp": "2026-07-14T01:29:41.415Z",
  "durationSeconds": 14.479
}