{
  "warpFactor": 18,
  "playerCount": 10,
  "moduleConfig": "alpha",
  "moduleLabel": "Module Alpha (Continuum)",
  "zetaOmitted": false,
  "games": 500,
  "objective": "points",
  "summary": {
    "games": 500,
    "playerCount": 10,
    "maxPip": 18,
    "objective": "points",
    "avgLegalMovesPerTurn": 2.1694088606965214,
    "avgUniqueTrainsPerTurn": 0.91992145452371,
    "avgConstrainedTileFraction": 0.5716712119649602,
    "avgUniquePipsInHand": 8.227807675880907,
    "avgMaxPipCluster": 2.269286420701939,
    "avgHandEntropy": 2.73190334375725,
    "avgMoveValueSpread": 3.8779152627260918,
    "avgNearOptimalFraction": 0.8044510109546504,
    "avgOwnTrailPlayRate": 0,
    "avgShieldsDownRate": 0.2157272116366974
  },
  "skillIndicators": 3,
  "timestamp": "2026-07-14T01:49:14.641Z",
  "durationSeconds": 53.291
}