{
  "warpFactor": 15,
  "playerCount": 2,
  "moduleConfig": "official",
  "moduleLabel": "Official Warp 12 Preset",
  "games": 500,
  "objective": "points",
  "summary": {
    "games": 500,
    "playerCount": 2,
    "maxPip": 15,
    "objective": "points",
    "avgLegalMovesPerTurn": 1.5315352609642767,
    "avgUniqueTrainsPerTurn": 0.6256493743563151,
    "avgConstrainedTileFraction": 0.48866388019124984,
    "avgUniquePipsInHand": 8.317702653773543,
    "avgMaxPipCluster": 2.936877679789373,
    "avgHandEntropy": 2.6806084666421213,
    "avgMoveValueSpread": 1.901599878591689,
    "avgNearOptimalFraction": 0.8821871929497954,
    "avgOwnTrailPlayRate": 0,
    "avgShieldsDownRate": 0.05669923342688796
  },
  "skillIndicators": 1,
  "timestamp": "2026-07-12T23:20:29.436Z",
  "durationSeconds": 286.142
}