{
  "warpFactor": 9,
  "playerCount": 2,
  "moduleConfig": "gamma",
  "moduleLabel": "Module Gamma (Sensor Grid)",
  "games": 500,
  "objective": "points",
  "summary": {
    "games": 500,
    "playerCount": 2,
    "maxPip": 9,
    "objective": "points",
    "avgLegalMovesPerTurn": 1.8114888509494564,
    "avgUniqueTrainsPerTurn": 0.8643926850916919,
    "avgConstrainedTileFraction": 0.572015046412619,
    "avgUniquePipsInHand": 5.63062773997578,
    "avgMaxPipCluster": 2.6581032960075763,
    "avgHandEntropy": 2.1367132043040074,
    "avgMoveValueSpread": 1.81083082939711,
    "avgNearOptimalFraction": 0.8216011178377985,
    "avgOwnTrailPlayRate": 0,
    "avgShieldsDownRate": 0.1763539171486759
  },
  "skillIndicators": 2,
  "timestamp": "2026-07-12T23:04:10.108Z",
  "durationSeconds": 47.996
}