{
  "warpFactor": 18,
  "playerCount": 5,
  "moduleConfig": "gamma",
  "moduleLabel": "Module Gamma (Sensor Grid)",
  "zetaOmitted": false,
  "games": 500,
  "objective": "points",
  "summary": {
    "games": 500,
    "playerCount": 5,
    "maxPip": 18,
    "objective": "points",
    "avgLegalMovesPerTurn": 1.7278099201139645,
    "avgUniqueTrainsPerTurn": 0.8057410879419694,
    "avgConstrainedTileFraction": 0.5545785815932194,
    "avgUniquePipsInHand": 8.219902245417678,
    "avgMaxPipCluster": 2.371593094298057,
    "avgHandEntropy": 2.6940711135173285,
    "avgMoveValueSpread": 3.0279580949556375,
    "avgNearOptimalFraction": 0.8427254059101918,
    "avgOwnTrailPlayRate": 0,
    "avgShieldsDownRate": 0.07903201153886458
  },
  "skillIndicators": 3,
  "timestamp": "2026-07-14T01:44:03.769Z",
  "durationSeconds": 43.276
}