{
  "warpFactor": 15,
  "playerCount": 7,
  "moduleConfig": "alpha",
  "moduleLabel": "Module Alpha (Continuum)",
  "zetaOmitted": false,
  "games": 500,
  "objective": "points",
  "summary": {
    "games": 500,
    "playerCount": 7,
    "maxPip": 15,
    "objective": "points",
    "avgLegalMovesPerTurn": 2.0899555167151243,
    "avgUniqueTrainsPerTurn": 0.9635281906399714,
    "avgConstrainedTileFraction": 0.5799407051093426,
    "avgUniquePipsInHand": 7.71090580347806,
    "avgMaxPipCluster": 2.390128473556072,
    "avgHandEntropy": 2.6160328323856854,
    "avgMoveValueSpread": 3.370736366177152,
    "avgNearOptimalFraction": 0.7956562684878626,
    "avgOwnTrailPlayRate": 0,
    "avgShieldsDownRate": 0.12909819458826707
  },
  "skillIndicators": 3,
  "timestamp": "2026-07-14T01:35:00.276Z",
  "durationSeconds": 26.522
}