{
  "warpFactor": 18,
  "playerCount": 15,
  "moduleConfig": "none",
  "moduleLabel": "Baseline (no modules)",
  "zetaOmitted": false,
  "games": 500,
  "objective": "points",
  "summary": {
    "games": 500,
    "playerCount": 15,
    "maxPip": 18,
    "objective": "points",
    "avgLegalMovesPerTurn": 2.4380235910660586,
    "avgUniqueTrainsPerTurn": 0.8839875602785942,
    "avgConstrainedTileFraction": 0.5483776635851646,
    "avgUniquePipsInHand": 7.752705459794997,
    "avgMaxPipCluster": 2.116357965771957,
    "avgHandEntropy": 2.686521426750061,
    "avgMoveValueSpread": 3.696119048999352,
    "avgNearOptimalFraction": 0.8159351996897364,
    "avgOwnTrailPlayRate": 0,
    "avgShieldsDownRate": 0.36804073930480136
  },
  "skillIndicators": 3,
  "timestamp": "2026-07-14T01:55:34.026Z",
  "durationSeconds": 64.988
}