{
  "warpFactor": 15,
  "playerCount": 3,
  "moduleConfig": "all",
  "moduleLabel": "All Modules (stress test)",
  "games": 500,
  "objective": "points",
  "summary": {
    "games": 500,
    "playerCount": 3,
    "maxPip": 15,
    "objective": "points",
    "avgLegalMovesPerTurn": 1.980872234441932,
    "avgUniqueTrainsPerTurn": 0.7985618314963161,
    "avgConstrainedTileFraction": 0.5523668617810124,
    "avgUniquePipsInHand": 9.633795482174936,
    "avgMaxPipCluster": 3.3952749303023984,
    "avgHandEntropy": 2.8828259410655788,
    "avgMoveValueSpread": 3.304891684843714,
    "avgNearOptimalFraction": 0.8088401945917242,
    "avgOwnTrailPlayRate": 0,
    "avgShieldsDownRate": 0.06556898595495528
  },
  "skillIndicators": 3,
  "timestamp": "2026-07-12T23:24:07.755Z",
  "durationSeconds": 309.849
}