{
  "warpFactor": 18,
  "playerCount": 12,
  "moduleConfig": "kappa",
  "moduleLabel": "Module Kappa (Temporal Inversion)",
  "zetaOmitted": false,
  "games": 500,
  "objective": "points",
  "summary": {
    "games": 500,
    "playerCount": 12,
    "maxPip": 18,
    "objective": "points",
    "avgLegalMovesPerTurn": 2.2743030364960175,
    "avgUniqueTrainsPerTurn": 0.9033540595086715,
    "avgConstrainedTileFraction": 0.5611458878291401,
    "avgUniquePipsInHand": 8.01274039636018,
    "avgMaxPipCluster": 2.1929419612616385,
    "avgHandEntropy": 2.712022400405786,
    "avgMoveValueSpread": 3.799919638895112,
    "avgNearOptimalFraction": 0.8124379371101874,
    "avgOwnTrailPlayRate": 0,
    "avgShieldsDownRate": 0.28294006870023986
  },
  "skillIndicators": 3,
  "timestamp": "2026-07-14T01:52:24.220Z",
  "durationSeconds": 55.278
}