{
  "warpFactor": 18,
  "playerCount": 10,
  "moduleConfig": "all",
  "moduleLabel": "All Modules (stress test)",
  "games": 500,
  "objective": "points",
  "summary": {
    "games": 500,
    "playerCount": 10,
    "maxPip": 18,
    "objective": "points",
    "avgLegalMovesPerTurn": 2.6174098115021134,
    "avgUniqueTrainsPerTurn": 0.9109085009965808,
    "avgConstrainedTileFraction": 0.5524864467177968,
    "avgUniquePipsInHand": 8.18910154142163,
    "avgMaxPipCluster": 2.293272589916921,
    "avgHandEntropy": 2.727369807643859,
    "avgMoveValueSpread": 5.37151680488222,
    "avgNearOptimalFraction": 0.7603016750330917,
    "avgOwnTrailPlayRate": 0,
    "avgShieldsDownRate": 0.30319149265169315
  },
  "skillIndicators": 3,
  "timestamp": "2026-07-13T00:21:35.963Z",
  "durationSeconds": 438.989
}