{
  "warpFactor": 15,
  "playerCount": 7,
  "moduleConfig": "beta",
  "moduleLabel": "Module Beta (Salamander Penalty)",
  "zetaOmitted": false,
  "games": 500,
  "objective": "points",
  "summary": {
    "games": 500,
    "playerCount": 7,
    "maxPip": 15,
    "objective": "points",
    "avgLegalMovesPerTurn": 2.090509375860247,
    "avgUniqueTrainsPerTurn": 0.9658717554365303,
    "avgConstrainedTileFraction": 0.5802104177281007,
    "avgUniquePipsInHand": 7.704340026157612,
    "avgMaxPipCluster": 2.390351491478681,
    "avgHandEntropy": 2.6144079486265137,
    "avgMoveValueSpread": 3.3727183162541423,
    "avgNearOptimalFraction": 0.7951931167361932,
    "avgOwnTrailPlayRate": 0,
    "avgShieldsDownRate": 0.12911385274069068
  },
  "skillIndicators": 3,
  "timestamp": "2026-07-14T01:34:59.928Z",
  "durationSeconds": 26.192
}