{
  "warpFactor": 18,
  "playerCount": 9,
  "moduleConfig": "all",
  "moduleLabel": "All Modules (stress test)",
  "games": 500,
  "objective": "points",
  "summary": {
    "games": 500,
    "playerCount": 9,
    "maxPip": 18,
    "objective": "points",
    "avgLegalMovesPerTurn": 2.467559820390607,
    "avgUniqueTrainsPerTurn": 0.8802621321919988,
    "avgConstrainedTileFraction": 0.5449172279590232,
    "avgUniquePipsInHand": 8.141533195765163,
    "avgMaxPipCluster": 2.296990123224326,
    "avgHandEntropy": 2.7151711460037946,
    "avgMoveValueSpread": 5.017622475611045,
    "avgNearOptimalFraction": 0.7753745573464054,
    "avgOwnTrailPlayRate": 0,
    "avgShieldsDownRate": 0.2680767836774077
  },
  "skillIndicators": 3,
  "timestamp": "2026-07-13T00:17:41.450Z",
  "durationSeconds": 428.498
}