{
  "warpFactor": 18,
  "playerCount": 6,
  "moduleConfig": "all",
  "moduleLabel": "All Modules (stress test)",
  "zetaOmitted": false,
  "games": 500,
  "objective": "points",
  "summary": {
    "games": 500,
    "playerCount": 6,
    "maxPip": 18,
    "objective": "points",
    "avgLegalMovesPerTurn": 1.6508708984061489,
    "avgUniqueTrainsPerTurn": 0.7793160615458352,
    "avgConstrainedTileFraction": 0.562270967177135,
    "avgUniquePipsInHand": 9.127180234961067,
    "avgMaxPipCluster": 2.6160063470116346,
    "avgHandEntropy": 2.8601165747059722,
    "avgMoveValueSpread": 3.075348446097907,
    "avgNearOptimalFraction": 0.8413800339130446,
    "avgOwnTrailPlayRate": 0,
    "avgShieldsDownRate": 0.017783278263997917
  },
  "skillIndicators": 3,
  "timestamp": "2026-07-14T01:46:42.717Z",
  "durationSeconds": 100.669
}