{
  "warpFactor": 18,
  "playerCount": 11,
  "moduleConfig": "beta",
  "moduleLabel": "Module Beta (Salamander Penalty)",
  "zetaOmitted": false,
  "games": 500,
  "objective": "points",
  "summary": {
    "games": 500,
    "playerCount": 11,
    "maxPip": 18,
    "objective": "points",
    "avgLegalMovesPerTurn": 2.1864762333839907,
    "avgUniqueTrainsPerTurn": 0.8891032201083376,
    "avgConstrainedTileFraction": 0.5583351735464092,
    "avgUniquePipsInHand": 7.959146760983266,
    "avgMaxPipCluster": 2.19371213284702,
    "avgHandEntropy": 2.700413304515437,
    "avgMoveValueSpread": 3.6421375847575934,
    "avgNearOptimalFraction": 0.8164361821685859,
    "avgOwnTrailPlayRate": 0,
    "avgShieldsDownRate": 0.27603151616307897
  },
  "skillIndicators": 3,
  "timestamp": "2026-07-14T01:50:27.837Z",
  "durationSeconds": 51.068
}