{
  "warpFactor": 18,
  "playerCount": 6,
  "moduleConfig": "official",
  "moduleLabel": "Official Warp 12 Preset",
  "zetaOmitted": false,
  "games": 500,
  "objective": "points",
  "summary": {
    "games": 500,
    "playerCount": 6,
    "maxPip": 18,
    "objective": "points",
    "avgLegalMovesPerTurn": 1.9228677676265225,
    "avgUniqueTrainsPerTurn": 0.84818447849049,
    "avgConstrainedTileFraction": 0.5571665328014689,
    "avgUniquePipsInHand": 8.249012675383847,
    "avgMaxPipCluster": 2.362258945252506,
    "avgHandEntropy": 2.676821419942848,
    "avgMoveValueSpread": 3.4276609049377567,
    "avgNearOptimalFraction": 0.8235538257167251,
    "avgOwnTrailPlayRate": 0,
    "avgShieldsDownRate": 0.09018276651480092
  },
  "skillIndicators": 3,
  "timestamp": "2026-07-14T01:45:47.820Z",
  "durationSeconds": 50.638
}