{
  "warpFactor": 15,
  "playerCount": 3,
  "moduleConfig": "alpha",
  "moduleLabel": "Module Alpha (Continuum)",
  "zetaOmitted": false,
  "games": 500,
  "objective": "points",
  "summary": {
    "games": 500,
    "playerCount": 3,
    "maxPip": 15,
    "objective": "points",
    "avgLegalMovesPerTurn": 1.6891560731356414,
    "avgUniqueTrainsPerTurn": 0.7693931257091349,
    "avgConstrainedTileFraction": 0.546263349930838,
    "avgUniquePipsInHand": 7.9989264727471765,
    "avgMaxPipCluster": 2.6352206343524203,
    "avgHandEntropy": 2.6566706722983886,
    "avgMoveValueSpread": 2.489228391736267,
    "avgNearOptimalFraction": 0.8410317691550532,
    "avgOwnTrailPlayRate": 0,
    "avgShieldsDownRate": 0.036120289862428705
  },
  "skillIndicators": 3,
  "timestamp": "2026-07-14T01:32:24.103Z",
  "durationSeconds": 25.912
}