{
  "warpFactor": 9,
  "playerCount": 3,
  "moduleConfig": "beta",
  "moduleLabel": "Module Beta (Salamander Penalty)",
  "games": 500,
  "objective": "points",
  "summary": {
    "games": 500,
    "playerCount": 3,
    "maxPip": 9,
    "objective": "points",
    "avgLegalMovesPerTurn": 1.8547623134756392,
    "avgUniqueTrainsPerTurn": 0.9446305649270076,
    "avgConstrainedTileFraction": 0.5887877688825385,
    "avgUniquePipsInHand": 5.335203714705242,
    "avgMaxPipCluster": 2.3713605571107816,
    "avgHandEntropy": 2.084391136467062,
    "avgMoveValueSpread": 1.902841013542995,
    "avgNearOptimalFraction": 0.8144994759913549,
    "avgOwnTrailPlayRate": 0,
    "avgShieldsDownRate": 0.24886201116459317
  },
  "skillIndicators": 2,
  "timestamp": "2026-07-12T23:04:05.696Z",
  "durationSeconds": 43.582
}