{
  "warpFactor": 12,
  "playerCount": 8,
  "moduleConfig": "epsilon",
  "moduleLabel": "Module Epsilon (Drafting)",
  "games": 500,
  "objective": "points",
  "summary": {
    "games": 500,
    "playerCount": 8,
    "maxPip": 12,
    "objective": "points",
    "avgLegalMovesPerTurn": 34.38021696508951,
    "avgUniqueTrainsPerTurn": 0.8312823847154137,
    "avgConstrainedTileFraction": 0.14812145345795064,
    "avgUniquePipsInHand": 5.493910473141942,
    "avgMaxPipCluster": 18.91261238371512,
    "avgHandEntropy": 1.5652901669747343,
    "avgMoveValueSpread": 5.944770631189356,
    "avgNearOptimalFraction": 0.6380333384431749,
    "avgOwnTrailPlayRate": 0,
    "avgShieldsDownRate": 0.5619379813944183
  },
  "skillIndicators": 3,
  "timestamp": "2026-07-13T03:02:46.003Z",
  "durationSeconds": 2789.606
}