{
  "warpFactor": 15,
  "playerCount": 3,
  "moduleConfig": "alpha",
  "moduleLabel": "Module Alpha (Continuum)",
  "games": 500,
  "objective": "points",
  "summary": {
    "games": 500,
    "playerCount": 3,
    "maxPip": 15,
    "objective": "points",
    "avgLegalMovesPerTurn": 1.6994363771926133,
    "avgUniqueTrainsPerTurn": 0.7750650063307017,
    "avgConstrainedTileFraction": 0.553711275077067,
    "avgUniquePipsInHand": 7.705313487642383,
    "avgMaxPipCluster": 2.6480279647631475,
    "avgHandEntropy": 2.574161834213353,
    "avgMoveValueSpread": 2.5587457608511683,
    "avgNearOptimalFraction": 0.846431948835453,
    "avgOwnTrailPlayRate": 0,
    "avgShieldsDownRate": 0.09549784816975203
  },
  "skillIndicators": 3,
  "timestamp": "2026-07-12T23:19:28.540Z",
  "durationSeconds": 195.652
}