{
  "warpFactor": 15,
  "playerCount": 2,
  "moduleConfig": "official",
  "moduleLabel": "Official Warp 12 Preset",
  "zetaOmitted": false,
  "games": 500,
  "objective": "points",
  "summary": {
    "games": 500,
    "playerCount": 2,
    "maxPip": 15,
    "objective": "points",
    "avgLegalMovesPerTurn": 1.5591572843992392,
    "avgUniqueTrainsPerTurn": 0.642578299124211,
    "avgConstrainedTileFraction": 0.49871504654559645,
    "avgUniquePipsInHand": 8.543474929819572,
    "avgMaxPipCluster": 2.8749774338735374,
    "avgHandEntropy": 2.7589699735266495,
    "avgMoveValueSpread": 2.006953669494273,
    "avgNearOptimalFraction": 0.8664802600009581,
    "avgOwnTrailPlayRate": 0,
    "avgShieldsDownRate": 0.021529591098953225
  },
  "skillIndicators": 2,
  "timestamp": "2026-07-14T01:32:29.383Z",
  "durationSeconds": 35.22
}