{
  "warpFactor": 12,
  "playerCount": 8,
  "moduleConfig": "alpha",
  "moduleLabel": "Module Alpha (Continuum)",
  "games": 500,
  "objective": "points",
  "summary": {
    "games": 500,
    "playerCount": 8,
    "maxPip": 12,
    "objective": "points",
    "avgLegalMovesPerTurn": 2.5526049053428146,
    "avgUniqueTrainsPerTurn": 1.1790983330340874,
    "avgConstrainedTileFraction": 0.67091332437958,
    "avgUniquePipsInHand": 7.194037525274482,
    "avgMaxPipCluster": 2.5895247930512433,
    "avgHandEntropy": 2.5123354836644483,
    "avgMoveValueSpread": 4.132095167160957,
    "avgNearOptimalFraction": 0.705638124255661,
    "avgOwnTrailPlayRate": 0,
    "avgShieldsDownRate": 0.3611771138154071
  },
  "skillIndicators": 3,
  "timestamp": "2026-07-12T23:15:14.497Z",
  "durationSeconds": 142.58
}