{
  "warpFactor": 15,
  "playerCount": 6,
  "moduleConfig": "alpha",
  "moduleLabel": "Module Alpha (Continuum)",
  "games": 500,
  "objective": "points",
  "summary": {
    "games": 500,
    "playerCount": 6,
    "maxPip": 15,
    "objective": "points",
    "avgLegalMovesPerTurn": 2.18832791067569,
    "avgUniqueTrainsPerTurn": 1.0304439896408197,
    "avgConstrainedTileFraction": 0.6451192682633682,
    "avgUniquePipsInHand": 7.815582171151141,
    "avgMaxPipCluster": 2.5329010637979854,
    "avgHandEntropy": 2.606932842769739,
    "avgMoveValueSpread": 4.062912641150649,
    "avgNearOptimalFraction": 0.7631506896232042,
    "avgOwnTrailPlayRate": 0,
    "avgShieldsDownRate": 0.23421797780870215
  },
  "skillIndicators": 3,
  "timestamp": "2026-07-12T23:27:10.992Z",
  "durationSeconds": 185.794
}