{
  "warpFactor": 18,
  "playerCount": 18,
  "moduleConfig": "none",
  "moduleLabel": "Baseline (no modules)",
  "games": 500,
  "objective": "points",
  "summary": {
    "games": 500,
    "playerCount": 18,
    "maxPip": 18,
    "objective": "points",
    "avgLegalMovesPerTurn": 2.3843570628322666,
    "avgUniqueTrainsPerTurn": 1.007394229408342,
    "avgConstrainedTileFraction": 0.5994321755151126,
    "avgUniquePipsInHand": 6.781369188655229,
    "avgMaxPipCluster": 1.9144110242414711,
    "avgHandEntropy": 2.5359840148441783,
    "avgMoveValueSpread": 4.715649654173104,
    "avgNearOptimalFraction": 0.7776621723857645,
    "avgOwnTrailPlayRate": 0,
    "avgShieldsDownRate": 0.6545301375728113
  },
  "skillIndicators": 3,
  "timestamp": "2026-07-13T00:43:00.379Z",
  "durationSeconds": 195.356
}