{
  "warpFactor": 18,
  "playerCount": 18,
  "moduleConfig": "official",
  "moduleLabel": "Official Warp 12 Preset",
  "zetaOmitted": false,
  "games": 500,
  "objective": "points",
  "summary": {
    "games": 500,
    "playerCount": 18,
    "maxPip": 18,
    "objective": "points",
    "avgLegalMovesPerTurn": 2.602019371913703,
    "avgUniqueTrainsPerTurn": 0.816330987652745,
    "avgConstrainedTileFraction": 0.5047116172398943,
    "avgUniquePipsInHand": 7.1585708894388524,
    "avgMaxPipCluster": 1.9814113459062788,
    "avgHandEntropy": 2.5718247946034682,
    "avgMoveValueSpread": 3.2870016348883224,
    "avgNearOptimalFraction": 0.8366589963254165,
    "avgOwnTrailPlayRate": 0,
    "avgShieldsDownRate": 0.4397086444637867
  },
  "skillIndicators": 3,
  "timestamp": "2026-07-14T02:01:30.055Z",
  "durationSeconds": 80.013
}