{
  "warpFactor": 18,
  "playerCount": 6,
  "moduleConfig": "none",
  "moduleLabel": "Baseline (no modules)",
  "zetaOmitted": false,
  "games": 500,
  "objective": "points",
  "summary": {
    "games": 500,
    "playerCount": 6,
    "maxPip": 18,
    "objective": "points",
    "avgLegalMovesPerTurn": 1.8881988888089776,
    "avgUniqueTrainsPerTurn": 0.8749534129700296,
    "avgConstrainedTileFraction": 0.5753609464941523,
    "avgUniquePipsInHand": 8.43546366441001,
    "avgMaxPipCluster": 2.4014947332912864,
    "avgHandEntropy": 2.728462280797317,
    "avgMoveValueSpread": 3.5455834719343464,
    "avgNearOptimalFraction": 0.8181514766366266,
    "avgOwnTrailPlayRate": 0,
    "avgShieldsDownRate": 0.0928309652683807
  },
  "skillIndicators": 3,
  "timestamp": "2026-07-14T01:44:48.038Z",
  "durationSeconds": 44.001
}