{
  "warpFactor": 12,
  "playerCount": 2,
  "moduleConfig": "official",
  "moduleLabel": "Official Warp 12 Preset",
  "zetaOmitted": false,
  "games": 500,
  "objective": "points",
  "summary": {
    "games": 500,
    "playerCount": 2,
    "maxPip": 12,
    "objective": "points",
    "avgLegalMovesPerTurn": 1.7272303644598426,
    "avgUniqueTrainsPerTurn": 0.7421377589705535,
    "avgConstrainedTileFraction": 0.5312036511371202,
    "avgUniquePipsInHand": 7.061081335472184,
    "avgMaxPipCluster": 2.721527879547995,
    "avgHandEntropy": 2.471750504361637,
    "avgMoveValueSpread": 1.9864891533884304,
    "avgNearOptimalFraction": 0.8405484912250818,
    "avgOwnTrailPlayRate": 0,
    "avgShieldsDownRate": 0.02676765744394766
  },
  "skillIndicators": 2,
  "timestamp": "2026-07-14T01:29:19.379Z",
  "durationSeconds": 15.469
}