{
  "warpFactor": 18,
  "playerCount": 3,
  "moduleConfig": "delta",
  "moduleLabel": "Module Delta (Warp Drive Spool)",
  "zetaOmitted": false,
  "games": 500,
  "objective": "points",
  "summary": {
    "games": 500,
    "playerCount": 3,
    "maxPip": 18,
    "objective": "points",
    "avgLegalMovesPerTurn": 1.5350540516693871,
    "avgUniqueTrainsPerTurn": 0.6841830816077009,
    "avgConstrainedTileFraction": 0.5201600830977477,
    "avgUniquePipsInHand": 8.80154702374404,
    "avgMaxPipCluster": 2.6161221720732657,
    "avgHandEntropy": 2.801317681650633,
    "avgMoveValueSpread": 2.4147998193560776,
    "avgNearOptimalFraction": 0.869418529099458,
    "avgOwnTrailPlayRate": 0,
    "avgShieldsDownRate": 0.029320454277010997
  },
  "skillIndicators": 3,
  "timestamp": "2026-07-14T01:41:29.359Z",
  "durationSeconds": 50.324
}