{
  "warpFactor": 18,
  "playerCount": 8,
  "moduleConfig": "beta",
  "moduleLabel": "Module Beta (Salamander Penalty)",
  "zetaOmitted": false,
  "games": 500,
  "objective": "points",
  "summary": {
    "games": 500,
    "playerCount": 8,
    "maxPip": 18,
    "objective": "points",
    "avgLegalMovesPerTurn": 2.032558708014872,
    "avgUniqueTrainsPerTurn": 0.9069219322968577,
    "avgConstrainedTileFraction": 0.5749420946166316,
    "avgUniquePipsInHand": 8.302402997382137,
    "avgMaxPipCluster": 2.3215572606173485,
    "avgHandEntropy": 2.7274852226935207,
    "avgMoveValueSpread": 3.744352232879667,
    "avgNearOptimalFraction": 0.8097983396964308,
    "avgOwnTrailPlayRate": 0,
    "avgShieldsDownRate": 0.15766759605344208
  },
  "skillIndicators": 3,
  "timestamp": "2026-07-14T01:46:58.885Z",
  "durationSeconds": 45.553
}