{
  "warpFactor": 18,
  "playerCount": 12,
  "moduleConfig": "alpha",
  "moduleLabel": "Module Alpha (Continuum)",
  "zetaOmitted": false,
  "games": 500,
  "objective": "points",
  "summary": {
    "games": 500,
    "playerCount": 12,
    "maxPip": 18,
    "objective": "points",
    "avgLegalMovesPerTurn": 2.2731882009391944,
    "avgUniqueTrainsPerTurn": 0.9014054688176424,
    "avgConstrainedTileFraction": 0.5612672867381999,
    "avgUniquePipsInHand": 8.02469567123347,
    "avgMaxPipCluster": 2.2001438825325765,
    "avgHandEntropy": 2.7145442551657646,
    "avgMoveValueSpread": 3.791576683922561,
    "avgNearOptimalFraction": 0.8094271059063046,
    "avgOwnTrailPlayRate": 0,
    "avgShieldsDownRate": 0.28486494103791227
  },
  "skillIndicators": 3,
  "timestamp": "2026-07-14T01:51:38.775Z",
  "durationSeconds": 58.221
}