{
  "warpFactor": 18,
  "playerCount": 2,
  "moduleConfig": "all",
  "moduleLabel": "All Modules (stress test)",
  "games": 500,
  "objective": "points",
  "summary": {
    "games": 500,
    "playerCount": 2,
    "maxPip": 18,
    "objective": "points",
    "avgLegalMovesPerTurn": 1.9384068348647667,
    "avgUniqueTrainsPerTurn": 0.6854104898710907,
    "avgConstrainedTileFraction": 0.5118800749642641,
    "avgUniquePipsInHand": 13.070652841595644,
    "avgMaxPipCluster": 4.577948587413617,
    "avgHandEntropy": 3.3084986635742664,
    "avgMoveValueSpread": 3.4925131221453958,
    "avgNearOptimalFraction": 0.8269312042288276,
    "avgOwnTrailPlayRate": 0,
    "avgShieldsDownRate": 0.041178433958892965
  },
  "skillIndicators": 3,
  "timestamp": "2026-07-12T23:53:33.732Z",
  "durationSeconds": 654.433
}