{
  "warpFactor": 15,
  "playerCount": 4,
  "moduleConfig": "alpha",
  "moduleLabel": "Module Alpha (Continuum)",
  "games": 500,
  "objective": "points",
  "summary": {
    "games": 500,
    "playerCount": 4,
    "maxPip": 15,
    "objective": "points",
    "avgLegalMovesPerTurn": 1.9577195807078287,
    "avgUniqueTrainsPerTurn": 0.9109188699284934,
    "avgConstrainedTileFraction": 0.6076693485841179,
    "avgUniquePipsInHand": 7.82390746893668,
    "avgMaxPipCluster": 2.660952924985189,
    "avgHandEntropy": 2.5832756316514587,
    "avgMoveValueSpread": 3.367249151598183,
    "avgNearOptimalFraction": 0.8006965849088503,
    "avgOwnTrailPlayRate": 0,
    "avgShieldsDownRate": 0.13354862078094104
  },
  "skillIndicators": 3,
  "timestamp": "2026-07-12T23:22:19.600Z",
  "durationSeconds": 188.932
}