{
  "warpFactor": 18,
  "playerCount": 11,
  "moduleConfig": "none",
  "moduleLabel": "Baseline (no modules)",
  "zetaOmitted": false,
  "games": 500,
  "objective": "points",
  "summary": {
    "games": 500,
    "playerCount": 11,
    "maxPip": 18,
    "objective": "points",
    "avgLegalMovesPerTurn": 2.1760374857409026,
    "avgUniqueTrainsPerTurn": 0.8894000221064782,
    "avgConstrainedTileFraction": 0.5585462375616309,
    "avgUniquePipsInHand": 7.947673839872597,
    "avgMaxPipCluster": 2.1882103791167946,
    "avgHandEntropy": 2.696844025490937,
    "avgMoveValueSpread": 3.6305958228243287,
    "avgNearOptimalFraction": 0.817323583699091,
    "avgOwnTrailPlayRate": 0,
    "avgShieldsDownRate": 0.2745237475129059
  },
  "skillIndicators": 3,
  "timestamp": "2026-07-14T01:50:23.159Z",
  "durationSeconds": 51.109
}