{
  "warpFactor": 18,
  "playerCount": 12,
  "moduleConfig": "official",
  "moduleLabel": "Official Warp 12 Preset",
  "zetaOmitted": false,
  "games": 500,
  "objective": "points",
  "summary": {
    "games": 500,
    "playerCount": 12,
    "maxPip": 18,
    "objective": "points",
    "avgLegalMovesPerTurn": 2.302143089631924,
    "avgUniqueTrainsPerTurn": 0.8693353721603667,
    "avgConstrainedTileFraction": 0.5399120306098906,
    "avgUniquePipsInHand": 7.785882947732246,
    "avgMaxPipCluster": 2.1522745438612487,
    "avgHandEntropy": 2.647556716173099,
    "avgMoveValueSpread": 3.6622460265672445,
    "avgNearOptimalFraction": 0.8157885647068586,
    "avgOwnTrailPlayRate": 0,
    "avgShieldsDownRate": 0.2739897360483786
  },
  "skillIndicators": 3,
  "timestamp": "2026-07-14T01:52:46.476Z",
  "durationSeconds": 64.661
}