{
  "warpFactor": 18,
  "playerCount": 17,
  "moduleConfig": "official",
  "moduleLabel": "Official Warp 12 Preset",
  "zetaOmitted": false,
  "games": 500,
  "objective": "points",
  "summary": {
    "games": 500,
    "playerCount": 17,
    "maxPip": 18,
    "objective": "points",
    "avgLegalMovesPerTurn": 2.5192988517228327,
    "avgUniqueTrainsPerTurn": 0.8092821335328754,
    "avgConstrainedTileFraction": 0.5033725629364965,
    "avgUniquePipsInHand": 7.1219839554306565,
    "avgMaxPipCluster": 1.9753290224932891,
    "avgHandEntropy": 2.5628285575317173,
    "avgMoveValueSpread": 3.192048669621779,
    "avgNearOptimalFraction": 0.840917239966174,
    "avgOwnTrailPlayRate": 0,
    "avgShieldsDownRate": 0.4335227637829459
  },
  "skillIndicators": 3,
  "timestamp": "2026-07-14T02:00:03.006Z",
  "durationSeconds": 78.859
}