{
  "warpFactor": 18,
  "playerCount": 2,
  "moduleConfig": "delta",
  "moduleLabel": "Module Delta (Warp Drive Spool)",
  "games": 500,
  "objective": "points",
  "summary": {
    "games": 500,
    "playerCount": 2,
    "maxPip": 18,
    "objective": "points",
    "avgLegalMovesPerTurn": 1.5162345258389596,
    "avgUniqueTrainsPerTurn": 0.62453334556613,
    "avgConstrainedTileFraction": 0.5013223135173813,
    "avgUniquePipsInHand": 10.068336479930085,
    "avgMaxPipCluster": 3.212704934334808,
    "avgHandEntropy": 2.948661391462869,
    "avgMoveValueSpread": 2.2840530715271528,
    "avgNearOptimalFraction": 0.8815186694245385,
    "avgOwnTrailPlayRate": 0,
    "avgShieldsDownRate": 0.046305552255389355
  },
  "skillIndicators": 3,
  "timestamp": "2026-07-12T23:49:12.766Z",
  "durationSeconds": 453.748
}