{
  "warpFactor": 12,
  "playerCount": 2,
  "moduleConfig": "beta",
  "moduleLabel": "Module Beta (Salamander Penalty)",
  "zetaOmitted": false,
  "games": 500,
  "objective": "points",
  "summary": {
    "games": 500,
    "playerCount": 2,
    "maxPip": 12,
    "objective": "points",
    "avgLegalMovesPerTurn": 1.6936579773726312,
    "avgUniqueTrainsPerTurn": 0.765587544723,
    "avgConstrainedTileFraction": 0.5489958881781328,
    "avgUniquePipsInHand": 7.205530276534,
    "avgMaxPipCluster": 2.7701652082764,
    "avgHandEntropy": 2.5133776031817257,
    "avgMoveValueSpread": 2.0520092671183394,
    "avgNearOptimalFraction": 0.8355503657089456,
    "avgOwnTrailPlayRate": 0,
    "avgShieldsDownRate": 0.02769899845589381
  },
  "skillIndicators": 3,
  "timestamp": "2026-07-14T01:29:00.160Z",
  "durationSeconds": 12.757
}