{
  "warpFactor": 18,
  "playerCount": 17,
  "moduleConfig": "kappa",
  "moduleLabel": "Module Kappa (Temporal Inversion)",
  "zetaOmitted": false,
  "games": 500,
  "objective": "points",
  "summary": {
    "games": 500,
    "playerCount": 17,
    "maxPip": 18,
    "objective": "points",
    "avgLegalMovesPerTurn": 2.4917100985601137,
    "avgUniqueTrainsPerTurn": 0.8431136435433892,
    "avgConstrainedTileFraction": 0.5256884157572375,
    "avgUniquePipsInHand": 7.359496134203522,
    "avgMaxPipCluster": 2.0167953736445576,
    "avgHandEntropy": 2.633988188942841,
    "avgMoveValueSpread": 3.3040281735360475,
    "avgNearOptimalFraction": 0.8375826678231189,
    "avgOwnTrailPlayRate": 0,
    "avgShieldsDownRate": 0.45115816574932127
  },
  "skillIndicators": 3,
  "timestamp": "2026-07-14T01:59:33.650Z",
  "durationSeconds": 67.477
}