{
  "warpFactor": 9,
  "playerCount": 3,
  "moduleConfig": "none",
  "moduleLabel": "Baseline (no modules)",
  "zetaOmitted": false,
  "games": 500,
  "objective": "points",
  "summary": {
    "games": 500,
    "playerCount": 3,
    "maxPip": 9,
    "objective": "points",
    "avgLegalMovesPerTurn": 1.8485478000295945,
    "avgUniqueTrainsPerTurn": 0.9381734130107997,
    "avgConstrainedTileFraction": 0.5687113917221693,
    "avgUniquePipsInHand": 5.615959897920077,
    "avgMaxPipCluster": 2.394021125661215,
    "avgHandEntropy": 2.172040079768317,
    "avgMoveValueSpread": 1.8212674446027588,
    "avgNearOptimalFraction": 0.8150854207236212,
    "avgOwnTrailPlayRate": 0,
    "avgShieldsDownRate": 0.0916033279785168
  },
  "skillIndicators": 2,
  "timestamp": "2026-07-14T01:28:35.051Z",
  "durationSeconds": 3.684
}