{
  "warpFactor": 18,
  "playerCount": 12,
  "moduleConfig": "theta",
  "moduleLabel": "Module Theta (Longest Trail)",
  "zetaOmitted": false,
  "games": 500,
  "objective": "points",
  "summary": {
    "games": 500,
    "playerCount": 12,
    "maxPip": 18,
    "objective": "points",
    "avgLegalMovesPerTurn": 2.2803811437685315,
    "avgUniqueTrainsPerTurn": 0.905983353731708,
    "avgConstrainedTileFraction": 0.5609714648278973,
    "avgUniquePipsInHand": 8.019241563371837,
    "avgMaxPipCluster": 2.1989050727761486,
    "avgHandEntropy": 2.713343643173239,
    "avgMoveValueSpread": 3.8192398196810773,
    "avgNearOptimalFraction": 0.8084153758396203,
    "avgOwnTrailPlayRate": 0,
    "avgShieldsDownRate": 0.2841334699295173
  },
  "skillIndicators": 3,
  "timestamp": "2026-07-14T01:52:13.829Z",
  "durationSeconds": 57.088
}