{
  "warpFactor": 12,
  "playerCount": 3,
  "moduleConfig": "eta",
  "moduleLabel": "Module Eta (Temporal Debt)",
  "zetaOmitted": false,
  "games": 500,
  "objective": "points",
  "summary": {
    "games": 500,
    "playerCount": 3,
    "maxPip": 12,
    "objective": "points",
    "avgLegalMovesPerTurn": 1.9751677689286635,
    "avgUniqueTrainsPerTurn": 0.9267082127557696,
    "avgConstrainedTileFraction": 0.600492341335632,
    "avgUniquePipsInHand": 7.299611223825703,
    "avgMaxPipCluster": 2.749575930286707,
    "avgHandEntropy": 2.516783620385717,
    "avgMoveValueSpread": 2.740564388249873,
    "avgNearOptimalFraction": 0.7866182460300722,
    "avgOwnTrailPlayRate": 0,
    "avgShieldsDownRate": 0.04369279048695052
  },
  "skillIndicators": 3,
  "timestamp": "2026-07-14T01:29:22.853Z",
  "durationSeconds": 11.169
}