{
  "warpFactor": 18,
  "playerCount": 10,
  "moduleConfig": "zeta",
  "moduleLabel": "Module Zeta (Squadrons)",
  "zetaOmitted": false,
  "games": 500,
  "objective": "points",
  "summary": {
    "games": 500,
    "playerCount": 10,
    "maxPip": 18,
    "objective": "points",
    "avgLegalMovesPerTurn": 1.7947324580740283,
    "avgUniqueTrainsPerTurn": 0.921707859609999,
    "avgConstrainedTileFraction": 0.5968551173789589,
    "avgUniquePipsInHand": 7.793374002407246,
    "avgMaxPipCluster": 2.1894902288017946,
    "avgHandEntropy": 2.662074361732918,
    "avgMoveValueSpread": 3.4500317611996993,
    "avgNearOptimalFraction": 0.8263170065361344,
    "avgOwnTrailPlayRate": 0,
    "avgShieldsDownRate": 0.05722511927136561
  },
  "skillIndicators": 3,
  "timestamp": "2026-07-14T01:50:25.181Z",
  "durationSeconds": 61.626
}