{
  "warpFactor": 12,
  "playerCount": 8,
  "moduleConfig": "epsilon",
  "moduleLabel": "Module Epsilon (Drafting)",
  "zetaOmitted": false,
  "games": 500,
  "objective": "points",
  "summary": {
    "games": 500,
    "playerCount": 8,
    "maxPip": 12,
    "objective": "points",
    "avgLegalMovesPerTurn": 1.3219157880094057,
    "avgUniqueTrainsPerTurn": 0.6016211048058974,
    "avgConstrainedTileFraction": 0.318732272745537,
    "avgUniquePipsInHand": 3.9926323344902572,
    "avgMaxPipCluster": 1.35769041210651,
    "avgHandEntropy": 1.373955127398899,
    "avgMoveValueSpread": 2.0397877248984027,
    "avgNearOptimalFraction": 0.8557657202345688,
    "avgOwnTrailPlayRate": 0,
    "avgShieldsDownRate": 0.5328632577273282
  },
  "skillIndicators": 1,
  "timestamp": "2026-07-14T01:31:23.713Z",
  "durationSeconds": 19.3
}