{
  "warpFactor": 18,
  "playerCount": 16,
  "moduleConfig": "all",
  "moduleLabel": "All Modules (stress test)",
  "zetaOmitted": false,
  "games": 500,
  "objective": "points",
  "summary": {
    "games": 500,
    "playerCount": 16,
    "maxPip": 18,
    "objective": "points",
    "avgLegalMovesPerTurn": 2.057999507429793,
    "avgUniqueTrainsPerTurn": 0.8786595449261164,
    "avgConstrainedTileFraction": 0.5455287135006833,
    "avgUniquePipsInHand": 7.567199124340481,
    "avgMaxPipCluster": 2.0914482210337875,
    "avgHandEntropy": 2.646104243086701,
    "avgMoveValueSpread": 3.846301095955609,
    "avgNearOptimalFraction": 0.8142974506167782,
    "avgOwnTrailPlayRate": 0,
    "avgShieldsDownRate": 0.09144241532663361
  },
  "skillIndicators": 3,
  "timestamp": "2026-07-14T01:59:11.576Z",
  "durationSeconds": 115.648
}