{
  "warpFactor": 12,
  "playerCount": 4,
  "moduleConfig": "official",
  "moduleLabel": "Official Warp 12 Preset",
  "games": 500,
  "objective": "points",
  "summary": {
    "games": 500,
    "playerCount": 4,
    "maxPip": 12,
    "objective": "points",
    "avgLegalMovesPerTurn": 2.174364073783475,
    "avgUniqueTrainsPerTurn": 0.9243291803601772,
    "avgConstrainedTileFraction": 0.5803700435648951,
    "avgUniquePipsInHand": 6.445090144350518,
    "avgMaxPipCluster": 2.595207663078983,
    "avgHandEntropy": 2.2766291055180234,
    "avgMoveValueSpread": 2.909768190684467,
    "avgNearOptimalFraction": 0.7887491751333934,
    "avgOwnTrailPlayRate": 0,
    "avgShieldsDownRate": 0.1336950655998269
  },
  "skillIndicators": 3,
  "timestamp": "2026-07-12T23:10:18.872Z",
  "durationSeconds": 166.17
}