{
  "warpFactor": 15,
  "playerCount": 12,
  "moduleConfig": "gamma",
  "moduleLabel": "Module Gamma (Sensor Grid)",
  "zetaOmitted": false,
  "games": 500,
  "objective": "points",
  "summary": {
    "games": 500,
    "playerCount": 12,
    "maxPip": 15,
    "objective": "points",
    "avgLegalMovesPerTurn": 2.4749117229698983,
    "avgUniqueTrainsPerTurn": 0.9903451358909213,
    "avgConstrainedTileFraction": 0.5604241988707794,
    "avgUniquePipsInHand": 7.571136333254832,
    "avgMaxPipCluster": 2.2821702700268625,
    "avgHandEntropy": 2.623637613637879,
    "avgMoveValueSpread": 3.6461109666200424,
    "avgNearOptimalFraction": 0.7832684663284654,
    "avgOwnTrailPlayRate": 0,
    "avgShieldsDownRate": 0.24011567888282204
  },
  "skillIndicators": 3,
  "timestamp": "2026-07-14T01:38:57.224Z",
  "durationSeconds": 39.377
}