{
  "warpFactor": 15,
  "playerCount": 3,
  "moduleConfig": "beta",
  "moduleLabel": "Module Beta (Salamander Penalty)",
  "zetaOmitted": false,
  "games": 500,
  "objective": "points",
  "summary": {
    "games": 500,
    "playerCount": 3,
    "maxPip": 15,
    "objective": "points",
    "avgLegalMovesPerTurn": 1.690707238071225,
    "avgUniqueTrainsPerTurn": 0.7679778252338357,
    "avgConstrainedTileFraction": 0.544926770198,
    "avgUniquePipsInHand": 7.9979538288510055,
    "avgMaxPipCluster": 2.6409280799792794,
    "avgHandEntropy": 2.6558849423348185,
    "avgMoveValueSpread": 2.4804480084400478,
    "avgNearOptimalFraction": 0.8411256934519554,
    "avgOwnTrailPlayRate": 0,
    "avgShieldsDownRate": 0.03600625645644496
  },
  "skillIndicators": 3,
  "timestamp": "2026-07-14T01:32:25.442Z",
  "durationSeconds": 26.031
}