{
  "warpFactor": 9,
  "playerCount": 3,
  "moduleConfig": "delta",
  "moduleLabel": "Module Delta (Warp Drive Spool)",
  "zetaOmitted": false,
  "games": 500,
  "objective": "points",
  "summary": {
    "games": 500,
    "playerCount": 3,
    "maxPip": 9,
    "objective": "points",
    "avgLegalMovesPerTurn": 1.8469293369832425,
    "avgUniqueTrainsPerTurn": 0.936561060411018,
    "avgConstrainedTileFraction": 0.5668335180876559,
    "avgUniquePipsInHand": 5.6017690242296405,
    "avgMaxPipCluster": 2.3921924766326415,
    "avgHandEntropy": 2.1680256968733858,
    "avgMoveValueSpread": 1.814522376482588,
    "avgNearOptimalFraction": 0.815267698645376,
    "avgOwnTrailPlayRate": 0,
    "avgShieldsDownRate": 0.0925989727505653
  },
  "skillIndicators": 2,
  "timestamp": "2026-07-14T01:28:34.625Z",
  "durationSeconds": 3.251
}