{
  "warpFactor": 15,
  "playerCount": 2,
  "moduleConfig": "lambda",
  "moduleLabel": "Module Lambda (Wormholes)",
  "zetaOmitted": false,
  "games": 500,
  "objective": "points",
  "summary": {
    "games": 500,
    "playerCount": 2,
    "maxPip": 15,
    "objective": "points",
    "avgLegalMovesPerTurn": 1.545536211079402,
    "avgUniqueTrainsPerTurn": 0.6473044937040909,
    "avgConstrainedTileFraction": 0.5044041834978832,
    "avgUniquePipsInHand": 8.690665600634402,
    "avgMaxPipCluster": 2.917069872539447,
    "avgHandEntropy": 2.790849897026523,
    "avgMoveValueSpread": 2.062091963922558,
    "avgNearOptimalFraction": 0.8637037070780407,
    "avgOwnTrailPlayRate": 0,
    "avgShieldsDownRate": 0.01959857359571868
  },
  "skillIndicators": 3,
  "timestamp": "2026-07-14T01:32:18.487Z",
  "durationSeconds": 34.44
}