{
  "warpFactor": 18,
  "playerCount": 17,
  "moduleConfig": "beta",
  "moduleLabel": "Module Beta (Salamander Penalty)",
  "zetaOmitted": false,
  "games": 500,
  "objective": "points",
  "summary": {
    "games": 500,
    "playerCount": 17,
    "maxPip": 18,
    "objective": "points",
    "avgLegalMovesPerTurn": 2.4975369811663426,
    "avgUniqueTrainsPerTurn": 0.8445909144983993,
    "avgConstrainedTileFraction": 0.525751116026367,
    "avgUniquePipsInHand": 7.353554954695136,
    "avgMaxPipCluster": 2.019276928872095,
    "avgHandEntropy": 2.632593819465878,
    "avgMoveValueSpread": 3.307734857644171,
    "avgNearOptimalFraction": 0.8349632940548428,
    "avgOwnTrailPlayRate": 0,
    "avgShieldsDownRate": 0.44984294007578896
  },
  "skillIndicators": 3,
  "timestamp": "2026-07-14T01:58:41.382Z",
  "durationSeconds": 68.936
}