{
  "warpFactor": 9,
  "playerCount": 3,
  "moduleConfig": "alpha",
  "moduleLabel": "Module Alpha (Continuum)",
  "zetaOmitted": false,
  "games": 500,
  "objective": "points",
  "summary": {
    "games": 500,
    "playerCount": 3,
    "maxPip": 9,
    "objective": "points",
    "avgLegalMovesPerTurn": 1.851000416984873,
    "avgUniqueTrainsPerTurn": 0.9388745224673253,
    "avgConstrainedTileFraction": 0.5677953417248559,
    "avgUniquePipsInHand": 5.629448167375781,
    "avgMaxPipCluster": 2.4024784227625027,
    "avgHandEntropy": 2.177214421946038,
    "avgMoveValueSpread": 1.8264030554458897,
    "avgNearOptimalFraction": 0.8141530730125883,
    "avgOwnTrailPlayRate": 0,
    "avgShieldsDownRate": 0.09282388826456896
  },
  "skillIndicators": 2,
  "timestamp": "2026-07-14T01:28:34.995Z",
  "durationSeconds": 3.628
}