{
  "warpFactor": 9,
  "playerCount": 3,
  "moduleConfig": "all",
  "moduleLabel": "All Modules (stress test) (Zeta omitted — fleet too small/uneven)",
  "zetaOmitted": true,
  "games": 500,
  "objective": "points",
  "summary": {
    "games": 500,
    "playerCount": 3,
    "maxPip": 9,
    "objective": "points",
    "avgLegalMovesPerTurn": 1.9305834655546066,
    "avgUniqueTrainsPerTurn": 0.9055156058561162,
    "avgConstrainedTileFraction": 0.5868667602346426,
    "avgUniquePipsInHand": 6.179297514505617,
    "avgMaxPipCluster": 2.6966570588787317,
    "avgHandEntropy": 2.29764966026794,
    "avgMoveValueSpread": 2.0241766186712304,
    "avgNearOptimalFraction": 0.797371066912698,
    "avgOwnTrailPlayRate": 0,
    "avgShieldsDownRate": 0.0712810980667583
  },
  "skillIndicators": 3,
  "timestamp": "2026-07-14T01:28:45.400Z",
  "durationSeconds": 6.128
}