{
  "warpFactor": 15,
  "playerCount": 7,
  "moduleConfig": "delta",
  "moduleLabel": "Module Delta (Warp Drive Spool)",
  "zetaOmitted": false,
  "games": 500,
  "objective": "points",
  "summary": {
    "games": 500,
    "playerCount": 7,
    "maxPip": 15,
    "objective": "points",
    "avgLegalMovesPerTurn": 2.090306615961989,
    "avgUniqueTrainsPerTurn": 0.9649431255815963,
    "avgConstrainedTileFraction": 0.5797152649522389,
    "avgUniquePipsInHand": 7.690055887162949,
    "avgMaxPipCluster": 2.3893381993879763,
    "avgHandEntropy": 2.610073996677826,
    "avgMoveValueSpread": 3.378424326185661,
    "avgNearOptimalFraction": 0.7954104103233021,
    "avgOwnTrailPlayRate": 0,
    "avgShieldsDownRate": 0.1291910773406676
  },
  "skillIndicators": 3,
  "timestamp": "2026-07-14T01:35:03.405Z",
  "durationSeconds": 21.2
}