{
  "warpFactor": 15,
  "playerCount": 10,
  "moduleConfig": "delta",
  "moduleLabel": "Module Delta (Warp Drive Spool)",
  "zetaOmitted": false,
  "games": 500,
  "objective": "points",
  "summary": {
    "games": 500,
    "playerCount": 10,
    "maxPip": 15,
    "objective": "points",
    "avgLegalMovesPerTurn": 2.3551844848548655,
    "avgUniqueTrainsPerTurn": 1.0108274331684128,
    "avgConstrainedTileFraction": 0.5773609497738963,
    "avgUniquePipsInHand": 7.744156924440718,
    "avgMaxPipCluster": 2.3621969130152056,
    "avgHandEntropy": 2.6387057792468016,
    "avgMoveValueSpread": 3.7292284234589497,
    "avgNearOptimalFraction": 0.777048554911,
    "avgOwnTrailPlayRate": 0,
    "avgShieldsDownRate": 0.17869457102529965
  },
  "skillIndicators": 3,
  "timestamp": "2026-07-14T01:37:16.416Z",
  "durationSeconds": 29.233
}