{
  "warpFactor": 15,
  "playerCount": 8,
  "moduleConfig": "alpha",
  "moduleLabel": "Module Alpha (Continuum)",
  "zetaOmitted": false,
  "games": 500,
  "objective": "points",
  "summary": {
    "games": 500,
    "playerCount": 8,
    "maxPip": 15,
    "objective": "points",
    "avgLegalMovesPerTurn": 2.2160103172469396,
    "avgUniqueTrainsPerTurn": 1.000966057473422,
    "avgConstrainedTileFraction": 0.5862656462275468,
    "avgUniquePipsInHand": 7.850344209540399,
    "avgMaxPipCluster": 2.418735222273095,
    "avgHandEntropy": 2.6446928046919274,
    "avgMoveValueSpread": 3.6413882627087,
    "avgNearOptimalFraction": 0.780555976163686,
    "avgOwnTrailPlayRate": 0,
    "avgShieldsDownRate": 0.1358951115053928
  },
  "skillIndicators": 3,
  "timestamp": "2026-07-14T01:35:41.079Z",
  "durationSeconds": 29.875
}