{
  "warpFactor": 15,
  "playerCount": 6,
  "moduleConfig": "delta",
  "moduleLabel": "Module Delta (Warp Drive Spool)",
  "zetaOmitted": false,
  "games": 500,
  "objective": "points",
  "summary": {
    "games": 500,
    "playerCount": 6,
    "maxPip": 15,
    "objective": "points",
    "avgLegalMovesPerTurn": 2.0929168222765067,
    "avgUniqueTrainsPerTurn": 0.9802090771212689,
    "avgConstrainedTileFraction": 0.5978855070828959,
    "avgUniquePipsInHand": 8.033362309904383,
    "avgMaxPipCluster": 2.528843773701121,
    "avgHandEntropy": 2.65712764532677,
    "avgMoveValueSpread": 3.559463036702272,
    "avgNearOptimalFraction": 0.7830646936266178,
    "avgOwnTrailPlayRate": 0,
    "avgShieldsDownRate": 0.08742742388612573
  },
  "skillIndicators": 3,
  "timestamp": "2026-07-14T01:34:27.101Z",
  "durationSeconds": 22.253
}