{
  "warpFactor": 15,
  "playerCount": 8,
  "moduleConfig": "all",
  "moduleLabel": "All Modules (stress test)",
  "zetaOmitted": false,
  "games": 500,
  "objective": "points",
  "summary": {
    "games": 500,
    "playerCount": 8,
    "maxPip": 15,
    "objective": "points",
    "avgLegalMovesPerTurn": 1.8593548432784566,
    "avgUniqueTrainsPerTurn": 0.8944355113289226,
    "avgConstrainedTileFraction": 0.5938288414246681,
    "avgUniquePipsInHand": 7.92301278331469,
    "avgMaxPipCluster": 2.4754998194362554,
    "avgHandEntropy": 2.6521000476803245,
    "avgMoveValueSpread": 3.177607639960601,
    "avgNearOptimalFraction": 0.8087770815838933,
    "avgOwnTrailPlayRate": 0,
    "avgShieldsDownRate": 0.03590957354750289
  },
  "skillIndicators": 3,
  "timestamp": "2026-07-14T01:36:36.039Z",
  "durationSeconds": 51.127
}