{
  "warpFactor": 18,
  "playerCount": 18,
  "moduleConfig": "none",
  "moduleLabel": "Baseline (no modules)",
  "zetaOmitted": false,
  "games": 500,
  "objective": "points",
  "summary": {
    "games": 500,
    "playerCount": 18,
    "maxPip": 18,
    "objective": "points",
    "avgLegalMovesPerTurn": 2.575820109844997,
    "avgUniqueTrainsPerTurn": 0.8506188234254989,
    "avgConstrainedTileFraction": 0.526900752292642,
    "avgUniquePipsInHand": 7.368340850179064,
    "avgMaxPipCluster": 2.0208636125009085,
    "avgHandEntropy": 2.636519596548023,
    "avgMoveValueSpread": 3.400023195117184,
    "avgNearOptimalFraction": 0.8311588327289405,
    "avgOwnTrailPlayRate": 0,
    "avgShieldsDownRate": 0.4555578107245538
  },
  "skillIndicators": 3,
  "timestamp": "2026-07-14T02:00:06.917Z",
  "durationSeconds": 75.119
}