{
  "warpFactor": 18,
  "playerCount": 11,
  "moduleConfig": "official",
  "moduleLabel": "Official Warp 12 Preset",
  "zetaOmitted": false,
  "games": 500,
  "objective": "points",
  "summary": {
    "games": 500,
    "playerCount": 11,
    "maxPip": 18,
    "objective": "points",
    "avgLegalMovesPerTurn": 2.217017843753518,
    "avgUniqueTrainsPerTurn": 0.8578001258858388,
    "avgConstrainedTileFraction": 0.5352447171332312,
    "avgUniquePipsInHand": 7.717618696908663,
    "avgMaxPipCluster": 2.144148868815123,
    "avgHandEntropy": 2.631947076215363,
    "avgMoveValueSpread": 3.5218081398753434,
    "avgNearOptimalFraction": 0.8225005442803932,
    "avgOwnTrailPlayRate": 0,
    "avgShieldsDownRate": 0.2648969109917457
  },
  "skillIndicators": 3,
  "timestamp": "2026-07-14T01:51:29.566Z",
  "durationSeconds": 59.043
}