{
  "warpFactor": 15,
  "playerCount": 10,
  "moduleConfig": "zeta",
  "moduleLabel": "Module Zeta (Squadrons)",
  "zetaOmitted": false,
  "games": 500,
  "objective": "points",
  "summary": {
    "games": 500,
    "playerCount": 10,
    "maxPip": 15,
    "objective": "points",
    "avgLegalMovesPerTurn": 1.9303171409108264,
    "avgUniqueTrainsPerTurn": 1.0011949722078928,
    "avgConstrainedTileFraction": 0.614531003537917,
    "avgUniquePipsInHand": 7.405796701931192,
    "avgMaxPipCluster": 2.2818277975913333,
    "avgHandEntropy": 2.5819339806331176,
    "avgMoveValueSpread": 3.3321525263216167,
    "avgNearOptimalFraction": 0.7998407515598713,
    "avgOwnTrailPlayRate": 0,
    "avgShieldsDownRate": 0.057180215101264434
  },
  "skillIndicators": 3,
  "timestamp": "2026-07-14T01:38:02.343Z",
  "durationSeconds": 43.032
}