{
  "warpFactor": 18,
  "playerCount": 4,
  "moduleConfig": "official",
  "moduleLabel": "Official Warp 12 Preset",
  "zetaOmitted": false,
  "games": 500,
  "objective": "points",
  "summary": {
    "games": 500,
    "playerCount": 4,
    "maxPip": 18,
    "objective": "points",
    "avgLegalMovesPerTurn": 1.7206599174452621,
    "avgUniqueTrainsPerTurn": 0.7571732209381027,
    "avgConstrainedTileFraction": 0.5383593654627761,
    "avgUniquePipsInHand": 8.421281757268755,
    "avgMaxPipCluster": 2.4813329117431566,
    "avgHandEntropy": 2.707756302480306,
    "avgMoveValueSpread": 2.881924915683618,
    "avgNearOptimalFraction": 0.8475580450008422,
    "avgOwnTrailPlayRate": 0,
    "avgShieldsDownRate": 0.04156356886683041
  },
  "skillIndicators": 3,
  "timestamp": "2026-07-14T01:43:39.774Z",
  "durationSeconds": 56.425
}