{
  "warpFactor": 15,
  "playerCount": 5,
  "moduleConfig": "none",
  "moduleLabel": "Baseline (no modules)",
  "zetaOmitted": false,
  "games": 500,
  "objective": "points",
  "summary": {
    "games": 500,
    "playerCount": 5,
    "maxPip": 15,
    "objective": "points",
    "avgLegalMovesPerTurn": 1.9238687734665898,
    "avgUniqueTrainsPerTurn": 0.9093118678949721,
    "avgConstrainedTileFraction": 0.580250844194633,
    "avgUniquePipsInHand": 7.781811674194607,
    "avgMaxPipCluster": 2.4809849268697404,
    "avgHandEntropy": 2.6106507104030316,
    "avgMoveValueSpread": 3.11754982036123,
    "avgNearOptimalFraction": 0.8082925054630149,
    "avgOwnTrailPlayRate": 0,
    "avgShieldsDownRate": 0.07898801710185727
  },
  "skillIndicators": 3,
  "timestamp": "2026-07-14T01:33:35.947Z",
  "durationSeconds": 24.439
}