{
  "warpFactor": 12,
  "playerCount": 4,
  "moduleConfig": "beta",
  "moduleLabel": "Module Beta (Salamander Penalty)",
  "zetaOmitted": false,
  "games": 500,
  "objective": "points",
  "summary": {
    "games": 500,
    "playerCount": 4,
    "maxPip": 12,
    "objective": "points",
    "avgLegalMovesPerTurn": 2.2617837463289145,
    "avgUniqueTrainsPerTurn": 1.0563638962760051,
    "avgConstrainedTileFraction": 0.6381472038408925,
    "avgUniquePipsInHand": 7.7190496037557,
    "avgMaxPipCluster": 2.879743931540347,
    "avgHandEntropy": 2.5942513566476295,
    "avgMoveValueSpread": 3.381750893811467,
    "avgNearOptimalFraction": 0.7384767318852539,
    "avgOwnTrailPlayRate": 0,
    "avgShieldsDownRate": 0.056403437588603944
  },
  "skillIndicators": 3,
  "timestamp": "2026-07-14T01:29:40.772Z",
  "durationSeconds": 14.396
}