{
  "warpFactor": 12,
  "playerCount": 2,
  "moduleConfig": "delta",
  "moduleLabel": "Module Delta (Warp Drive Spool)",
  "zetaOmitted": false,
  "games": 500,
  "objective": "points",
  "summary": {
    "games": 500,
    "playerCount": 2,
    "maxPip": 12,
    "objective": "points",
    "avgLegalMovesPerTurn": 1.6886937035323057,
    "avgUniqueTrainsPerTurn": 0.7647033119249337,
    "avgConstrainedTileFraction": 0.5492206180619191,
    "avgUniquePipsInHand": 7.212260817116791,
    "avgMaxPipCluster": 2.762510962969696,
    "avgHandEntropy": 2.5144477087758945,
    "avgMoveValueSpread": 2.049152338492476,
    "avgNearOptimalFraction": 0.8359450507069034,
    "avgOwnTrailPlayRate": 0,
    "avgShieldsDownRate": 0.02708714958968746
  },
  "skillIndicators": 3,
  "timestamp": "2026-07-14T01:29:00.433Z",
  "durationSeconds": 11.495
}