{
  "warpFactor": 18,
  "playerCount": 4,
  "moduleConfig": "beta",
  "moduleLabel": "Module Beta (Salamander Penalty)",
  "zetaOmitted": false,
  "games": 500,
  "objective": "points",
  "summary": {
    "games": 500,
    "playerCount": 4,
    "maxPip": 18,
    "objective": "points",
    "avgLegalMovesPerTurn": 1.6890081980179252,
    "avgUniqueTrainsPerTurn": 0.774906199795929,
    "avgConstrainedTileFraction": 0.5513887533204096,
    "avgUniquePipsInHand": 8.581157951285928,
    "avgMaxPipCluster": 2.5168757855354884,
    "avgHandEntropy": 2.749530073922742,
    "avgMoveValueSpread": 2.9559184107241445,
    "avgNearOptimalFraction": 0.8440014182798392,
    "avgOwnTrailPlayRate": 0,
    "avgShieldsDownRate": 0.04275578362421906
  },
  "skillIndicators": 3,
  "timestamp": "2026-07-14T01:42:40.287Z",
  "durationSeconds": 50.221
}