{
  "warpFactor": 12,
  "playerCount": 6,
  "moduleConfig": "none",
  "moduleLabel": "Baseline (no modules)",
  "zetaOmitted": false,
  "games": 500,
  "objective": "points",
  "summary": {
    "games": 500,
    "playerCount": 6,
    "maxPip": 12,
    "objective": "points",
    "avgLegalMovesPerTurn": 2.3876021642653713,
    "avgUniqueTrainsPerTurn": 1.1188725179258883,
    "avgConstrainedTileFraction": 0.6291570883303429,
    "avgUniquePipsInHand": 7.6285780939877,
    "avgMaxPipCluster": 2.7351714765464026,
    "avgHandEntropy": 2.5890644540405585,
    "avgMoveValueSpread": 3.5955665597573736,
    "avgNearOptimalFraction": 0.7299847891013729,
    "avgOwnTrailPlayRate": 0,
    "avgShieldsDownRate": 0.09072511653570896
  },
  "skillIndicators": 3,
  "timestamp": "2026-07-14T01:30:21.044Z",
  "durationSeconds": 16.063
}