{
  "warpFactor": 12,
  "playerCount": 6,
  "moduleConfig": "alpha",
  "moduleLabel": "Module Alpha (Continuum)",
  "zetaOmitted": false,
  "games": 500,
  "objective": "points",
  "summary": {
    "games": 500,
    "playerCount": 6,
    "maxPip": 12,
    "objective": "points",
    "avgLegalMovesPerTurn": 2.38305334561997,
    "avgUniqueTrainsPerTurn": 1.1174718671447306,
    "avgConstrainedTileFraction": 0.6282576103278794,
    "avgUniquePipsInHand": 7.6438952419604185,
    "avgMaxPipCluster": 2.7360590941303187,
    "avgHandEntropy": 2.594218146524007,
    "avgMoveValueSpread": 3.5777905391451905,
    "avgNearOptimalFraction": 0.7303128520987854,
    "avgOwnTrailPlayRate": 0,
    "avgShieldsDownRate": 0.09091534000985275
  },
  "skillIndicators": 3,
  "timestamp": "2026-07-14T01:30:22.126Z",
  "durationSeconds": 16.47
}