{
  "warpFactor": 15,
  "playerCount": 11,
  "moduleConfig": "all",
  "moduleLabel": "All Modules (stress test) (Zeta omitted — fleet too small/uneven)",
  "zetaOmitted": true,
  "games": 500,
  "objective": "points",
  "summary": {
    "games": 500,
    "playerCount": 11,
    "maxPip": 15,
    "objective": "points",
    "avgLegalMovesPerTurn": 2.5309091022527226,
    "avgUniqueTrainsPerTurn": 0.8989657871317699,
    "avgConstrainedTileFraction": 0.5273974562999032,
    "avgUniquePipsInHand": 7.702386230869585,
    "avgMaxPipCluster": 2.336751854341369,
    "avgHandEntropy": 2.633006621776827,
    "avgMoveValueSpread": 3.7300446197011006,
    "avgNearOptimalFraction": 0.78572817930106,
    "avgOwnTrailPlayRate": 0,
    "avgShieldsDownRate": 0.21497281659486425
  },
  "skillIndicators": 3,
  "timestamp": "2026-07-14T01:38:53.010Z",
  "durationSeconds": 43.234
}