{
  "warpFactor": 18,
  "playerCount": 13,
  "moduleConfig": "alpha",
  "moduleLabel": "Module Alpha (Continuum)",
  "zetaOmitted": false,
  "games": 500,
  "objective": "points",
  "summary": {
    "games": 500,
    "playerCount": 13,
    "maxPip": 18,
    "objective": "points",
    "avgLegalMovesPerTurn": 2.373747218317273,
    "avgUniqueTrainsPerTurn": 0.9166015580616769,
    "avgConstrainedTileFraction": 0.5633824771443342,
    "avgUniquePipsInHand": 8.082623046244937,
    "avgMaxPipCluster": 2.208141295553931,
    "avgHandEntropy": 2.7277568824286282,
    "avgMoveValueSpread": 3.962676820254125,
    "avgNearOptimalFraction": 0.8019944036956362,
    "avgOwnTrailPlayRate": 0,
    "avgShieldsDownRate": 0.2930173881738544
  },
  "skillIndicators": 3,
  "timestamp": "2026-07-14T01:53:01.898Z",
  "durationSeconds": 62.414
}