{
  "warpFactor": 18,
  "playerCount": 16,
  "moduleConfig": "mu",
  "moduleLabel": "Subspace Fracture (Own Trail)",
  "zetaOmitted": false,
  "games": 500,
  "objective": "points",
  "summary": {
    "games": 500,
    "playerCount": 16,
    "maxPip": 18,
    "objective": "points",
    "avgLegalMovesPerTurn": 2.5617190290083274,
    "avgUniqueTrainsPerTurn": 0.8745050394722381,
    "avgConstrainedTileFraction": 0.5388568861954702,
    "avgUniquePipsInHand": 7.7490862333370805,
    "avgMaxPipCluster": 2.111877426597396,
    "avgHandEntropy": 2.686832701318326,
    "avgMoveValueSpread": 3.879312234537109,
    "avgNearOptimalFraction": 0.8083055700392325,
    "avgOwnTrailPlayRate": 0,
    "avgShieldsDownRate": 0.37453173978053467
  },
  "skillIndicators": 3,
  "timestamp": "2026-07-14T01:58:15.571Z",
  "durationSeconds": 75.061
}