{
  "warpFactor": 15,
  "playerCount": 11,
  "moduleConfig": "delta",
  "moduleLabel": "Module Delta (Warp Drive Spool)",
  "zetaOmitted": false,
  "games": 500,
  "objective": "points",
  "summary": {
    "games": 500,
    "playerCount": 11,
    "maxPip": 15,
    "objective": "points",
    "avgLegalMovesPerTurn": 2.373702452862807,
    "avgUniqueTrainsPerTurn": 0.9778510758377241,
    "avgConstrainedTileFraction": 0.5594636570251065,
    "avgUniquePipsInHand": 7.490374315107157,
    "avgMaxPipCluster": 2.2698777366315777,
    "avgHandEntropy": 2.6065652691702237,
    "avgMoveValueSpread": 3.5039601797887214,
    "avgNearOptimalFraction": 0.7907386513642641,
    "avgOwnTrailPlayRate": 0,
    "avgShieldsDownRate": 0.23255992313010362
  },
  "skillIndicators": 3,
  "timestamp": "2026-07-14T01:38:08.567Z",
  "durationSeconds": 28.732
}