{
  "warpFactor": 18,
  "playerCount": 7,
  "moduleConfig": "eta",
  "moduleLabel": "Module Eta (Temporal Debt)",
  "zetaOmitted": false,
  "games": 500,
  "objective": "points",
  "summary": {
    "games": 500,
    "playerCount": 7,
    "maxPip": 18,
    "objective": "points",
    "avgLegalMovesPerTurn": 1.9068551641365235,
    "avgUniqueTrainsPerTurn": 0.8701883708705842,
    "avgConstrainedTileFraction": 0.5665036945844915,
    "avgUniquePipsInHand": 8.152370315116837,
    "avgMaxPipCluster": 2.2938896774062445,
    "avgHandEntropy": 2.6990687520471663,
    "avgMoveValueSpread": 3.4255985612046405,
    "avgNearOptimalFraction": 0.8249558389608954,
    "avgOwnTrailPlayRate": 0,
    "avgShieldsDownRate": 0.14669606276298527
  },
  "skillIndicators": 3,
  "timestamp": "2026-07-14T01:46:10.269Z",
  "durationSeconds": 33.203
}