{
  "warpFactor": 12,
  "playerCount": 3,
  "moduleConfig": "alpha",
  "moduleLabel": "Module Alpha (Continuum)",
  "games": 500,
  "objective": "points",
  "summary": {
    "games": 500,
    "playerCount": 3,
    "maxPip": 12,
    "objective": "points",
    "avgLegalMovesPerTurn": 1.985396396692635,
    "avgUniqueTrainsPerTurn": 0.9267381802869977,
    "avgConstrainedTileFraction": 0.6065404244152199,
    "avgUniquePipsInHand": 6.9104105000060825,
    "avgMaxPipCluster": 2.7676786098844284,
    "avgHandEntropy": 2.3998085359029875,
    "avgMoveValueSpread": 2.764195819347536,
    "avgNearOptimalFraction": 0.7966848840647592,
    "avgOwnTrailPlayRate": 0,
    "avgShieldsDownRate": 0.13405462809303248
  },
  "skillIndicators": 3,
  "timestamp": "2026-07-12T23:07:12.725Z",
  "durationSeconds": 109.934
}