{
  "warpFactor": 9,
  "playerCount": 2,
  "moduleConfig": "official",
  "moduleLabel": "Official Warp 12 Preset",
  "games": 500,
  "objective": "points",
  "summary": {
    "games": 500,
    "playerCount": 2,
    "maxPip": 9,
    "objective": "points",
    "avgLegalMovesPerTurn": 1.760314865430501,
    "avgUniqueTrainsPerTurn": 0.7393626294368648,
    "avgConstrainedTileFraction": 0.5003292034227447,
    "avgUniquePipsInHand": 5.211100838282592,
    "avgMaxPipCluster": 2.45007804172238,
    "avgHandEntropy": 2.036601860785143,
    "avgMoveValueSpread": 1.4641862852058327,
    "avgNearOptimalFraction": 0.8559855314757225,
    "avgOwnTrailPlayRate": 0,
    "avgShieldsDownRate": 0.13232533434230248
  },
  "skillIndicators": 2,
  "timestamp": "2026-07-12T23:04:31.050Z",
  "durationSeconds": 68.931
}