{
  "warpFactor": 12,
  "playerCount": 7,
  "moduleConfig": "beta",
  "moduleLabel": "Module Beta (Salamander Penalty)",
  "zetaOmitted": false,
  "games": 500,
  "objective": "points",
  "summary": {
    "games": 500,
    "playerCount": 7,
    "maxPip": 12,
    "objective": "points",
    "avgLegalMovesPerTurn": 2.3374767897954256,
    "avgUniqueTrainsPerTurn": 1.0882395346062195,
    "avgConstrainedTileFraction": 0.5974048976385281,
    "avgUniquePipsInHand": 7.217684571997719,
    "avgMaxPipCluster": 2.54198201923762,
    "avgHandEntropy": 2.522447051945374,
    "avgMoveValueSpread": 3.2974761749151633,
    "avgNearOptimalFraction": 0.7533007713332759,
    "avgOwnTrailPlayRate": 0,
    "avgShieldsDownRate": 0.11972855311104691
  },
  "skillIndicators": 3,
  "timestamp": "2026-07-14T01:30:53.382Z",
  "durationSeconds": 17.36
}