{
  "warpFactor": 15,
  "playerCount": 12,
  "moduleConfig": "iota",
  "moduleLabel": "Module Iota (Double Down)",
  "zetaOmitted": false,
  "games": 500,
  "objective": "points",
  "summary": {
    "games": 500,
    "playerCount": 12,
    "maxPip": 15,
    "objective": "points",
    "avgLegalMovesPerTurn": 2.5924875453833534,
    "avgUniqueTrainsPerTurn": 1.0248837224365306,
    "avgConstrainedTileFraction": 0.5713401169950155,
    "avgUniquePipsInHand": 7.841498148960727,
    "avgMaxPipCluster": 2.3560219872253962,
    "avgHandEntropy": 2.670178696799739,
    "avgMoveValueSpread": 4.031755241951893,
    "avgNearOptimalFraction": 0.7629019281324954,
    "avgOwnTrailPlayRate": 0,
    "avgShieldsDownRate": 0.22000666068605065
  },
  "skillIndicators": 3,
  "timestamp": "2026-07-14T01:39:23.799Z",
  "durationSeconds": 43.011
}