{
  "warpFactor": 18,
  "playerCount": 3,
  "moduleConfig": "all",
  "moduleLabel": "All Modules (stress test) (Zeta omitted — fleet too small/uneven)",
  "zetaOmitted": true,
  "games": 500,
  "objective": "points",
  "summary": {
    "games": 500,
    "playerCount": 3,
    "maxPip": 18,
    "objective": "points",
    "avgLegalMovesPerTurn": 1.8246535410599172,
    "avgUniqueTrainsPerTurn": 0.7392980365589791,
    "avgConstrainedTileFraction": 0.5389156323221462,
    "avgUniquePipsInHand": 11.288745962551483,
    "avgMaxPipCluster": 3.3490287561785745,
    "avgHandEntropy": 3.1591025464330635,
    "avgMoveValueSpread": 3.4796411266982568,
    "avgNearOptimalFraction": 0.8196787039066973,
    "avgOwnTrailPlayRate": 0,
    "avgShieldsDownRate": 0.02303205190945245
  },
  "skillIndicators": 3,
  "timestamp": "2026-07-14T01:43:17.531Z",
  "durationSeconds": 100.856
}