{
  "warpFactor": 12,
  "playerCount": 7,
  "moduleConfig": "epsilon",
  "moduleLabel": "Module Epsilon (Drafting)",
  "games": 500,
  "objective": "points",
  "summary": {
    "games": 500,
    "playerCount": 7,
    "maxPip": 12,
    "objective": "points",
    "avgLegalMovesPerTurn": 39.66315964789438,
    "avgUniqueTrainsPerTurn": 0.8836922076622985,
    "avgConstrainedTileFraction": 0.14230049523318886,
    "avgUniquePipsInHand": 5.840185255576669,
    "avgMaxPipCluster": 21.635414224267286,
    "avgHandEntropy": 1.6636048466165039,
    "avgMoveValueSpread": 6.387362208662598,
    "avgNearOptimalFraction": 0.6142798371843954,
    "avgOwnTrailPlayRate": 0,
    "avgShieldsDownRate": 0.5361507452235671
  },
  "skillIndicators": 3,
  "timestamp": "2026-07-13T03:09:13.645Z",
  "durationSeconds": 3177.323
}