{
  "warpFactor": 18,
  "playerCount": 8,
  "moduleConfig": "mu",
  "moduleLabel": "Subspace Fracture (Own Trail)",
  "zetaOmitted": false,
  "games": 500,
  "objective": "points",
  "summary": {
    "games": 500,
    "playerCount": 8,
    "maxPip": 18,
    "objective": "points",
    "avgLegalMovesPerTurn": 2.044889732894772,
    "avgUniqueTrainsPerTurn": 0.8652870059922684,
    "avgConstrainedTileFraction": 0.5528649162038181,
    "avgUniquePipsInHand": 8.205135778202797,
    "avgMaxPipCluster": 2.3013610121280146,
    "avgHandEntropy": 2.7103761916629363,
    "avgMoveValueSpread": 3.777942890154362,
    "avgNearOptimalFraction": 0.811048366046511,
    "avgOwnTrailPlayRate": 0,
    "avgShieldsDownRate": 0.14596407238018944
  },
  "skillIndicators": 3,
  "timestamp": "2026-07-14T01:47:54.955Z",
  "durationSeconds": 55.973
}