{
  "warpFactor": 18,
  "playerCount": 3,
  "moduleConfig": "none",
  "moduleLabel": "Baseline (no modules)",
  "games": 500,
  "objective": "points",
  "summary": {
    "games": 500,
    "playerCount": 3,
    "maxPip": 18,
    "objective": "points",
    "avgLegalMovesPerTurn": 1.5532432855474996,
    "avgUniqueTrainsPerTurn": 0.6934369743807367,
    "avgConstrainedTileFraction": 0.5258114901097354,
    "avgUniquePipsInHand": 8.539829057823656,
    "avgMaxPipCluster": 2.629867141639841,
    "avgHandEntropy": 2.7295898674044117,
    "avgMoveValueSpread": 2.4983409703498585,
    "avgNearOptimalFraction": 0.8740410128555268,
    "avgOwnTrailPlayRate": 0,
    "avgShieldsDownRate": 0.06722215098406846
  },
  "skillIndicators": 3,
  "timestamp": "2026-07-12T23:49:23.252Z",
  "durationSeconds": 370.196
}