{
  "warpFactor": 18,
  "playerCount": 17,
  "moduleConfig": "none",
  "moduleLabel": "Baseline (no modules)",
  "zetaOmitted": false,
  "games": 500,
  "objective": "points",
  "summary": {
    "games": 500,
    "playerCount": 17,
    "maxPip": 18,
    "objective": "points",
    "avgLegalMovesPerTurn": 2.4890627925442783,
    "avgUniqueTrainsPerTurn": 0.8428292087053737,
    "avgConstrainedTileFraction": 0.5263437763214454,
    "avgUniquePipsInHand": 7.348624875347615,
    "avgMaxPipCluster": 2.0159421729963305,
    "avgHandEntropy": 2.6312208246378246,
    "avgMoveValueSpread": 3.306897376622729,
    "avgNearOptimalFraction": 0.8352840349711836,
    "avgOwnTrailPlayRate": 0,
    "avgShieldsDownRate": 0.44986529153318755
  },
  "skillIndicators": 3,
  "timestamp": "2026-07-14T01:58:24.228Z",
  "durationSeconds": 63.069
}