{
  "warpFactor": 12,
  "playerCount": 5,
  "moduleConfig": "official",
  "moduleLabel": "Official Warp 12 Preset",
  "games": 500,
  "objective": "points",
  "summary": {
    "games": 500,
    "playerCount": 5,
    "maxPip": 12,
    "objective": "points",
    "avgLegalMovesPerTurn": 2.1241423691880494,
    "avgUniqueTrainsPerTurn": 0.892393572100814,
    "avgConstrainedTileFraction": 0.5523996057403083,
    "avgUniquePipsInHand": 5.937951189826587,
    "avgMaxPipCluster": 2.304121210054551,
    "avgHandEntropy": 2.1819422904540806,
    "avgMoveValueSpread": 2.7317112689590473,
    "avgNearOptimalFraction": 0.8036642145941001,
    "avgOwnTrailPlayRate": 0,
    "avgShieldsDownRate": 0.16509700052537413
  },
  "skillIndicators": 3,
  "timestamp": "2026-07-12T23:12:10.290Z",
  "durationSeconds": 167.589
}