{
  "warpFactor": 15,
  "playerCount": 6,
  "moduleConfig": "official",
  "moduleLabel": "Official Warp 12 Preset",
  "zetaOmitted": false,
  "games": 500,
  "objective": "points",
  "summary": {
    "games": 500,
    "playerCount": 6,
    "maxPip": 15,
    "objective": "points",
    "avgLegalMovesPerTurn": 2.118762382100567,
    "avgUniqueTrainsPerTurn": 0.9423149784561776,
    "avgConstrainedTileFraction": 0.5754718129437573,
    "avgUniquePipsInHand": 7.8089124465440145,
    "avgMaxPipCluster": 2.4714734014221698,
    "avgHandEntropy": 2.5961144176375575,
    "avgMoveValueSpread": 3.4077796628115964,
    "avgNearOptimalFraction": 0.7913109098343498,
    "avgOwnTrailPlayRate": 0,
    "avgShieldsDownRate": 0.08457804294323007
  },
  "skillIndicators": 3,
  "timestamp": "2026-07-14T01:34:54.393Z",
  "durationSeconds": 32.071
}