{
  "warpFactor": 18,
  "playerCount": 4,
  "moduleConfig": "none",
  "moduleLabel": "Baseline (no modules)",
  "zetaOmitted": false,
  "games": 500,
  "objective": "points",
  "summary": {
    "games": 500,
    "playerCount": 4,
    "maxPip": 18,
    "objective": "points",
    "avgLegalMovesPerTurn": 1.6916590983681068,
    "avgUniqueTrainsPerTurn": 0.775724336706557,
    "avgConstrainedTileFraction": 0.550892310422185,
    "avgUniquePipsInHand": 8.578426264676771,
    "avgMaxPipCluster": 2.519577537731723,
    "avgHandEntropy": 2.7481809484474065,
    "avgMoveValueSpread": 2.958683637462241,
    "avgNearOptimalFraction": 0.8440254012715683,
    "avgOwnTrailPlayRate": 0,
    "avgShieldsDownRate": 0.04298497992344416
  },
  "skillIndicators": 3,
  "timestamp": "2026-07-14T01:42:28.630Z",
  "durationSeconds": 49.866
}