{
  "warpFactor": 9,
  "playerCount": 2,
  "moduleConfig": "all",
  "moduleLabel": "All Modules (stress test) (Zeta omitted — fleet too small/uneven)",
  "zetaOmitted": true,
  "games": 500,
  "objective": "points",
  "summary": {
    "games": 500,
    "playerCount": 2,
    "maxPip": 9,
    "objective": "points",
    "avgLegalMovesPerTurn": 2.021483860572918,
    "avgUniqueTrainsPerTurn": 0.9109688840365929,
    "avgConstrainedTileFraction": 0.6185313590522837,
    "avgUniquePipsInHand": 6.893370238322413,
    "avgMaxPipCluster": 3.1906209568662187,
    "avgHandEntropy": 2.4548754078845034,
    "avgMoveValueSpread": 2.2977306791725023,
    "avgNearOptimalFraction": 0.7675371933385833,
    "avgOwnTrailPlayRate": 0,
    "avgShieldsDownRate": 0.038267729969671746
  },
  "skillIndicators": 3,
  "timestamp": "2026-07-14T01:28:35.508Z",
  "durationSeconds": 5.606
}