{
  "warpFactor": 18,
  "playerCount": 9,
  "moduleConfig": "delta",
  "moduleLabel": "Module Delta (Warp Drive Spool)",
  "zetaOmitted": false,
  "games": 500,
  "objective": "points",
  "summary": {
    "games": 500,
    "playerCount": 9,
    "maxPip": 18,
    "objective": "points",
    "avgLegalMovesPerTurn": 2.0661277895114734,
    "avgUniqueTrainsPerTurn": 0.8961915995021006,
    "avgConstrainedTileFraction": 0.5670322039547453,
    "avgUniquePipsInHand": 8.117008233969473,
    "avgMaxPipCluster": 2.252035793397385,
    "avgHandEntropy": 2.7081855828289485,
    "avgMoveValueSpread": 3.659790494009517,
    "avgNearOptimalFraction": 0.8149023146672661,
    "avgOwnTrailPlayRate": 0,
    "avgShieldsDownRate": 0.20465436509984006
  },
  "skillIndicators": 3,
  "timestamp": "2026-07-14T01:48:13.942Z",
  "durationSeconds": 39.513
}