{
  "warpFactor": 12,
  "playerCount": 3,
  "moduleConfig": "beta",
  "moduleLabel": "Module Beta (Salamander Penalty)",
  "zetaOmitted": false,
  "games": 500,
  "objective": "points",
  "summary": {
    "games": 500,
    "playerCount": 3,
    "maxPip": 12,
    "objective": "points",
    "avgLegalMovesPerTurn": 1.981570201075976,
    "avgUniqueTrainsPerTurn": 0.9272710052599079,
    "avgConstrainedTileFraction": 0.6000660251308843,
    "avgUniquePipsInHand": 7.313114204011271,
    "avgMaxPipCluster": 2.7589735275143843,
    "avgHandEntropy": 2.52035314011897,
    "avgMoveValueSpread": 2.7387269958590617,
    "avgNearOptimalFraction": 0.7858203240807863,
    "avgOwnTrailPlayRate": 0,
    "avgShieldsDownRate": 0.044051597781431744
  },
  "skillIndicators": 3,
  "timestamp": "2026-07-14T01:29:15.903Z",
  "durationSeconds": 12.005
}