{
  "warpFactor": 15,
  "playerCount": 4,
  "moduleConfig": "zeta",
  "moduleLabel": "Module Zeta (Squadrons)",
  "zetaOmitted": false,
  "games": 500,
  "objective": "points",
  "summary": {
    "games": 500,
    "playerCount": 4,
    "maxPip": 15,
    "objective": "points",
    "avgLegalMovesPerTurn": 1.6984949612359572,
    "avgUniqueTrainsPerTurn": 0.8405798093804707,
    "avgConstrainedTileFraction": 0.590105485066266,
    "avgUniquePipsInHand": 8.003399703262135,
    "avgMaxPipCluster": 2.61576581334718,
    "avgHandEntropy": 2.6591472501657845,
    "avgMoveValueSpread": 2.7334376407208603,
    "avgNearOptimalFraction": 0.8259516164865343,
    "avgOwnTrailPlayRate": 0,
    "avgShieldsDownRate": 0.0162146091760155
  },
  "skillIndicators": 3,
  "timestamp": "2026-07-14T01:33:37.812Z",
  "durationSeconds": 27.73
}