{
  "warpFactor": 15,
  "playerCount": 7,
  "moduleConfig": "all",
  "moduleLabel": "All Modules (stress test) (Zeta omitted — fleet too small/uneven)",
  "zetaOmitted": true,
  "games": 500,
  "objective": "points",
  "summary": {
    "games": 500,
    "playerCount": 7,
    "maxPip": 15,
    "objective": "points",
    "avgLegalMovesPerTurn": 2.1903284904070235,
    "avgUniqueTrainsPerTurn": 0.8940227103058805,
    "avgConstrainedTileFraction": 0.5595063323485512,
    "avgUniquePipsInHand": 7.9982211048586835,
    "avgMaxPipCluster": 2.491186934419397,
    "avgHandEntropy": 2.6618618527533804,
    "avgMoveValueSpread": 3.5728705126041937,
    "avgNearOptimalFraction": 0.7912133680889958,
    "avgOwnTrailPlayRate": 0,
    "avgShieldsDownRate": 0.10101034260924072
  },
  "skillIndicators": 3,
  "timestamp": "2026-07-14T01:35:43.569Z",
  "durationSeconds": 39.747
}