{
  "warpFactor": 18,
  "playerCount": 10,
  "moduleConfig": "official",
  "moduleLabel": "Official Warp 12 Preset",
  "zetaOmitted": false,
  "games": 500,
  "objective": "points",
  "summary": {
    "games": 500,
    "playerCount": 10,
    "maxPip": 18,
    "objective": "points",
    "avgLegalMovesPerTurn": 2.1999833843342556,
    "avgUniqueTrainsPerTurn": 0.8839512692383397,
    "avgConstrainedTileFraction": 0.5507682944797965,
    "avgUniquePipsInHand": 8.00110861602298,
    "avgMaxPipCluster": 2.224252193871068,
    "avgHandEntropy": 2.6687665749362357,
    "avgMoveValueSpread": 3.740874457007764,
    "avgNearOptimalFraction": 0.811344484600074,
    "avgOwnTrailPlayRate": 0,
    "avgShieldsDownRate": 0.20862599607474427
  },
  "skillIndicators": 3,
  "timestamp": "2026-07-14T01:50:16.294Z",
  "durationSeconds": 60.144
}