{
  "warpFactor": 18,
  "playerCount": 17,
  "moduleConfig": "alpha",
  "moduleLabel": "Module Alpha (Continuum)",
  "zetaOmitted": false,
  "games": 500,
  "objective": "points",
  "summary": {
    "games": 500,
    "playerCount": 17,
    "maxPip": 18,
    "objective": "points",
    "avgLegalMovesPerTurn": 2.4940792809464556,
    "avgUniqueTrainsPerTurn": 0.844792947589259,
    "avgConstrainedTileFraction": 0.5265420210768851,
    "avgUniquePipsInHand": 7.347095192730091,
    "avgMaxPipCluster": 2.0175829918151287,
    "avgHandEntropy": 2.6312079529414665,
    "avgMoveValueSpread": 3.313404651213037,
    "avgNearOptimalFraction": 0.834989690286891,
    "avgOwnTrailPlayRate": 0,
    "avgShieldsDownRate": 0.4502740049273033
  },
  "skillIndicators": 3,
  "timestamp": "2026-07-14T01:58:34.362Z",
  "durationSeconds": 69.984
}