{
  "warpFactor": 15,
  "playerCount": 8,
  "moduleConfig": "delta",
  "moduleLabel": "Module Delta (Warp Drive Spool)",
  "zetaOmitted": false,
  "games": 500,
  "objective": "points",
  "summary": {
    "games": 500,
    "playerCount": 8,
    "maxPip": 15,
    "objective": "points",
    "avgLegalMovesPerTurn": 2.2136024337852667,
    "avgUniqueTrainsPerTurn": 1.0002296149706589,
    "avgConstrainedTileFraction": 0.5864498482471839,
    "avgUniquePipsInHand": 7.83596658050902,
    "avgMaxPipCluster": 2.416113800633416,
    "avgHandEntropy": 2.639912976594721,
    "avgMoveValueSpread": 3.652650042832154,
    "avgNearOptimalFraction": 0.780585912156079,
    "avgOwnTrailPlayRate": 0,
    "avgShieldsDownRate": 0.1367040776586534
  },
  "skillIndicators": 3,
  "timestamp": "2026-07-14T01:35:44.757Z",
  "durationSeconds": 24.391
}