{
  "warpFactor": 15,
  "playerCount": 6,
  "moduleConfig": "beta",
  "moduleLabel": "Module Beta (Salamander Penalty)",
  "zetaOmitted": false,
  "games": 500,
  "objective": "points",
  "summary": {
    "games": 500,
    "playerCount": 6,
    "maxPip": 15,
    "objective": "points",
    "avgLegalMovesPerTurn": 2.09381846927842,
    "avgUniqueTrainsPerTurn": 0.9766932527176915,
    "avgConstrainedTileFraction": 0.5968549965286862,
    "avgUniquePipsInHand": 8.02749178134481,
    "avgMaxPipCluster": 2.5334177070590003,
    "avgHandEntropy": 2.656816980455799,
    "avgMoveValueSpread": 3.5412182628774658,
    "avgNearOptimalFraction": 0.7829804591370184,
    "avgOwnTrailPlayRate": 0,
    "avgShieldsDownRate": 0.08818686130176558
  },
  "skillIndicators": 3,
  "timestamp": "2026-07-14T01:34:24.896Z",
  "durationSeconds": 27.147
}