{
  "warpFactor": 18,
  "playerCount": 16,
  "moduleConfig": "beta",
  "moduleLabel": "Module Beta (Salamander Penalty)",
  "zetaOmitted": false,
  "games": 500,
  "objective": "points",
  "summary": {
    "games": 500,
    "playerCount": 16,
    "maxPip": 18,
    "objective": "points",
    "avgLegalMovesPerTurn": 2.5341814479788924,
    "avgUniqueTrainsPerTurn": 0.8917670395728625,
    "avgConstrainedTileFraction": 0.5490568334708705,
    "avgUniquePipsInHand": 7.798206340157993,
    "avgMaxPipCluster": 2.120403490510149,
    "avgHandEntropy": 2.698243586242013,
    "avgMoveValueSpread": 3.8039130042797438,
    "avgNearOptimalFraction": 0.8101712369424905,
    "avgOwnTrailPlayRate": 0,
    "avgShieldsDownRate": 0.3755483454264573
  },
  "skillIndicators": 3,
  "timestamp": "2026-07-14T01:57:14.328Z",
  "durationSeconds": 67.604
}