{
  "warpFactor": 18,
  "playerCount": 12,
  "moduleConfig": "zeta",
  "moduleLabel": "Module Zeta (Squadrons)",
  "zetaOmitted": false,
  "games": 500,
  "objective": "points",
  "summary": {
    "games": 500,
    "playerCount": 12,
    "maxPip": 18,
    "objective": "points",
    "avgLegalMovesPerTurn": 1.8656254902256195,
    "avgUniqueTrainsPerTurn": 0.9417453827161991,
    "avgConstrainedTileFraction": 0.5925104419743755,
    "avgUniquePipsInHand": 7.598470403049721,
    "avgMaxPipCluster": 2.1173497196115765,
    "avgHandEntropy": 2.6431241031873034,
    "avgMoveValueSpread": 3.563061051715048,
    "avgNearOptimalFraction": 0.8224187685123187,
    "avgOwnTrailPlayRate": 0,
    "avgShieldsDownRate": 0.07572301303078637
  },
  "skillIndicators": 3,
  "timestamp": "2026-07-14T01:52:54.412Z",
  "durationSeconds": 68.725
}