{
  "warpFactor": 18,
  "playerCount": 5,
  "moduleConfig": "delta",
  "moduleLabel": "Module Delta (Warp Drive Spool)",
  "zetaOmitted": false,
  "games": 500,
  "objective": "points",
  "summary": {
    "games": 500,
    "playerCount": 5,
    "maxPip": 18,
    "objective": "points",
    "avgLegalMovesPerTurn": 1.729278045946505,
    "avgUniqueTrainsPerTurn": 0.8055128677406069,
    "avgConstrainedTileFraction": 0.553677731876216,
    "avgUniquePipsInHand": 8.197563561098585,
    "avgMaxPipCluster": 2.367779427331932,
    "avgHandEntropy": 2.6906305123917154,
    "avgMoveValueSpread": 3.0285875912096,
    "avgNearOptimalFraction": 0.8428134066593026,
    "avgOwnTrailPlayRate": 0,
    "avgShieldsDownRate": 0.07872761121911466
  },
  "skillIndicators": 3,
  "timestamp": "2026-07-14T01:44:00.987Z",
  "durationSeconds": 36.658
}