{
  "warpFactor": 18,
  "playerCount": 10,
  "moduleConfig": "alpha",
  "moduleLabel": "Module Alpha (Continuum)",
  "games": 500,
  "objective": "points",
  "summary": {
    "games": 500,
    "playerCount": 10,
    "maxPip": 18,
    "objective": "points",
    "avgLegalMovesPerTurn": 2.231252160387943,
    "avgUniqueTrainsPerTurn": 1.017627683493336,
    "avgConstrainedTileFraction": 0.6325558362290445,
    "avgUniquePipsInHand": 7.8977118457698765,
    "avgMaxPipCluster": 2.22124402592243,
    "avgHandEntropy": 2.6838530555293625,
    "avgMoveValueSpread": 4.781232961093729,
    "avgNearOptimalFraction": 0.771408966294098,
    "avgOwnTrailPlayRate": 0,
    "avgShieldsDownRate": 0.42260985745580915
  },
  "skillIndicators": 3,
  "timestamp": "2026-07-13T00:16:46.837Z",
  "durationSeconds": 261.397
}