{
  "warpFactor": 15,
  "playerCount": 6,
  "moduleConfig": "epsilon",
  "moduleLabel": "Module Epsilon (Drafting)",
  "games": 500,
  "objective": "points",
  "summary": {
    "games": 500,
    "playerCount": 6,
    "maxPip": 15,
    "objective": "points",
    "avgLegalMovesPerTurn": 24.949976793037926,
    "avgUniqueTrainsPerTurn": 0.7933463038911682,
    "avgConstrainedTileFraction": 0.1743526509617515,
    "avgUniquePipsInHand": 6.5136365909772955,
    "avgMaxPipCluster": 14.2979733920176,
    "avgHandEntropy": 1.6444314268380036,
    "avgMoveValueSpread": 7.0159266780034075,
    "avgNearOptimalFraction": 0.6510780968955272,
    "avgOwnTrailPlayRate": 0,
    "avgShieldsDownRate": 0.5695227568270481
  },
  "skillIndicators": 3,
  "timestamp": "2026-07-13T03:51:16.596Z",
  "durationSeconds": 2519.705
}