{
  "warpFactor": 15,
  "playerCount": 7,
  "moduleConfig": "kappa",
  "moduleLabel": "Module Kappa (Temporal Inversion)",
  "zetaOmitted": false,
  "games": 500,
  "objective": "points",
  "summary": {
    "games": 500,
    "playerCount": 7,
    "maxPip": 15,
    "objective": "points",
    "avgLegalMovesPerTurn": 2.082706468505317,
    "avgUniqueTrainsPerTurn": 0.9629010455936615,
    "avgConstrainedTileFraction": 0.5800243445851689,
    "avgUniquePipsInHand": 7.691602704031697,
    "avgMaxPipCluster": 2.3830274254074095,
    "avgHandEntropy": 2.611715614331116,
    "avgMoveValueSpread": 3.349194096675423,
    "avgNearOptimalFraction": 0.7999497232403284,
    "avgOwnTrailPlayRate": 0,
    "avgShieldsDownRate": 0.12893672754021668
  },
  "skillIndicators": 3,
  "timestamp": "2026-07-14T01:35:25.330Z",
  "durationSeconds": 26.596
}