{
  "warpFactor": 18,
  "playerCount": 6,
  "moduleConfig": "lambda",
  "moduleLabel": "Module Lambda (Wormholes)",
  "zetaOmitted": false,
  "games": 500,
  "objective": "points",
  "summary": {
    "games": 500,
    "playerCount": 6,
    "maxPip": 18,
    "objective": "points",
    "avgLegalMovesPerTurn": 1.8821051222091245,
    "avgUniqueTrainsPerTurn": 0.8665601671182098,
    "avgConstrainedTileFraction": 0.5744221325287849,
    "avgUniquePipsInHand": 8.43739973445052,
    "avgMaxPipCluster": 2.4037546601702067,
    "avgHandEntropy": 2.7289793668188063,
    "avgMoveValueSpread": 3.5196974931307166,
    "avgNearOptimalFraction": 0.8191843426728349,
    "avgOwnTrailPlayRate": 0,
    "avgShieldsDownRate": 0.08712211278361648
  },
  "skillIndicators": 3,
  "timestamp": "2026-07-14T01:45:40.219Z",
  "durationSeconds": 48.868
}