{
  "warpFactor": 18,
  "playerCount": 16,
  "moduleConfig": "alpha",
  "moduleLabel": "Module Alpha (Continuum)",
  "zetaOmitted": false,
  "games": 500,
  "objective": "points",
  "summary": {
    "games": 500,
    "playerCount": 16,
    "maxPip": 18,
    "objective": "points",
    "avgLegalMovesPerTurn": 2.531637684614714,
    "avgUniqueTrainsPerTurn": 0.8905602365349453,
    "avgConstrainedTileFraction": 0.5491485512689777,
    "avgUniquePipsInHand": 7.79799367460727,
    "avgMaxPipCluster": 2.1219766042454795,
    "avgHandEntropy": 2.698263885148178,
    "avgMoveValueSpread": 3.798050299595556,
    "avgNearOptimalFraction": 0.810792921319991,
    "avgOwnTrailPlayRate": 0,
    "avgShieldsDownRate": 0.3758531012183169
  },
  "skillIndicators": 3,
  "timestamp": "2026-07-14T01:57:13.046Z",
  "durationSeconds": 71.556
}