{
  "warpFactor": 18,
  "playerCount": 6,
  "moduleConfig": "beta",
  "moduleLabel": "Module Beta (Salamander Penalty)",
  "zetaOmitted": false,
  "games": 500,
  "objective": "points",
  "summary": {
    "games": 500,
    "playerCount": 6,
    "maxPip": 18,
    "objective": "points",
    "avgLegalMovesPerTurn": 1.897123965623859,
    "avgUniqueTrainsPerTurn": 0.8784278463766486,
    "avgConstrainedTileFraction": 0.5765611086171596,
    "avgUniquePipsInHand": 8.487905758579414,
    "avgMaxPipCluster": 2.4162837715526897,
    "avgHandEntropy": 2.7387188555820723,
    "avgMoveValueSpread": 3.5594089779060614,
    "avgNearOptimalFraction": 0.8169786563253686,
    "avgOwnTrailPlayRate": 0,
    "avgShieldsDownRate": 0.09587803629980933
  },
  "skillIndicators": 3,
  "timestamp": "2026-07-14T01:44:54.214Z",
  "durationSeconds": 43.333
}