{
  "warpFactor": 15,
  "playerCount": 3,
  "moduleConfig": "epsilon",
  "moduleLabel": "Module Epsilon (Drafting)",
  "zetaOmitted": false,
  "games": 500,
  "objective": "points",
  "summary": {
    "games": 500,
    "playerCount": 3,
    "maxPip": 15,
    "objective": "points",
    "avgLegalMovesPerTurn": 1.2912752678961505,
    "avgUniqueTrainsPerTurn": 0.5883277201024231,
    "avgConstrainedTileFraction": 0.41900055239800565,
    "avgUniquePipsInHand": 6.144766264421868,
    "avgMaxPipCluster": 2.0240619214265445,
    "avgHandEntropy": 2.039478087798924,
    "avgMoveValueSpread": 1.9460794051164096,
    "avgNearOptimalFraction": 0.8771784512646282,
    "avgOwnTrailPlayRate": 0,
    "avgShieldsDownRate": 0.2574869781263203
  },
  "skillIndicators": 1,
  "timestamp": "2026-07-14T01:32:37.220Z",
  "durationSeconds": 26.549
}