{
  "warpFactor": 18,
  "playerCount": 7,
  "moduleConfig": "mu",
  "moduleLabel": "Subspace Fracture (Own Trail)",
  "zetaOmitted": false,
  "games": 500,
  "objective": "points",
  "summary": {
    "games": 500,
    "playerCount": 7,
    "maxPip": 18,
    "objective": "points",
    "avgLegalMovesPerTurn": 1.9116331586551103,
    "avgUniqueTrainsPerTurn": 0.8249101889218413,
    "avgConstrainedTileFraction": 0.5414084964545958,
    "avgUniquePipsInHand": 8.087255530054497,
    "avgMaxPipCluster": 2.291373003851516,
    "avgHandEntropy": 2.688162948429303,
    "avgMoveValueSpread": 3.4473348709374805,
    "avgNearOptimalFraction": 0.8266131440895674,
    "avgOwnTrailPlayRate": 0,
    "avgShieldsDownRate": 0.12999373096961225
  },
  "skillIndicators": 3,
  "timestamp": "2026-07-14T01:46:52.723Z",
  "durationSeconds": 54.302
}