{
  "warpFactor": 12,
  "playerCount": 5,
  "moduleConfig": "none",
  "moduleLabel": "Baseline (no modules)",
  "zetaOmitted": false,
  "games": 500,
  "objective": "points",
  "summary": {
    "games": 500,
    "playerCount": 5,
    "maxPip": 12,
    "objective": "points",
    "avgLegalMovesPerTurn": 2.2037154763819875,
    "avgUniqueTrainsPerTurn": 1.0535568413164171,
    "avgConstrainedTileFraction": 0.6150049457223672,
    "avgUniquePipsInHand": 7.336535078099783,
    "avgMaxPipCluster": 2.6513733293558106,
    "avgHandEntropy": 2.5287613300263057,
    "avgMoveValueSpread": 3.2024299762132937,
    "avgNearOptimalFraction": 0.7581073878260807,
    "avgOwnTrailPlayRate": 0,
    "avgShieldsDownRate": 0.08198419849507849
  },
  "skillIndicators": 3,
  "timestamp": "2026-07-14T01:29:58.913Z",
  "durationSeconds": 14.609
}