{
  "warpFactor": 9,
  "playerCount": 3,
  "moduleConfig": "epsilon",
  "moduleLabel": "Module Epsilon (Drafting)",
  "zetaOmitted": false,
  "games": 500,
  "objective": "points",
  "summary": {
    "games": 500,
    "playerCount": 3,
    "maxPip": 9,
    "objective": "points",
    "avgLegalMovesPerTurn": 1.1915106369116641,
    "avgUniqueTrainsPerTurn": 0.6076748836797189,
    "avgConstrainedTileFraction": 0.36814475743157693,
    "avgUniquePipsInHand": 3.649260656516708,
    "avgMaxPipCluster": 1.5456279460605638,
    "avgHandEntropy": 1.410947750229669,
    "avgMoveValueSpread": 1.2229736424081108,
    "avgNearOptimalFraction": 0.8797011782646225,
    "avgOwnTrailPlayRate": 0,
    "avgShieldsDownRate": 0.4053862726992921
  },
  "skillIndicators": 0,
  "timestamp": "2026-07-14T01:28:35.809Z",
  "durationSeconds": 4.393
}