{
  "warpFactor": 15,
  "playerCount": 12,
  "moduleConfig": "none",
  "moduleLabel": "Baseline (no modules)",
  "games": 500,
  "objective": "points",
  "summary": {
    "games": 500,
    "playerCount": 12,
    "maxPip": 15,
    "objective": "points",
    "avgLegalMovesPerTurn": 2.4767608482857453,
    "avgUniqueTrainsPerTurn": 1.0979626222359629,
    "avgConstrainedTileFraction": 0.6366398947642147,
    "avgUniquePipsInHand": 7.2168833659316665,
    "avgMaxPipCluster": 2.2157551501707946,
    "avgHandEntropy": 2.5666231672826223,
    "avgMoveValueSpread": 4.604790561986028,
    "avgNearOptimalFraction": 0.7391580186701371,
    "avgOwnTrailPlayRate": 0,
    "avgShieldsDownRate": 0.4879964658945014
  },
  "skillIndicators": 3,
  "timestamp": "2026-07-12T23:41:17.813Z",
  "durationSeconds": 170.402
}