{
  "warpFactor": 12,
  "playerCount": 8,
  "moduleConfig": "all",
  "moduleLabel": "All Modules (stress test)",
  "games": 500,
  "objective": "points",
  "summary": {
    "games": 500,
    "playerCount": 8,
    "maxPip": 12,
    "objective": "points",
    "avgLegalMovesPerTurn": 2.774890880509186,
    "avgUniqueTrainsPerTurn": 1.049411578669206,
    "avgConstrainedTileFraction": 0.5979642012713696,
    "avgUniquePipsInHand": 7.180009737487134,
    "avgMaxPipCluster": 2.591997354939186,
    "avgHandEntropy": 2.4831324566827626,
    "avgMoveValueSpread": 4.106162839946547,
    "avgNearOptimalFraction": 0.7175345022112047,
    "avgOwnTrailPlayRate": 0,
    "avgShieldsDownRate": 0.32037976486911707
  },
  "skillIndicators": 3,
  "timestamp": "2026-07-12T23:16:59.618Z",
  "durationSeconds": 179.859
}