{
  "warpFactor": 15,
  "playerCount": 12,
  "moduleConfig": "official",
  "moduleLabel": "Official Warp 12 Preset",
  "zetaOmitted": false,
  "games": 500,
  "objective": "points",
  "summary": {
    "games": 500,
    "playerCount": 12,
    "maxPip": 15,
    "objective": "points",
    "avgLegalMovesPerTurn": 2.4950544206977088,
    "avgUniqueTrainsPerTurn": 0.9515919344634852,
    "avgConstrainedTileFraction": 0.5375947253153043,
    "avgUniquePipsInHand": 7.34864552991378,
    "avgMaxPipCluster": 2.2375742711888313,
    "avgHandEntropy": 2.5598110144692834,
    "avgMoveValueSpread": 3.4867911086029193,
    "avgNearOptimalFraction": 0.7912654216396701,
    "avgOwnTrailPlayRate": 0,
    "avgShieldsDownRate": 0.2316364885578996
  },
  "skillIndicators": 3,
  "timestamp": "2026-07-14T01:39:41.604Z",
  "durationSeconds": 45.431
}