{
  "warpFactor": 18,
  "playerCount": 14,
  "moduleConfig": "none",
  "moduleLabel": "Baseline (no modules)",
  "zetaOmitted": false,
  "games": 500,
  "objective": "points",
  "summary": {
    "games": 500,
    "playerCount": 14,
    "maxPip": 18,
    "objective": "points",
    "avgLegalMovesPerTurn": 2.3571345336544787,
    "avgUniqueTrainsPerTurn": 0.8751719245909997,
    "avgConstrainedTileFraction": 0.5452960719182053,
    "avgUniquePipsInHand": 7.702610971414752,
    "avgMaxPipCluster": 2.108683920835706,
    "avgHandEntropy": 2.6748679783950777,
    "avgMoveValueSpread": 3.58643991513778,
    "avgNearOptimalFraction": 0.8209029611447066,
    "avgOwnTrailPlayRate": 0,
    "avgShieldsDownRate": 0.36019897128845274
  },
  "skillIndicators": 3,
  "timestamp": "2026-07-14T01:54:08.587Z",
  "durationSeconds": 59.354
}