{
  "warpFactor": 12,
  "playerCount": 5,
  "moduleConfig": "alpha",
  "moduleLabel": "Module Alpha (Continuum)",
  "zetaOmitted": false,
  "games": 500,
  "objective": "points",
  "summary": {
    "games": 500,
    "playerCount": 5,
    "maxPip": 12,
    "objective": "points",
    "avgLegalMovesPerTurn": 2.204581630052687,
    "avgUniqueTrainsPerTurn": 1.051546768816993,
    "avgConstrainedTileFraction": 0.613898366828707,
    "avgUniquePipsInHand": 7.351865650070594,
    "avgMaxPipCluster": 2.6572249116525004,
    "avgHandEntropy": 2.5342835239170114,
    "avgMoveValueSpread": 3.1916019302174443,
    "avgNearOptimalFraction": 0.758208226458756,
    "avgOwnTrailPlayRate": 0,
    "avgShieldsDownRate": 0.08193539442672952
  },
  "skillIndicators": 3,
  "timestamp": "2026-07-14T01:29:58.986Z",
  "durationSeconds": 14.16
}