{
  "warpFactor": 15,
  "playerCount": 6,
  "moduleConfig": "all",
  "moduleLabel": "All Modules (stress test)",
  "games": 500,
  "objective": "points",
  "summary": {
    "games": 500,
    "playerCount": 6,
    "maxPip": 15,
    "objective": "points",
    "avgLegalMovesPerTurn": 2.4263908281844166,
    "avgUniqueTrainsPerTurn": 0.9384285281241722,
    "avgConstrainedTileFraction": 0.5870638010372765,
    "avgUniquePipsInHand": 8.243869218984086,
    "avgMaxPipCluster": 2.679344397719036,
    "avgHandEntropy": 2.677360818108965,
    "avgMoveValueSpread": 4.385321830729972,
    "avgNearOptimalFraction": 0.758636916309509,
    "avgOwnTrailPlayRate": 0,
    "avgShieldsDownRate": 0.15556110724069339
  },
  "skillIndicators": 3,
  "timestamp": "2026-07-12T23:30:36.155Z",
  "durationSeconds": 304.975
}