{
  "warpFactor": 12,
  "playerCount": 5,
  "moduleConfig": "beta",
  "moduleLabel": "Module Beta (Salamander Penalty)",
  "zetaOmitted": false,
  "games": 500,
  "objective": "points",
  "summary": {
    "games": 500,
    "playerCount": 5,
    "maxPip": 12,
    "objective": "points",
    "avgLegalMovesPerTurn": 2.207375485489561,
    "avgUniqueTrainsPerTurn": 1.0532206210915533,
    "avgConstrainedTileFraction": 0.6158007347863318,
    "avgUniquePipsInHand": 7.341030031910236,
    "avgMaxPipCluster": 2.656294755168952,
    "avgHandEntropy": 2.5315141255511566,
    "avgMoveValueSpread": 3.1881395378753052,
    "avgNearOptimalFraction": 0.7571685691229614,
    "avgOwnTrailPlayRate": 0,
    "avgShieldsDownRate": 0.08193043445548144
  },
  "skillIndicators": 3,
  "timestamp": "2026-07-14T01:30:01.505Z",
  "durationSeconds": 14.119
}