{
  "warpFactor": 15,
  "playerCount": 8,
  "moduleConfig": "none",
  "moduleLabel": "Baseline (no modules)",
  "games": 500,
  "objective": "points",
  "summary": {
    "games": 500,
    "playerCount": 8,
    "maxPip": 15,
    "objective": "points",
    "avgLegalMovesPerTurn": 2.3072069141862013,
    "avgUniqueTrainsPerTurn": 1.070076350922013,
    "avgConstrainedTileFraction": 0.649202515301976,
    "avgUniquePipsInHand": 7.61581102487077,
    "avgMaxPipCluster": 2.3974958704929445,
    "avgHandEntropy": 2.6020769483846564,
    "avgMoveValueSpread": 4.342704917482053,
    "avgNearOptimalFraction": 0.7504302962720891,
    "avgOwnTrailPlayRate": 0,
    "avgShieldsDownRate": 0.3347246246760377
  },
  "skillIndicators": 3,
  "timestamp": "2026-07-12T23:31:33.949Z",
  "durationSeconds": 192.443
}