{
  "warpFactor": 12,
  "playerCount": 8,
  "moduleConfig": "zeta",
  "moduleLabel": "Module Zeta (Squadrons)",
  "zetaOmitted": false,
  "games": 500,
  "objective": "points",
  "summary": {
    "games": 500,
    "playerCount": 8,
    "maxPip": 12,
    "objective": "points",
    "avgLegalMovesPerTurn": 2.1137064716962466,
    "avgUniqueTrainsPerTurn": 1.104104379626071,
    "avgConstrainedTileFraction": 0.6456607535450005,
    "avgUniquePipsInHand": 7.208522445771834,
    "avgMaxPipCluster": 2.5356520104215714,
    "avgHandEntropy": 2.522212305874515,
    "avgMoveValueSpread": 3.294432320419111,
    "avgNearOptimalFraction": 0.7535353525245856,
    "avgOwnTrailPlayRate": 0,
    "avgShieldsDownRate": 0.05386534155634992
  },
  "skillIndicators": 3,
  "timestamp": "2026-07-14T01:31:40.801Z",
  "durationSeconds": 20.787
}