{
  "warpFactor": 12,
  "playerCount": 8,
  "moduleConfig": "official",
  "moduleLabel": "Official Warp 12 Preset",
  "games": 500,
  "objective": "points",
  "summary": {
    "games": 500,
    "playerCount": 8,
    "maxPip": 12,
    "objective": "points",
    "avgLegalMovesPerTurn": 2.5581497983610344,
    "avgUniqueTrainsPerTurn": 1.1185114416038344,
    "avgConstrainedTileFraction": 0.6345641989996818,
    "avgUniquePipsInHand": 6.879271472801943,
    "avgMaxPipCluster": 2.4949032228075345,
    "avgHandEntropy": 2.4249576632328,
    "avgMoveValueSpread": 3.936593099369463,
    "avgNearOptimalFraction": 0.7195856661653952,
    "avgOwnTrailPlayRate": 0,
    "avgShieldsDownRate": 0.34583553639403025
  },
  "skillIndicators": 3,
  "timestamp": "2026-07-12T23:16:40.974Z",
  "durationSeconds": 166.988
}