{
  "warpFactor": 18,
  "playerCount": 5,
  "moduleConfig": "eta",
  "moduleLabel": "Module Eta (Temporal Debt)",
  "zetaOmitted": false,
  "games": 500,
  "objective": "points",
  "summary": {
    "games": 500,
    "playerCount": 5,
    "maxPip": 18,
    "objective": "points",
    "avgLegalMovesPerTurn": 1.7311538257393462,
    "avgUniqueTrainsPerTurn": 0.8066195141258511,
    "avgConstrainedTileFraction": 0.5542537258756256,
    "avgUniquePipsInHand": 8.205877860354546,
    "avgMaxPipCluster": 2.3702841954002833,
    "avgHandEntropy": 2.6923564874054438,
    "avgMoveValueSpread": 3.034596432656642,
    "avgNearOptimalFraction": 0.8426425837171856,
    "avgOwnTrailPlayRate": 0,
    "avgShieldsDownRate": 0.0789779807226148
  },
  "skillIndicators": 3,
  "timestamp": "2026-07-14T01:44:07.693Z",
  "durationSeconds": 35.916
}