{
  "warpFactor": 18,
  "playerCount": 11,
  "moduleConfig": "alpha",
  "moduleLabel": "Module Alpha (Continuum)",
  "zetaOmitted": false,
  "games": 500,
  "objective": "points",
  "summary": {
    "games": 500,
    "playerCount": 11,
    "maxPip": 18,
    "objective": "points",
    "avgLegalMovesPerTurn": 2.1812677994522467,
    "avgUniqueTrainsPerTurn": 0.8891450066435447,
    "avgConstrainedTileFraction": 0.5578097082412102,
    "avgUniquePipsInHand": 7.940683392907887,
    "avgMaxPipCluster": 2.1870668627102168,
    "avgHandEntropy": 2.6963329961982154,
    "avgMoveValueSpread": 3.6480008683181713,
    "avgNearOptimalFraction": 0.8166233037308656,
    "avgOwnTrailPlayRate": 0,
    "avgShieldsDownRate": 0.27413283730852345
  },
  "skillIndicators": 3,
  "timestamp": "2026-07-14T01:50:27.331Z",
  "durationSeconds": 53.143
}