{
  "warpFactor": 15,
  "playerCount": 6,
  "moduleConfig": "none",
  "moduleLabel": "Baseline (no modules)",
  "zetaOmitted": false,
  "games": 500,
  "objective": "points",
  "summary": {
    "games": 500,
    "playerCount": 6,
    "maxPip": 15,
    "objective": "points",
    "avgLegalMovesPerTurn": 2.0894348127106577,
    "avgUniqueTrainsPerTurn": 0.9780191258719216,
    "avgConstrainedTileFraction": 0.5975753175295745,
    "avgUniquePipsInHand": 8.03195137643626,
    "avgMaxPipCluster": 2.5285510729378133,
    "avgHandEntropy": 2.656186440523808,
    "avgMoveValueSpread": 3.546156148452044,
    "avgNearOptimalFraction": 0.7835825392208895,
    "avgOwnTrailPlayRate": 0,
    "avgShieldsDownRate": 0.08830443802441895
  },
  "skillIndicators": 3,
  "timestamp": "2026-07-14T01:34:16.256Z",
  "durationSeconds": 27.061
}