{
  "warpFactor": 15,
  "playerCount": 4,
  "moduleConfig": "alpha",
  "moduleLabel": "Module Alpha (Continuum)",
  "zetaOmitted": false,
  "games": 500,
  "objective": "points",
  "summary": {
    "games": 500,
    "playerCount": 4,
    "maxPip": 15,
    "objective": "points",
    "avgLegalMovesPerTurn": 1.9212841449069007,
    "avgUniqueTrainsPerTurn": 0.8934672437997002,
    "avgConstrainedTileFraction": 0.5875382520929807,
    "avgUniquePipsInHand": 8.183173630268827,
    "avgMaxPipCluster": 2.657156346493828,
    "avgHandEntropy": 2.675533192117534,
    "avgMoveValueSpread": 3.1728287458447193,
    "avgNearOptimalFraction": 0.8018367775925641,
    "avgOwnTrailPlayRate": 0,
    "avgShieldsDownRate": 0.04953419052020532
  },
  "skillIndicators": 3,
  "timestamp": "2026-07-14T01:33:02.550Z",
  "durationSeconds": 26.215
}