{
  "warpFactor": 18,
  "playerCount": 3,
  "moduleConfig": "gamma",
  "moduleLabel": "Module Gamma (Sensor Grid)",
  "zetaOmitted": false,
  "games": 500,
  "objective": "points",
  "summary": {
    "games": 500,
    "playerCount": 3,
    "maxPip": 18,
    "objective": "points",
    "avgLegalMovesPerTurn": 1.5354480236538335,
    "avgUniqueTrainsPerTurn": 0.6832168810803304,
    "avgConstrainedTileFraction": 0.5195838808477545,
    "avgUniquePipsInHand": 8.808507328035303,
    "avgMaxPipCluster": 2.616986771419578,
    "avgHandEntropy": 2.8016272552511503,
    "avgMoveValueSpread": 2.4123855816655,
    "avgNearOptimalFraction": 0.8696783359028556,
    "avgOwnTrailPlayRate": 0,
    "avgShieldsDownRate": 0.02925637638416098
  },
  "skillIndicators": 3,
  "timestamp": "2026-07-14T01:41:30.938Z",
  "durationSeconds": 57.603
}