{
  "warpFactor": 18,
  "playerCount": 8,
  "moduleConfig": "delta",
  "moduleLabel": "Module Delta (Warp Drive Spool)",
  "zetaOmitted": false,
  "games": 500,
  "objective": "points",
  "summary": {
    "games": 500,
    "playerCount": 8,
    "maxPip": 18,
    "objective": "points",
    "avgLegalMovesPerTurn": 2.0325496211081338,
    "avgUniqueTrainsPerTurn": 0.90856888042326,
    "avgConstrainedTileFraction": 0.5755518078566834,
    "avgUniquePipsInHand": 8.303174952397772,
    "avgMaxPipCluster": 2.318415830538683,
    "avgHandEntropy": 2.726474389894329,
    "avgMoveValueSpread": 3.758460069796982,
    "avgNearOptimalFraction": 0.8094655760698415,
    "avgOwnTrailPlayRate": 0,
    "avgShieldsDownRate": 0.1569144179521833
  },
  "skillIndicators": 3,
  "timestamp": "2026-07-14T01:47:03.073Z",
  "durationSeconds": 36.15
}