{
  "warpFactor": 18,
  "playerCount": 8,
  "moduleConfig": "none",
  "moduleLabel": "Baseline (no modules)",
  "zetaOmitted": false,
  "games": 500,
  "objective": "points",
  "summary": {
    "games": 500,
    "playerCount": 8,
    "maxPip": 18,
    "objective": "points",
    "avgLegalMovesPerTurn": 2.0279105674647413,
    "avgUniqueTrainsPerTurn": 0.9062591331739418,
    "avgConstrainedTileFraction": 0.575081814970471,
    "avgUniquePipsInHand": 8.2919951465566,
    "avgMaxPipCluster": 2.316774736343123,
    "avgHandEntropy": 2.724851976535308,
    "avgMoveValueSpread": 3.7461776702892884,
    "avgNearOptimalFraction": 0.8102652363744123,
    "avgOwnTrailPlayRate": 0,
    "avgShieldsDownRate": 0.1586017186133676
  },
  "skillIndicators": 3,
  "timestamp": "2026-07-14T01:46:56.039Z",
  "durationSeconds": 45.451
}