{
  "warpFactor": 15,
  "playerCount": 5,
  "moduleConfig": "epsilon",
  "moduleLabel": "Module Epsilon (Drafting)",
  "games": 500,
  "objective": "points",
  "summary": {
    "games": 500,
    "playerCount": 5,
    "maxPip": 15,
    "objective": "points",
    "avgLegalMovesPerTurn": 31.0808077423227,
    "avgUniqueTrainsPerTurn": 0.8169300790237085,
    "avgConstrainedTileFraction": 0.16254648456850396,
    "avgUniquePipsInHand": 6.717205461638488,
    "avgMaxPipCluster": 17.515073422026603,
    "avgHandEntropy": 1.695289756972111,
    "avgMoveValueSpread": 7.316558667600283,
    "avgNearOptimalFraction": 0.6393736075828854,
    "avgOwnTrailPlayRate": 0,
    "avgShieldsDownRate": 0.5575848754626388
  },
  "skillIndicators": 3,
  "timestamp": "2026-07-13T03:59:45.195Z",
  "durationSeconds": 3146.461
}