{
  "warpFactor": 15,
  "playerCount": 12,
  "moduleConfig": "beta",
  "moduleLabel": "Module Beta (Salamander Penalty)",
  "zetaOmitted": false,
  "games": 500,
  "objective": "points",
  "summary": {
    "games": 500,
    "playerCount": 12,
    "maxPip": 15,
    "objective": "points",
    "avgLegalMovesPerTurn": 2.476669609960317,
    "avgUniqueTrainsPerTurn": 0.9913918179588337,
    "avgConstrainedTileFraction": 0.5605073679683452,
    "avgUniquePipsInHand": 7.568265396237554,
    "avgMaxPipCluster": 2.2831025550319657,
    "avgHandEntropy": 2.6243772456645766,
    "avgMoveValueSpread": 3.6453949733047653,
    "avgNearOptimalFraction": 0.7827045679431796,
    "avgOwnTrailPlayRate": 0,
    "avgShieldsDownRate": 0.23978145288693178
  },
  "skillIndicators": 3,
  "timestamp": "2026-07-14T01:38:55.267Z",
  "durationSeconds": 39.38
}