{
  "warpFactor": 18,
  "playerCount": 18,
  "moduleConfig": "zeta",
  "moduleLabel": "Module Zeta (Squadrons)",
  "zetaOmitted": false,
  "games": 500,
  "objective": "points",
  "summary": {
    "games": 500,
    "playerCount": 18,
    "maxPip": 18,
    "objective": "points",
    "avgLegalMovesPerTurn": 2.0519030189552288,
    "avgUniqueTrainsPerTurn": 0.9428294366470554,
    "avgConstrainedTileFraction": 0.5610132187946723,
    "avgUniquePipsInHand": 7.008573682513832,
    "avgMaxPipCluster": 1.954271754786304,
    "avgHandEntropy": 2.5715127598921117,
    "avgMoveValueSpread": 3.5334937642497253,
    "avgNearOptimalFraction": 0.8266479100690745,
    "avgOwnTrailPlayRate": 0,
    "avgShieldsDownRate": 0.15372957827726158
  },
  "skillIndicators": 3,
  "timestamp": "2026-07-14T02:01:51.968Z",
  "durationSeconds": 87.061
}