{
  "warpFactor": 12,
  "playerCount": 8,
  "moduleConfig": "delta",
  "moduleLabel": "Module Delta (Warp Drive Spool)",
  "zetaOmitted": false,
  "games": 500,
  "objective": "points",
  "summary": {
    "games": 500,
    "playerCount": 8,
    "maxPip": 12,
    "objective": "points",
    "avgLegalMovesPerTurn": 2.507613447792009,
    "avgUniqueTrainsPerTurn": 1.1206284863653497,
    "avgConstrainedTileFraction": 0.5931639801304059,
    "avgUniquePipsInHand": 7.41114547059346,
    "avgMaxPipCluster": 2.586008663251018,
    "avgHandEntropy": 2.557866830027836,
    "avgMoveValueSpread": 3.629417579427751,
    "avgNearOptimalFraction": 0.731580281999631,
    "avgOwnTrailPlayRate": 0,
    "avgShieldsDownRate": 0.13306578375305173
  },
  "skillIndicators": 3,
  "timestamp": "2026-07-14T01:31:18.969Z",
  "durationSeconds": 14.569
}