{
  "warpFactor": 15,
  "playerCount": 9,
  "moduleConfig": "epsilon",
  "moduleLabel": "Module Epsilon (Drafting)",
  "zetaOmitted": false,
  "games": 500,
  "objective": "points",
  "summary": {
    "games": 500,
    "playerCount": 9,
    "maxPip": 15,
    "objective": "points",
    "avgLegalMovesPerTurn": 1.2993942668853067,
    "avgUniqueTrainsPerTurn": 0.5769017873814689,
    "avgConstrainedTileFraction": 0.33520377515332805,
    "avgUniquePipsInHand": 4.486296030746777,
    "avgMaxPipCluster": 1.3428881582945902,
    "avgHandEntropy": 1.5321811199738415,
    "avgMoveValueSpread": 2.1636388319185595,
    "avgNearOptimalFraction": 0.8752675126184785,
    "avgOwnTrailPlayRate": 0,
    "avgShieldsDownRate": 0.5144006057748486
  },
  "skillIndicators": 1,
  "timestamp": "2026-07-14T01:36:44.085Z",
  "durationSeconds": 33.618
}