{
  "warpFactor": 12,
  "playerCount": 7,
  "moduleConfig": "none",
  "moduleLabel": "Baseline (no modules)",
  "zetaOmitted": false,
  "games": 500,
  "objective": "points",
  "summary": {
    "games": 500,
    "playerCount": 7,
    "maxPip": 12,
    "objective": "points",
    "avgLegalMovesPerTurn": 2.3302585276434797,
    "avgUniqueTrainsPerTurn": 1.0865777493913833,
    "avgConstrainedTileFraction": 0.5982980102129952,
    "avgUniquePipsInHand": 7.210555500693946,
    "avgMaxPipCluster": 2.5347404065809442,
    "avgHandEntropy": 2.519991007478502,
    "avgMoveValueSpread": 3.2992156563282253,
    "avgNearOptimalFraction": 0.754164757619519,
    "avgOwnTrailPlayRate": 0,
    "avgShieldsDownRate": 0.11990246505391777
  },
  "skillIndicators": 3,
  "timestamp": "2026-07-14T01:30:48.795Z",
  "durationSeconds": 16.921
}