{
  "warpFactor": 15,
  "playerCount": 3,
  "moduleConfig": "lambda",
  "moduleLabel": "Module Lambda (Wormholes)",
  "zetaOmitted": false,
  "games": 500,
  "objective": "points",
  "summary": {
    "games": 500,
    "playerCount": 3,
    "maxPip": 15,
    "objective": "points",
    "avgLegalMovesPerTurn": 1.6854585415976855,
    "avgUniqueTrainsPerTurn": 0.7616859559221716,
    "avgConstrainedTileFraction": 0.5443394768359897,
    "avgUniquePipsInHand": 8.016067478604212,
    "avgMaxPipCluster": 2.641898669702567,
    "avgHandEntropy": 2.6595932309217467,
    "avgMoveValueSpread": 2.47933837183624,
    "avgNearOptimalFraction": 0.841632386945429,
    "avgOwnTrailPlayRate": 0,
    "avgShieldsDownRate": 0.03347546070106612
  },
  "skillIndicators": 3,
  "timestamp": "2026-07-14T01:32:56.435Z",
  "durationSeconds": 29.152
}