{
  "warpFactor": 15,
  "playerCount": 10,
  "moduleConfig": "official",
  "moduleLabel": "Official Warp 12 Preset",
  "zetaOmitted": false,
  "games": 500,
  "objective": "points",
  "summary": {
    "games": 500,
    "playerCount": 10,
    "maxPip": 15,
    "objective": "points",
    "avgLegalMovesPerTurn": 2.3849985701507905,
    "avgUniqueTrainsPerTurn": 0.9704383644689107,
    "avgConstrainedTileFraction": 0.553806955960763,
    "avgUniquePipsInHand": 7.529786938815338,
    "avgMaxPipCluster": 2.3127624273809837,
    "avgHandEntropy": 2.5777663460781577,
    "avgMoveValueSpread": 3.581604715747681,
    "avgNearOptimalFraction": 0.7849638931214172,
    "avgOwnTrailPlayRate": 0,
    "avgShieldsDownRate": 0.1725195271747512
  },
  "skillIndicators": 3,
  "timestamp": "2026-07-14T01:37:57.555Z",
  "durationSeconds": 41.038
}