{
  "warpFactor": 12,
  "playerCount": 7,
  "moduleConfig": "theta",
  "moduleLabel": "Module Theta (Longest Trail)",
  "zetaOmitted": false,
  "games": 500,
  "objective": "points",
  "summary": {
    "games": 500,
    "playerCount": 7,
    "maxPip": 12,
    "objective": "points",
    "avgLegalMovesPerTurn": 2.3325060995132536,
    "avgUniqueTrainsPerTurn": 1.087166401189379,
    "avgConstrainedTileFraction": 0.5984085894467732,
    "avgUniquePipsInHand": 7.217298322822568,
    "avgMaxPipCluster": 2.542563056092236,
    "avgHandEntropy": 2.5211597547854945,
    "avgMoveValueSpread": 3.307316294058369,
    "avgNearOptimalFraction": 0.7536004960028698,
    "avgOwnTrailPlayRate": 0,
    "avgShieldsDownRate": 0.1197340673300868
  },
  "skillIndicators": 3,
  "timestamp": "2026-07-14T01:31:00.929Z",
  "durationSeconds": 16.739
}