{
  "warpFactor": 18,
  "playerCount": 15,
  "moduleConfig": "all",
  "moduleLabel": "All Modules (stress test)",
  "games": 500,
  "objective": "points",
  "summary": {
    "games": 500,
    "playerCount": 15,
    "maxPip": 18,
    "objective": "points",
    "avgLegalMovesPerTurn": 2.8187171845209322,
    "avgUniqueTrainsPerTurn": 0.9202136725021821,
    "avgConstrainedTileFraction": 0.5361401715083778,
    "avgUniquePipsInHand": 7.5297255404864,
    "avgMaxPipCluster": 2.0898299808035317,
    "avgHandEntropy": 2.6473899531547205,
    "avgMoveValueSpread": 5.405380992935676,
    "avgNearOptimalFraction": 0.7574037566070593,
    "avgOwnTrailPlayRate": 0,
    "avgShieldsDownRate": 0.48570582217614294
  },
  "skillIndicators": 3,
  "timestamp": "2026-07-13T00:37:36.635Z",
  "durationSeconds": 332.305
}