{
  "warpFactor": 18,
  "playerCount": 15,
  "moduleConfig": "official",
  "moduleLabel": "Official Warp 12 Preset",
  "zetaOmitted": false,
  "games": 500,
  "objective": "points",
  "summary": {
    "games": 500,
    "playerCount": 15,
    "maxPip": 18,
    "objective": "points",
    "avgLegalMovesPerTurn": 2.4629316151405263,
    "avgUniqueTrainsPerTurn": 0.8472958833571256,
    "avgConstrainedTileFraction": 0.5257467646441751,
    "avgUniquePipsInHand": 7.529825969092434,
    "avgMaxPipCluster": 2.074081133334082,
    "avgHandEntropy": 2.6220839484318943,
    "avgMoveValueSpread": 3.553589957513772,
    "avgNearOptimalFraction": 0.822330009136107,
    "avgOwnTrailPlayRate": 0,
    "avgShieldsDownRate": 0.3562483524724979
  },
  "skillIndicators": 3,
  "timestamp": "2026-07-14T01:56:57.317Z",
  "durationSeconds": 73.465
}