{
  "warpFactor": 18,
  "playerCount": 9,
  "moduleConfig": "gamma",
  "moduleLabel": "Module Gamma (Sensor Grid)",
  "games": 500,
  "objective": "points",
  "summary": {
    "games": 500,
    "playerCount": 9,
    "maxPip": 18,
    "objective": "points",
    "avgLegalMovesPerTurn": 2.127268921768347,
    "avgUniqueTrainsPerTurn": 0.9872205554564977,
    "avgConstrainedTileFraction": 0.6238621362274674,
    "avgUniquePipsInHand": 7.805671525645326,
    "avgMaxPipCluster": 2.2094859673260494,
    "avgHandEntropy": 2.6635356007118465,
    "avgMoveValueSpread": 4.448786285443212,
    "avgNearOptimalFraction": 0.7862213595490716,
    "avgOwnTrailPlayRate": 0,
    "avgShieldsDownRate": 0.4023736511982223
  },
  "skillIndicators": 3,
  "timestamp": "2026-07-13T00:13:59.117Z",
  "durationSeconds": 235.166
}