{
  "warpFactor": 18,
  "playerCount": 5,
  "moduleConfig": "delta",
  "moduleLabel": "Module Delta (Warp Drive Spool)",
  "games": 500,
  "objective": "points",
  "summary": {
    "games": 500,
    "playerCount": 5,
    "maxPip": 18,
    "objective": "points",
    "avgLegalMovesPerTurn": 1.7950423899768426,
    "avgUniqueTrainsPerTurn": 0.8464901198949197,
    "avgConstrainedTileFraction": 0.5850629043592572,
    "avgUniquePipsInHand": 7.969378960420061,
    "avgMaxPipCluster": 2.359690080617359,
    "avgHandEntropy": 2.643730898128209,
    "avgMoveValueSpread": 3.421411444902506,
    "avgNearOptimalFraction": 0.831500440226033,
    "avgOwnTrailPlayRate": 0,
    "avgShieldsDownRate": 0.1757457177870031
  },
  "skillIndicators": 3,
  "timestamp": "2026-07-12T23:58:52.082Z",
  "durationSeconds": 233.648
}