{
  "warpFactor": 15,
  "playerCount": 5,
  "moduleConfig": "beta",
  "moduleLabel": "Module Beta (Salamander Penalty)",
  "zetaOmitted": false,
  "games": 500,
  "objective": "points",
  "summary": {
    "games": 500,
    "playerCount": 5,
    "maxPip": 15,
    "objective": "points",
    "avgLegalMovesPerTurn": 1.9235568191096624,
    "avgUniqueTrainsPerTurn": 0.9102604138724947,
    "avgConstrainedTileFraction": 0.5795867540547462,
    "avgUniquePipsInHand": 7.781591932909497,
    "avgMaxPipCluster": 2.481516225894976,
    "avgHandEntropy": 2.6116800199756742,
    "avgMoveValueSpread": 3.0935934064152737,
    "avgNearOptimalFraction": 0.8086027663277621,
    "avgOwnTrailPlayRate": 0,
    "avgShieldsDownRate": 0.07823246271601042
  },
  "skillIndicators": 3,
  "timestamp": "2026-07-14T01:33:45.793Z",
  "durationSeconds": 24.571
}