{
  "warpFactor": 18,
  "playerCount": 7,
  "moduleConfig": "delta",
  "moduleLabel": "Module Delta (Warp Drive Spool)",
  "zetaOmitted": false,
  "games": 500,
  "objective": "points",
  "summary": {
    "games": 500,
    "playerCount": 7,
    "maxPip": 18,
    "objective": "points",
    "avgLegalMovesPerTurn": 1.9030204775226904,
    "avgUniqueTrainsPerTurn": 0.8696784359296016,
    "avgConstrainedTileFraction": 0.5661031888294814,
    "avgUniquePipsInHand": 8.140556145005066,
    "avgMaxPipCluster": 2.2933545346818613,
    "avgHandEntropy": 2.6957837783631695,
    "avgMoveValueSpread": 3.412461153573095,
    "avgNearOptimalFraction": 0.8256949311778478,
    "avgOwnTrailPlayRate": 0,
    "avgShieldsDownRate": 0.14629762760603882
  },
  "skillIndicators": 3,
  "timestamp": "2026-07-14T01:46:07.670Z",
  "durationSeconds": 33.29
}