{
  "warpFactor": 18,
  "playerCount": 2,
  "moduleConfig": "gamma",
  "moduleLabel": "Module Gamma (Sensor Grid)",
  "zetaOmitted": false,
  "games": 500,
  "objective": "points",
  "summary": {
    "games": 500,
    "playerCount": 2,
    "maxPip": 18,
    "objective": "points",
    "avgLegalMovesPerTurn": 1.5025763937793324,
    "avgUniqueTrainsPerTurn": 0.6178292692295223,
    "avgConstrainedTileFraction": 0.49957295711452576,
    "avgUniquePipsInHand": 10.191764424308381,
    "avgMaxPipCluster": 3.0880834783021904,
    "avgHandEntropy": 3.019706366806014,
    "avgMoveValueSpread": 2.2771905600021793,
    "avgNearOptimalFraction": 0.8714764418923163,
    "avgOwnTrailPlayRate": 0,
    "avgShieldsDownRate": 0.017326274746630545
  },
  "skillIndicators": 2,
  "timestamp": "2026-07-14T01:40:30.046Z",
  "durationSeconds": 70.413
}