{
  "warpFactor": 18,
  "playerCount": 9,
  "moduleConfig": "alpha",
  "moduleLabel": "Module Alpha (Continuum)",
  "zetaOmitted": false,
  "games": 500,
  "objective": "points",
  "summary": {
    "games": 500,
    "playerCount": 9,
    "maxPip": 18,
    "objective": "points",
    "avgLegalMovesPerTurn": 2.0667985612643647,
    "avgUniqueTrainsPerTurn": 0.8961879243360601,
    "avgConstrainedTileFraction": 0.5677712344065574,
    "avgUniquePipsInHand": 8.132832403059979,
    "avgMaxPipCluster": 2.255249472728469,
    "avgHandEntropy": 2.712603706654607,
    "avgMoveValueSpread": 3.651092115650991,
    "avgNearOptimalFraction": 0.8150998254887651,
    "avgOwnTrailPlayRate": 0,
    "avgShieldsDownRate": 0.20672081773617457
  },
  "skillIndicators": 3,
  "timestamp": "2026-07-14T01:48:07.470Z",
  "durationSeconds": 47.905
}