{
  "warpFactor": 12,
  "playerCount": 4,
  "moduleConfig": "epsilon",
  "moduleLabel": "Module Epsilon (Drafting)",
  "zetaOmitted": false,
  "games": 500,
  "objective": "points",
  "summary": {
    "games": 500,
    "playerCount": 4,
    "maxPip": 12,
    "objective": "points",
    "avgLegalMovesPerTurn": 1.3685283503723737,
    "avgUniqueTrainsPerTurn": 0.6453549603400197,
    "avgConstrainedTileFraction": 0.39045144653518055,
    "avgUniquePipsInHand": 4.715231553575413,
    "avgMaxPipCluster": 1.74507995798941,
    "avgHandEntropy": 1.5834159971441617,
    "avgMoveValueSpread": 2.1454137684951045,
    "avgNearOptimalFraction": 0.8385585295842606,
    "avgOwnTrailPlayRate": 0,
    "avgShieldsDownRate": 0.42215232822627347
  },
  "skillIndicators": 1,
  "timestamp": "2026-07-14T01:29:44.711Z",
  "durationSeconds": 15.452
}