{
  "warpFactor": 18,
  "playerCount": 9,
  "moduleConfig": "official",
  "moduleLabel": "Official Warp 12 Preset",
  "zetaOmitted": false,
  "games": 500,
  "objective": "points",
  "summary": {
    "games": 500,
    "playerCount": 9,
    "maxPip": 18,
    "objective": "points",
    "avgLegalMovesPerTurn": 2.0991824614747525,
    "avgUniqueTrainsPerTurn": 0.8624886025695399,
    "avgConstrainedTileFraction": 0.5456407079760008,
    "avgUniquePipsInHand": 7.887052251545828,
    "avgMaxPipCluster": 2.2082066370960747,
    "avgHandEntropy": 2.644868405594429,
    "avgMoveValueSpread": 3.527286521061489,
    "avgNearOptimalFraction": 0.8213463215052097,
    "avgOwnTrailPlayRate": 0,
    "avgShieldsDownRate": 0.19751137459828805
  },
  "skillIndicators": 3,
  "timestamp": "2026-07-14T01:49:05.108Z",
  "durationSeconds": 54.497
}