{
  "warpFactor": 15,
  "playerCount": 12,
  "moduleConfig": "none",
  "moduleLabel": "Baseline (no modules)",
  "zetaOmitted": false,
  "games": 500,
  "objective": "points",
  "summary": {
    "games": 500,
    "playerCount": 12,
    "maxPip": 15,
    "objective": "points",
    "avgLegalMovesPerTurn": 2.477309837668035,
    "avgUniqueTrainsPerTurn": 0.98941266675532,
    "avgConstrainedTileFraction": 0.5608965380069847,
    "avgUniquePipsInHand": 7.565494235302542,
    "avgMaxPipCluster": 2.2842722069346384,
    "avgHandEntropy": 2.6222573079948095,
    "avgMoveValueSpread": 3.6454414706022766,
    "avgNearOptimalFraction": 0.7826299675561167,
    "avgOwnTrailPlayRate": 0,
    "avgShieldsDownRate": 0.24011076903711706
  },
  "skillIndicators": 3,
  "timestamp": "2026-07-14T01:38:50.635Z",
  "durationSeconds": 39.17
}