{
  "warpFactor": 18,
  "playerCount": 16,
  "moduleConfig": "none",
  "moduleLabel": "Baseline (no modules)",
  "zetaOmitted": false,
  "games": 500,
  "objective": "points",
  "summary": {
    "games": 500,
    "playerCount": 16,
    "maxPip": 18,
    "objective": "points",
    "avgLegalMovesPerTurn": 2.527615784238573,
    "avgUniqueTrainsPerTurn": 0.8905547585470559,
    "avgConstrainedTileFraction": 0.5493571609585719,
    "avgUniquePipsInHand": 7.79633639064964,
    "avgMaxPipCluster": 2.1212369168676073,
    "avgHandEntropy": 2.697257319068055,
    "avgMoveValueSpread": 3.7984787340466815,
    "avgNearOptimalFraction": 0.8109847203225082,
    "avgOwnTrailPlayRate": 0,
    "avgShieldsDownRate": 0.3765190374455041
  },
  "skillIndicators": 3,
  "timestamp": "2026-07-14T01:56:56.679Z",
  "durationSeconds": 68.922
}