{
  "warpFactor": 18,
  "playerCount": 3,
  "moduleConfig": "beta",
  "moduleLabel": "Module Beta (Salamander Penalty)",
  "zetaOmitted": false,
  "games": 500,
  "objective": "points",
  "summary": {
    "games": 500,
    "playerCount": 3,
    "maxPip": 18,
    "objective": "points",
    "avgLegalMovesPerTurn": 1.5340942009532073,
    "avgUniqueTrainsPerTurn": 0.682963785730707,
    "avgConstrainedTileFraction": 0.5195774239251519,
    "avgUniquePipsInHand": 8.80077792493177,
    "avgMaxPipCluster": 2.6144486359207013,
    "avgHandEntropy": 2.801242148647703,
    "avgMoveValueSpread": 2.4024774523434362,
    "avgNearOptimalFraction": 0.8697734706276877,
    "avgOwnTrailPlayRate": 0,
    "avgShieldsDownRate": 0.029168270707683453
  },
  "skillIndicators": 3,
  "timestamp": "2026-07-14T01:41:33.723Z",
  "durationSeconds": 60.379
}