{
  "warpFactor": 15,
  "playerCount": 2,
  "moduleConfig": "delta",
  "moduleLabel": "Module Delta (Warp Drive Spool)",
  "zetaOmitted": false,
  "games": 500,
  "objective": "points",
  "summary": {
    "games": 500,
    "playerCount": 2,
    "maxPip": 15,
    "objective": "points",
    "avgLegalMovesPerTurn": 1.5445191532894025,
    "avgUniqueTrainsPerTurn": 0.6523706346798283,
    "avgConstrainedTileFraction": 0.5058852574880277,
    "avgUniquePipsInHand": 8.647514260227112,
    "avgMaxPipCluster": 2.9048114102780924,
    "avgHandEntropy": 2.782923564329429,
    "avgMoveValueSpread": 2.052621094958113,
    "avgNearOptimalFraction": 0.8641988929253391,
    "avgOwnTrailPlayRate": 0,
    "avgShieldsDownRate": 0.02178145827502581
  },
  "skillIndicators": 3,
  "timestamp": "2026-07-14T01:31:55.011Z",
  "durationSeconds": 27.023
}