{
  "warpFactor": 15,
  "playerCount": 8,
  "moduleConfig": "zeta",
  "moduleLabel": "Module Zeta (Squadrons)",
  "zetaOmitted": false,
  "games": 500,
  "objective": "points",
  "summary": {
    "games": 500,
    "playerCount": 8,
    "maxPip": 15,
    "objective": "points",
    "avgLegalMovesPerTurn": 1.8486106055779417,
    "avgUniqueTrainsPerTurn": 0.9669061551661542,
    "avgConstrainedTileFraction": 0.6148406880064432,
    "avgUniquePipsInHand": 7.492120062999047,
    "avgMaxPipCluster": 2.341142726273007,
    "avgHandEntropy": 2.5854424093550024,
    "avgMoveValueSpread": 3.164389851576207,
    "avgNearOptimalFraction": 0.8077378759372718,
    "avgOwnTrailPlayRate": 0,
    "avgShieldsDownRate": 0.04417064855142654
  },
  "skillIndicators": 3,
  "timestamp": "2026-07-14T01:36:23.238Z",
  "durationSeconds": 36.132
}