{
  "warpFactor": 18,
  "playerCount": 15,
  "moduleConfig": "beta",
  "moduleLabel": "Module Beta (Salamander Penalty)",
  "zetaOmitted": false,
  "games": 500,
  "objective": "points",
  "summary": {
    "games": 500,
    "playerCount": 15,
    "maxPip": 18,
    "objective": "points",
    "avgLegalMovesPerTurn": 2.447386192792059,
    "avgUniqueTrainsPerTurn": 0.8806206570998278,
    "avgConstrainedTileFraction": 0.5468515368328928,
    "avgUniquePipsInHand": 7.758965440850768,
    "avgMaxPipCluster": 2.1180766088530154,
    "avgHandEntropy": 2.688760293537595,
    "avgMoveValueSpread": 3.686603823980887,
    "avgNearOptimalFraction": 0.8155668486188249,
    "avgOwnTrailPlayRate": 0,
    "avgShieldsDownRate": 0.3693572112353779
  },
  "skillIndicators": 3,
  "timestamp": "2026-07-14T01:55:43.723Z",
  "durationSeconds": 65.312
}