{
  "warpFactor": 15,
  "playerCount": 11,
  "moduleConfig": "gamma",
  "moduleLabel": "Module Gamma (Sensor Grid)",
  "zetaOmitted": false,
  "games": 500,
  "objective": "points",
  "summary": {
    "games": 500,
    "playerCount": 11,
    "maxPip": 15,
    "objective": "points",
    "avgLegalMovesPerTurn": 2.3598352501010855,
    "avgUniqueTrainsPerTurn": 0.9768222637194202,
    "avgConstrainedTileFraction": 0.5597244400282829,
    "avgUniquePipsInHand": 7.4874598582998315,
    "avgMaxPipCluster": 2.2668124096813425,
    "avgHandEntropy": 2.6051884783160557,
    "avgMoveValueSpread": 3.4903923132467036,
    "avgNearOptimalFraction": 0.7917326771048343,
    "avgOwnTrailPlayRate": 0,
    "avgShieldsDownRate": 0.23130358561371792
  },
  "skillIndicators": 3,
  "timestamp": "2026-07-14T01:38:12.566Z",
  "durationSeconds": 35.846
}