{
  "warpFactor": 15,
  "playerCount": 11,
  "moduleConfig": "none",
  "moduleLabel": "Baseline (no modules)",
  "zetaOmitted": false,
  "games": 500,
  "objective": "points",
  "summary": {
    "games": 500,
    "playerCount": 11,
    "maxPip": 15,
    "objective": "points",
    "avgLegalMovesPerTurn": 2.3701793987032045,
    "avgUniqueTrainsPerTurn": 0.977931051146638,
    "avgConstrainedTileFraction": 0.559636844125195,
    "avgUniquePipsInHand": 7.489098509774374,
    "avgMaxPipCluster": 2.2712372626817507,
    "avgHandEntropy": 2.6052096387039034,
    "avgMoveValueSpread": 3.5134387159168377,
    "avgNearOptimalFraction": 0.7906561114353471,
    "avgOwnTrailPlayRate": 0,
    "avgShieldsDownRate": 0.23164380506913404
  },
  "skillIndicators": 3,
  "timestamp": "2026-07-14T01:37:55.382Z",
  "durationSeconds": 35.57
}