{
  "warpFactor": 18,
  "playerCount": 4,
  "moduleConfig": "mu",
  "moduleLabel": "Subspace Fracture (Own Trail)",
  "zetaOmitted": false,
  "games": 500,
  "objective": "points",
  "summary": {
    "games": 500,
    "playerCount": 4,
    "maxPip": 18,
    "objective": "points",
    "avgLegalMovesPerTurn": 1.7174282932002087,
    "avgUniqueTrainsPerTurn": 0.7431119181200131,
    "avgConstrainedTileFraction": 0.5285638684813191,
    "avgUniquePipsInHand": 9.081623652279303,
    "avgMaxPipCluster": 2.6552800992033427,
    "avgHandEntropy": 2.8324229073626883,
    "avgMoveValueSpread": 3.0693832037690343,
    "avgNearOptimalFraction": 0.8406288026893496,
    "avgOwnTrailPlayRate": 0,
    "avgShieldsDownRate": 0.03654930903677664
  },
  "skillIndicators": 3,
  "timestamp": "2026-07-14T01:43:55.791Z",
  "durationSeconds": 72.442
}