{
  "warpFactor": 12,
  "playerCount": 2,
  "moduleConfig": "all",
  "moduleLabel": "All Modules (stress test)",
  "games": 500,
  "objective": "points",
  "summary": {
    "games": 500,
    "playerCount": 2,
    "maxPip": 12,
    "objective": "points",
    "avgLegalMovesPerTurn": 1.9813195557614856,
    "avgUniqueTrainsPerTurn": 0.789383410639051,
    "avgConstrainedTileFraction": 0.5601158659104405,
    "avgUniquePipsInHand": 8.852713602766546,
    "avgMaxPipCluster": 3.866771444725681,
    "avgHandEntropy": 2.755679710334044,
    "avgMoveValueSpread": 2.6302470293204423,
    "avgNearOptimalFraction": 0.8064238907277004,
    "avgOwnTrailPlayRate": 0,
    "avgShieldsDownRate": 0.0703949590096207
  },
  "skillIndicators": 3,
  "timestamp": "2026-07-12T23:07:30.302Z",
  "durationSeconds": 152.452
}