{
  "warpFactor": 18,
  "playerCount": 11,
  "moduleConfig": "delta",
  "moduleLabel": "Module Delta (Warp Drive Spool)",
  "zetaOmitted": false,
  "games": 500,
  "objective": "points",
  "summary": {
    "games": 500,
    "playerCount": 11,
    "maxPip": 18,
    "objective": "points",
    "avgLegalMovesPerTurn": 2.1822862111168457,
    "avgUniqueTrainsPerTurn": 0.8908185776096117,
    "avgConstrainedTileFraction": 0.5581616114217641,
    "avgUniquePipsInHand": 7.935037599325444,
    "avgMaxPipCluster": 2.1866079795484583,
    "avgHandEntropy": 2.6953418726022265,
    "avgMoveValueSpread": 3.6492948553353375,
    "avgNearOptimalFraction": 0.8162960095112364,
    "avgOwnTrailPlayRate": 0,
    "avgShieldsDownRate": 0.2733060715739465
  },
  "skillIndicators": 3,
  "timestamp": "2026-07-14T01:50:32.972Z",
  "durationSeconds": 40.821
}