{
  "warpFactor": 18,
  "playerCount": 17,
  "moduleConfig": "all",
  "moduleLabel": "All Modules (stress test) (Zeta omitted — fleet too small/uneven)",
  "zetaOmitted": true,
  "games": 500,
  "objective": "points",
  "summary": {
    "games": 500,
    "playerCount": 17,
    "maxPip": 18,
    "objective": "points",
    "avgLegalMovesPerTurn": 2.632323354095468,
    "avgUniqueTrainsPerTurn": 0.7924954861041964,
    "avgConstrainedTileFraction": 0.49133176105913273,
    "avgUniquePipsInHand": 7.492341676454557,
    "avgMaxPipCluster": 2.049429262682801,
    "avgHandEntropy": 2.6481634739360262,
    "avgMoveValueSpread": 3.635507563089175,
    "avgNearOptimalFraction": 0.8258091694149483,
    "avgOwnTrailPlayRate": 0,
    "avgShieldsDownRate": 0.4267595811280565
  },
  "skillIndicators": 2,
  "timestamp": "2026-07-14T02:00:05.584Z",
  "durationSeconds": 74.417
}