{
  "warpFactor": 9,
  "playerCount": 4,
  "moduleConfig": "alpha",
  "moduleLabel": "Module Alpha (Continuum)",
  "zetaOmitted": false,
  "games": 500,
  "objective": "points",
  "summary": {
    "games": 500,
    "playerCount": 4,
    "maxPip": 9,
    "objective": "points",
    "avgLegalMovesPerTurn": 1.847933315413436,
    "avgUniqueTrainsPerTurn": 0.9461945500996536,
    "avgConstrainedTileFraction": 0.5377213902508063,
    "avgUniquePipsInHand": 5.359207145246979,
    "avgMaxPipCluster": 2.223801338198626,
    "avgHandEntropy": 2.1211283757532695,
    "avgMoveValueSpread": 1.6638750870309666,
    "avgNearOptimalFraction": 0.831727762779596,
    "avgOwnTrailPlayRate": 0,
    "avgShieldsDownRate": 0.15089163824351332
  },
  "skillIndicators": 2,
  "timestamp": "2026-07-14T01:28:43.139Z",
  "durationSeconds": 3.862
}