{
  "warpFactor": 12,
  "playerCount": 5,
  "moduleConfig": "eta",
  "moduleLabel": "Module Eta (Temporal Debt)",
  "zetaOmitted": false,
  "games": 500,
  "objective": "points",
  "summary": {
    "games": 500,
    "playerCount": 5,
    "maxPip": 12,
    "objective": "points",
    "avgLegalMovesPerTurn": 2.2036672050719015,
    "avgUniqueTrainsPerTurn": 1.0516613922485143,
    "avgConstrainedTileFraction": 0.6148316222237191,
    "avgUniquePipsInHand": 7.334362874884277,
    "avgMaxPipCluster": 2.6552367423830505,
    "avgHandEntropy": 2.529301779105099,
    "avgMoveValueSpread": 3.1908804555565746,
    "avgNearOptimalFraction": 0.7579005309919886,
    "avgOwnTrailPlayRate": 0,
    "avgShieldsDownRate": 0.08172758834723652
  },
  "skillIndicators": 3,
  "timestamp": "2026-07-14T01:30:09.193Z",
  "durationSeconds": 12.099
}