{
  "warpFactor": 18,
  "playerCount": 8,
  "moduleConfig": "all",
  "moduleLabel": "All Modules (stress test)",
  "games": 500,
  "objective": "points",
  "summary": {
    "games": 500,
    "playerCount": 8,
    "maxPip": 18,
    "objective": "points",
    "avgLegalMovesPerTurn": 2.4256652320193535,
    "avgUniqueTrainsPerTurn": 0.8752713405922262,
    "avgConstrainedTileFraction": 0.5496796528119133,
    "avgUniquePipsInHand": 8.4242018319562,
    "avgMaxPipCluster": 2.3916655959794477,
    "avgHandEntropy": 2.748712571836419,
    "avgMoveValueSpread": 5.023530463001533,
    "avgNearOptimalFraction": 0.7747164123843904,
    "avgOwnTrailPlayRate": 0,
    "avgShieldsDownRate": 0.21145665162866514
  },
  "skillIndicators": 3,
  "timestamp": "2026-07-13T00:14:14.169Z",
  "durationSeconds": 461.88
}