{
  "warpFactor": 18,
  "playerCount": 15,
  "moduleConfig": "gamma",
  "moduleLabel": "Module Gamma (Sensor Grid)",
  "zetaOmitted": false,
  "games": 500,
  "objective": "points",
  "summary": {
    "games": 500,
    "playerCount": 15,
    "maxPip": 18,
    "objective": "points",
    "avgLegalMovesPerTurn": 2.438658508086844,
    "avgUniqueTrainsPerTurn": 0.88100898027829,
    "avgConstrainedTileFraction": 0.5485276545626045,
    "avgUniquePipsInHand": 7.747206825614124,
    "avgMaxPipCluster": 2.1158972485715606,
    "avgHandEntropy": 2.6855268407419057,
    "avgMoveValueSpread": 3.682833685038231,
    "avgNearOptimalFraction": 0.816317449983568,
    "avgOwnTrailPlayRate": 0,
    "avgShieldsDownRate": 0.3694410694006727
  },
  "skillIndicators": 3,
  "timestamp": "2026-07-14T01:55:58.443Z",
  "durationSeconds": 64.475
}