{
  "warpFactor": 18,
  "playerCount": 16,
  "moduleConfig": "zeta",
  "moduleLabel": "Module Zeta (Squadrons)",
  "zetaOmitted": false,
  "games": 500,
  "objective": "points",
  "summary": {
    "games": 500,
    "playerCount": 16,
    "maxPip": 18,
    "objective": "points",
    "avgLegalMovesPerTurn": 2.0209332166149263,
    "avgUniqueTrainsPerTurn": 0.9692132610599153,
    "avgConstrainedTileFraction": 0.5849724137913738,
    "avgUniquePipsInHand": 7.4047433498420645,
    "avgMaxPipCluster": 2.0481016623946973,
    "avgHandEntropy": 2.6295459773905074,
    "avgMoveValueSpread": 3.785102363866789,
    "avgNearOptimalFraction": 0.8136415178116674,
    "avgOwnTrailPlayRate": 0,
    "avgShieldsDownRate": 0.10744858024714564
  },
  "skillIndicators": 3,
  "timestamp": "2026-07-14T01:58:48.753Z",
  "durationSeconds": 91.271
}