{
  "warpFactor": 15,
  "playerCount": 2,
  "moduleConfig": "all",
  "moduleLabel": "All Modules (stress test) (Zeta omitted — fleet too small/uneven)",
  "zetaOmitted": true,
  "games": 500,
  "objective": "points",
  "summary": {
    "games": 500,
    "playerCount": 2,
    "maxPip": 15,
    "objective": "points",
    "avgLegalMovesPerTurn": 1.903603406225694,
    "avgUniqueTrainsPerTurn": 0.7425267955823149,
    "avgConstrainedTileFraction": 0.5478476566638416,
    "avgUniquePipsInHand": 10.814448203660936,
    "avgMaxPipCluster": 3.793384054764129,
    "avgHandEntropy": 3.101269713241892,
    "avgMoveValueSpread": 3.1206617821833547,
    "avgNearOptimalFraction": 0.8029211493591435,
    "avgOwnTrailPlayRate": 0,
    "avgShieldsDownRate": 0.018235009216932805
  },
  "skillIndicators": 3,
  "timestamp": "2026-07-14T01:32:44.215Z",
  "durationSeconds": 48.945
}