{
  "warpFactor": 18,
  "playerCount": 13,
  "moduleConfig": "all",
  "moduleLabel": "All Modules (stress test) (Zeta omitted — fleet too small/uneven)",
  "zetaOmitted": true,
  "games": 500,
  "objective": "points",
  "summary": {
    "games": 500,
    "playerCount": 13,
    "maxPip": 18,
    "objective": "points",
    "avgLegalMovesPerTurn": 2.547221099064694,
    "avgUniqueTrainsPerTurn": 0.8525734259938709,
    "avgConstrainedTileFraction": 0.5258811066044136,
    "avgUniquePipsInHand": 8.23278138979528,
    "avgMaxPipCluster": 2.2467825083059325,
    "avgHandEntropy": 2.744673750115971,
    "avgMoveValueSpread": 4.305897029423654,
    "avgNearOptimalFraction": 0.7940332608853707,
    "avgOwnTrailPlayRate": 0,
    "avgShieldsDownRate": 0.25947795217543784
  },
  "skillIndicators": 3,
  "timestamp": "2026-07-14T01:54:25.437Z",
  "durationSeconds": 76.828
}