{
  "warpFactor": 15,
  "playerCount": 12,
  "moduleConfig": "epsilon",
  "moduleLabel": "Module Epsilon (Drafting)",
  "zetaOmitted": false,
  "games": 500,
  "objective": "points",
  "summary": {
    "games": 500,
    "playerCount": 12,
    "maxPip": 15,
    "objective": "points",
    "avgLegalMovesPerTurn": 1.3528087766332457,
    "avgUniqueTrainsPerTurn": 0.5503472324324613,
    "avgConstrainedTileFraction": 0.31188304623454643,
    "avgUniquePipsInHand": 4.213253160218783,
    "avgMaxPipCluster": 1.2391550870479606,
    "avgHandEntropy": 1.4576834934610248,
    "avgMoveValueSpread": 2.125316463504241,
    "avgNearOptimalFraction": 0.8789602665901843,
    "avgOwnTrailPlayRate": 0,
    "avgShieldsDownRate": 0.5743764688308237
  },
  "skillIndicators": 1,
  "timestamp": "2026-07-14T01:39:16.735Z",
  "durationSeconds": 45.564
}