{
  "warpFactor": 18,
  "playerCount": 9,
  "moduleConfig": "none",
  "moduleLabel": "Baseline (no modules)",
  "zetaOmitted": false,
  "games": 500,
  "objective": "points",
  "summary": {
    "games": 500,
    "playerCount": 9,
    "maxPip": 18,
    "objective": "points",
    "avgLegalMovesPerTurn": 2.068768786738038,
    "avgUniqueTrainsPerTurn": 0.8973342731636699,
    "avgConstrainedTileFraction": 0.5672120915171365,
    "avgUniquePipsInHand": 8.124297785438591,
    "avgMaxPipCluster": 2.2574022428217666,
    "avgHandEntropy": 2.7097668374098176,
    "avgMoveValueSpread": 3.668825978533726,
    "avgNearOptimalFraction": 0.8147900605931327,
    "avgOwnTrailPlayRate": 0,
    "avgShieldsDownRate": 0.20666955965907943
  },
  "skillIndicators": 3,
  "timestamp": "2026-07-14T01:48:01.406Z",
  "durationSeconds": 48.215
}