{
  "warpFactor": 18,
  "playerCount": 16,
  "moduleConfig": "delta",
  "moduleLabel": "Module Delta (Warp Drive Spool)",
  "zetaOmitted": false,
  "games": 500,
  "objective": "points",
  "summary": {
    "games": 500,
    "playerCount": 16,
    "maxPip": 18,
    "objective": "points",
    "avgLegalMovesPerTurn": 2.522985221669288,
    "avgUniqueTrainsPerTurn": 0.8893318287025916,
    "avgConstrainedTileFraction": 0.5496304555859209,
    "avgUniquePipsInHand": 7.779183128086635,
    "avgMaxPipCluster": 2.11803629613578,
    "avgHandEntropy": 2.693005449486931,
    "avgMoveValueSpread": 3.7938006314760306,
    "avgNearOptimalFraction": 0.81110433301238,
    "avgOwnTrailPlayRate": 0,
    "avgShieldsDownRate": 0.3757912781891682
  },
  "skillIndicators": 3,
  "timestamp": "2026-07-14T01:57:18.444Z",
  "durationSeconds": 54.127
}