{
  "warpFactor": 12,
  "playerCount": 7,
  "moduleConfig": "alpha",
  "moduleLabel": "Module Alpha (Continuum)",
  "zetaOmitted": false,
  "games": 500,
  "objective": "points",
  "summary": {
    "games": 500,
    "playerCount": 7,
    "maxPip": 12,
    "objective": "points",
    "avgLegalMovesPerTurn": 2.331236154382346,
    "avgUniqueTrainsPerTurn": 1.0857373146656755,
    "avgConstrainedTileFraction": 0.5972605232976754,
    "avgUniquePipsInHand": 7.227838808256395,
    "avgMaxPipCluster": 2.5415141431464963,
    "avgHandEntropy": 2.5252179490747286,
    "avgMoveValueSpread": 3.300235958048187,
    "avgNearOptimalFraction": 0.7540095098655195,
    "avgOwnTrailPlayRate": 0,
    "avgShieldsDownRate": 0.12013014479708443
  },
  "skillIndicators": 3,
  "timestamp": "2026-07-14T01:30:49.291Z",
  "durationSeconds": 16.947
}