{
  "warpFactor": 12,
  "playerCount": 8,
  "moduleConfig": "none",
  "moduleLabel": "Baseline (no modules)",
  "zetaOmitted": false,
  "games": 500,
  "objective": "points",
  "summary": {
    "games": 500,
    "playerCount": 8,
    "maxPip": 12,
    "objective": "points",
    "avgLegalMovesPerTurn": 2.5115240347815075,
    "avgUniqueTrainsPerTurn": 1.1219960225048278,
    "avgConstrainedTileFraction": 0.5937778501453564,
    "avgUniquePipsInHand": 7.428855773407184,
    "avgMaxPipCluster": 2.591926071910521,
    "avgHandEntropy": 2.56254720201376,
    "avgMoveValueSpread": 3.6421712858099906,
    "avgNearOptimalFraction": 0.7313749577854226,
    "avgOwnTrailPlayRate": 0,
    "avgShieldsDownRate": 0.1335930039704478
  },
  "skillIndicators": 3,
  "timestamp": "2026-07-14T01:31:15.304Z",
  "durationSeconds": 18.56
}