{
  "warpFactor": 12,
  "playerCount": 7,
  "moduleConfig": "official",
  "moduleLabel": "Official Warp 12 Preset",
  "zetaOmitted": false,
  "games": 500,
  "objective": "points",
  "summary": {
    "games": 500,
    "playerCount": 7,
    "maxPip": 12,
    "objective": "points",
    "avgLegalMovesPerTurn": 2.3552038327302767,
    "avgUniqueTrainsPerTurn": 1.0429699273045079,
    "avgConstrainedTileFraction": 0.573477259812657,
    "avgUniquePipsInHand": 7.020465664911405,
    "avgMaxPipCluster": 2.4868556856270887,
    "avgHandEntropy": 2.464693881325918,
    "avgMoveValueSpread": 3.162603769676718,
    "avgNearOptimalFraction": 0.7627989507915757,
    "avgOwnTrailPlayRate": 0,
    "avgShieldsDownRate": 0.11524733268671193
  },
  "skillIndicators": 3,
  "timestamp": "2026-07-14T01:31:11.454Z",
  "durationSeconds": 19.121
}