{
  "warpFactor": 18,
  "playerCount": 10,
  "moduleConfig": "gamma",
  "moduleLabel": "Module Gamma (Sensor Grid)",
  "zetaOmitted": false,
  "games": 500,
  "objective": "points",
  "summary": {
    "games": 500,
    "playerCount": 10,
    "maxPip": 18,
    "objective": "points",
    "avgLegalMovesPerTurn": 2.1709317374669514,
    "avgUniqueTrainsPerTurn": 0.9185112898708476,
    "avgConstrainedTileFraction": 0.5712696086499128,
    "avgUniquePipsInHand": 8.217541862773535,
    "avgMaxPipCluster": 2.267410518985547,
    "avgHandEntropy": 2.7283638669831185,
    "avgMoveValueSpread": 3.8946675238224366,
    "avgNearOptimalFraction": 0.8043284266083999,
    "avgOwnTrailPlayRate": 0,
    "avgShieldsDownRate": 0.21480172844128292
  },
  "skillIndicators": 3,
  "timestamp": "2026-07-14T01:49:29.131Z",
  "durationSeconds": 52.377
}