{
  "warpFactor": 12,
  "playerCount": 6,
  "moduleConfig": "all",
  "moduleLabel": "All Modules (stress test)",
  "games": 500,
  "objective": "points",
  "summary": {
    "games": 500,
    "playerCount": 6,
    "maxPip": 12,
    "objective": "points",
    "avgLegalMovesPerTurn": 2.7548890384702167,
    "avgUniqueTrainsPerTurn": 1.084905000047724,
    "avgConstrainedTileFraction": 0.6410081101190116,
    "avgUniquePipsInHand": 7.683442694408085,
    "avgMaxPipCluster": 2.8873171818970147,
    "avgHandEntropy": 2.553622249971238,
    "avgMoveValueSpread": 4.244765871581123,
    "avgNearOptimalFraction": 0.7047514474672083,
    "avgOwnTrailPlayRate": 0,
    "avgShieldsDownRate": 0.2270137902010893
  },
  "skillIndicators": 3,
  "timestamp": "2026-07-12T23:13:43.413Z",
  "durationSeconds": 172.595
}