{
  "warpFactor": 18,
  "playerCount": 5,
  "moduleConfig": "alpha",
  "moduleLabel": "Module Alpha (Continuum)",
  "zetaOmitted": false,
  "games": 500,
  "objective": "points",
  "summary": {
    "games": 500,
    "playerCount": 5,
    "maxPip": 18,
    "objective": "points",
    "avgLegalMovesPerTurn": 1.7340425029392357,
    "avgUniqueTrainsPerTurn": 0.8080292318881961,
    "avgConstrainedTileFraction": 0.5552926584697414,
    "avgUniquePipsInHand": 8.24038907224329,
    "avgMaxPipCluster": 2.3747588823111436,
    "avgHandEntropy": 2.700198912029631,
    "avgMoveValueSpread": 3.0443444981662413,
    "avgNearOptimalFraction": 0.8419755116066054,
    "avgOwnTrailPlayRate": 0,
    "avgShieldsDownRate": 0.07910490645123126
  },
  "skillIndicators": 3,
  "timestamp": "2026-07-14T01:43:47.595Z",
  "durationSeconds": 42.492
}