{
  "warpFactor": 15,
  "playerCount": 11,
  "moduleConfig": "alpha",
  "moduleLabel": "Module Alpha (Continuum)",
  "zetaOmitted": false,
  "games": 500,
  "objective": "points",
  "summary": {
    "games": 500,
    "playerCount": 11,
    "maxPip": 15,
    "objective": "points",
    "avgLegalMovesPerTurn": 2.3680802105278933,
    "avgUniqueTrainsPerTurn": 0.9772544168155989,
    "avgConstrainedTileFraction": 0.5604992053910622,
    "avgUniquePipsInHand": 7.504932780934394,
    "avgMaxPipCluster": 2.270132127150177,
    "avgHandEntropy": 2.60944293970842,
    "avgMoveValueSpread": 3.488963792493775,
    "avgNearOptimalFraction": 0.7911934434224596,
    "avgOwnTrailPlayRate": 0,
    "avgShieldsDownRate": 0.2331096373840319
  },
  "skillIndicators": 3,
  "timestamp": "2026-07-14T01:37:55.791Z",
  "durationSeconds": 35.384
}