{
  "warpFactor": 18,
  "playerCount": 17,
  "moduleConfig": "official",
  "moduleLabel": "Official Warp 12 Preset",
  "games": 500,
  "objective": "points",
  "summary": {
    "games": 500,
    "playerCount": 17,
    "maxPip": 18,
    "objective": "points",
    "avgLegalMovesPerTurn": 2.2575777722736925,
    "avgUniqueTrainsPerTurn": 0.6612304787440403,
    "avgConstrainedTileFraction": 0.3941258781403861,
    "avgUniquePipsInHand": 4.733317029286107,
    "avgMaxPipCluster": 1.524640303103263,
    "avgHandEntropy": 1.982036079948343,
    "avgMoveValueSpread": 3.036946273238069,
    "avgNearOptimalFraction": 0.8588020969694923,
    "avgOwnTrailPlayRate": 0,
    "avgShieldsDownRate": 0.45700939901598153
  },
  "skillIndicators": 1,
  "timestamp": "2026-07-13T00:48:14.076Z",
  "durationSeconds": 619.929
}