{
  "warpFactor": 18,
  "playerCount": 17,
  "moduleConfig": "delta",
  "moduleLabel": "Module Delta (Warp Drive Spool)",
  "zetaOmitted": false,
  "games": 500,
  "objective": "points",
  "summary": {
    "games": 500,
    "playerCount": 17,
    "maxPip": 18,
    "objective": "points",
    "avgLegalMovesPerTurn": 2.499536156097996,
    "avgUniqueTrainsPerTurn": 0.8439578699917281,
    "avgConstrainedTileFraction": 0.5260238030014759,
    "avgUniquePipsInHand": 7.356306047539296,
    "avgMaxPipCluster": 2.0196296361256683,
    "avgHandEntropy": 2.6328092532265153,
    "avgMoveValueSpread": 3.3242637311926297,
    "avgNearOptimalFraction": 0.8346765028668661,
    "avgOwnTrailPlayRate": 0,
    "avgShieldsDownRate": 0.45166726090074855
  },
  "skillIndicators": 3,
  "timestamp": "2026-07-14T01:58:47.988Z",
  "durationSeconds": 53.309
}