{
  "warpFactor": 15,
  "playerCount": 2,
  "moduleConfig": "beta",
  "moduleLabel": "Module Beta (Salamander Penalty)",
  "zetaOmitted": false,
  "games": 500,
  "objective": "points",
  "summary": {
    "games": 500,
    "playerCount": 2,
    "maxPip": 15,
    "objective": "points",
    "avgLegalMovesPerTurn": 1.5470644239363411,
    "avgUniqueTrainsPerTurn": 0.6520803024905495,
    "avgConstrainedTileFraction": 0.5057701702433601,
    "avgUniquePipsInHand": 8.656924469491303,
    "avgMaxPipCluster": 2.9094486716200603,
    "avgHandEntropy": 2.7847629506956135,
    "avgMoveValueSpread": 2.0570600049887475,
    "avgNearOptimalFraction": 0.8636213316970653,
    "avgOwnTrailPlayRate": 0,
    "avgShieldsDownRate": 0.02128908920771877
  },
  "skillIndicators": 3,
  "timestamp": "2026-07-14T01:31:54.717Z",
  "durationSeconds": 30.499
}