{
  "warpFactor": 15,
  "playerCount": 2,
  "moduleConfig": "none",
  "moduleLabel": "Baseline (no modules)",
  "zetaOmitted": false,
  "games": 500,
  "objective": "points",
  "summary": {
    "games": 500,
    "playerCount": 2,
    "maxPip": 15,
    "objective": "points",
    "avgLegalMovesPerTurn": 1.5444668672940183,
    "avgUniqueTrainsPerTurn": 0.6515855406657929,
    "avgConstrainedTileFraction": 0.5053383294863759,
    "avgUniquePipsInHand": 8.640743531035772,
    "avgMaxPipCluster": 2.9026203800796817,
    "avgHandEntropy": 2.782523846251481,
    "avgMoveValueSpread": 2.048512521605983,
    "avgNearOptimalFraction": 0.8644481192898026,
    "avgOwnTrailPlayRate": 0,
    "avgShieldsDownRate": 0.022020678711230753
  },
  "skillIndicators": 3,
  "timestamp": "2026-07-14T01:31:51.090Z",
  "durationSeconds": 29.881
}