{
  "warpFactor": 15,
  "playerCount": 8,
  "moduleConfig": "beta",
  "moduleLabel": "Module Beta (Salamander Penalty)",
  "zetaOmitted": false,
  "games": 500,
  "objective": "points",
  "summary": {
    "games": 500,
    "playerCount": 8,
    "maxPip": 15,
    "objective": "points",
    "avgLegalMovesPerTurn": 2.2235149393596356,
    "avgUniqueTrainsPerTurn": 1.0002892253620796,
    "avgConstrainedTileFraction": 0.5858242730049997,
    "avgUniquePipsInHand": 7.850107892070928,
    "avgMaxPipCluster": 2.4200422002615363,
    "avgHandEntropy": 2.6437745033324798,
    "avgMoveValueSpread": 3.646031855178433,
    "avgNearOptimalFraction": 0.779878348397072,
    "avgOwnTrailPlayRate": 0,
    "avgShieldsDownRate": 0.13626352837990496
  },
  "skillIndicators": 3,
  "timestamp": "2026-07-14T01:35:41.808Z",
  "durationSeconds": 30.096
}