{
  "warpFactor": 12,
  "playerCount": 8,
  "moduleConfig": "iota",
  "moduleLabel": "Module Iota (Double Down)",
  "zetaOmitted": false,
  "games": 500,
  "objective": "points",
  "summary": {
    "games": 500,
    "playerCount": 8,
    "maxPip": 12,
    "objective": "points",
    "avgLegalMovesPerTurn": 2.629786164882113,
    "avgUniqueTrainsPerTurn": 1.1414438003772351,
    "avgConstrainedTileFraction": 0.5945612877813069,
    "avgUniquePipsInHand": 7.578301942295924,
    "avgMaxPipCluster": 2.647347051795199,
    "avgHandEntropy": 2.583825644145512,
    "avgMoveValueSpread": 3.8996162628240802,
    "avgNearOptimalFraction": 0.7138971274034059,
    "avgOwnTrailPlayRate": 0,
    "avgShieldsDownRate": 0.1353426657564062
  },
  "skillIndicators": 3,
  "timestamp": "2026-07-14T01:31:29.031Z",
  "durationSeconds": 18.811
}