{
  "warpFactor": 18,
  "playerCount": 12,
  "moduleConfig": "delta",
  "moduleLabel": "Module Delta (Warp Drive Spool)",
  "zetaOmitted": false,
  "games": 500,
  "objective": "points",
  "summary": {
    "games": 500,
    "playerCount": 12,
    "maxPip": 18,
    "objective": "points",
    "avgLegalMovesPerTurn": 2.275897451970355,
    "avgUniqueTrainsPerTurn": 0.9043019816543985,
    "avgConstrainedTileFraction": 0.56060369424865,
    "avgUniquePipsInHand": 8.016050196547754,
    "avgMaxPipCluster": 2.1953898806955445,
    "avgHandEntropy": 2.712283804112232,
    "avgMoveValueSpread": 3.804666524196799,
    "avgNearOptimalFraction": 0.8094111673636163,
    "avgOwnTrailPlayRate": 0,
    "avgShieldsDownRate": 0.2821337377697576
  },
  "skillIndicators": 3,
  "timestamp": "2026-07-14T01:51:48.390Z",
  "durationSeconds": 44.763
}