{
  "warpFactor": 12,
  "playerCount": 2,
  "moduleConfig": "none",
  "moduleLabel": "Baseline (no modules)",
  "zetaOmitted": false,
  "games": 500,
  "objective": "points",
  "summary": {
    "games": 500,
    "playerCount": 2,
    "maxPip": 12,
    "objective": "points",
    "avgLegalMovesPerTurn": 1.6938129357719314,
    "avgUniqueTrainsPerTurn": 0.7670726086664962,
    "avgConstrainedTileFraction": 0.5494283519925446,
    "avgUniquePipsInHand": 7.205531166334609,
    "avgMaxPipCluster": 2.768183384602404,
    "avgHandEntropy": 2.5127316924782077,
    "avgMoveValueSpread": 2.0611459845145044,
    "avgNearOptimalFraction": 0.8350549380453384,
    "avgOwnTrailPlayRate": 0,
    "avgShieldsDownRate": 0.02805979877446531
  },
  "skillIndicators": 3,
  "timestamp": "2026-07-14T01:29:00.281Z",
  "durationSeconds": 13.085
}