{
  "warpFactor": 9,
  "playerCount": 4,
  "moduleConfig": "epsilon",
  "moduleLabel": "Module Epsilon (Drafting)",
  "zetaOmitted": false,
  "games": 500,
  "objective": "points",
  "summary": {
    "games": 500,
    "playerCount": 4,
    "maxPip": 9,
    "objective": "points",
    "avgLegalMovesPerTurn": 1.1438541993314297,
    "avgUniqueTrainsPerTurn": 0.5930551089271002,
    "avgConstrainedTileFraction": 0.3373505675717708,
    "avgUniquePipsInHand": 3.3589251585440487,
    "avgMaxPipCluster": 1.3681713126284967,
    "avgHandEntropy": 1.3296533154725627,
    "avgMoveValueSpread": 1.0896946686233455,
    "avgNearOptimalFraction": 0.8960474423029694,
    "avgOwnTrailPlayRate": 0,
    "avgShieldsDownRate": 0.4590058730238051
  },
  "skillIndicators": 0,
  "timestamp": "2026-07-14T01:28:43.827Z",
  "durationSeconds": 4.361
}