{
  "warpFactor": 18,
  "playerCount": 7,
  "moduleConfig": "alpha",
  "moduleLabel": "Module Alpha (Continuum)",
  "zetaOmitted": false,
  "games": 500,
  "objective": "points",
  "summary": {
    "games": 500,
    "playerCount": 7,
    "maxPip": 18,
    "objective": "points",
    "avgLegalMovesPerTurn": 1.9099764645977129,
    "avgUniqueTrainsPerTurn": 0.8693913111203564,
    "avgConstrainedTileFraction": 0.5649466314438483,
    "avgUniquePipsInHand": 8.155979411507158,
    "avgMaxPipCluster": 2.2955718298827454,
    "avgHandEntropy": 2.6996632222811154,
    "avgMoveValueSpread": 3.431276775311907,
    "avgNearOptimalFraction": 0.8250125684798822,
    "avgOwnTrailPlayRate": 0,
    "avgShieldsDownRate": 0.14565992630949853
  },
  "skillIndicators": 3,
  "timestamp": "2026-07-14T01:45:54.183Z",
  "durationSeconds": 40.597
}