{
  "warpFactor": 12,
  "playerCount": 4,
  "moduleConfig": "zeta",
  "moduleLabel": "Module Zeta (Squadrons)",
  "games": 500,
  "objective": "points",
  "summary": {
    "games": 500,
    "playerCount": 4,
    "maxPip": 12,
    "objective": "points",
    "avgLegalMovesPerTurn": 2.3147226897938897,
    "avgUniqueTrainsPerTurn": 1.0768888571662678,
    "avgConstrainedTileFraction": 0.662195196423427,
    "avgUniquePipsInHand": 7.344892005526213,
    "avgMaxPipCluster": 2.9150035095297495,
    "avgHandEntropy": 2.4824722897796647,
    "avgMoveValueSpread": 3.5617490785437105,
    "avgNearOptimalFraction": 0.7406379278590807,
    "avgOwnTrailPlayRate": 0,
    "avgShieldsDownRate": 0.1756392226326094
  },
  "skillIndicators": 3,
  "timestamp": "2026-07-12T23:09:34.588Z",
  "durationSeconds": 125.556
}