{
  "warpFactor": 12,
  "playerCount": 6,
  "moduleConfig": "zeta",
  "moduleLabel": "Module Zeta (Squadrons)",
  "zetaOmitted": false,
  "games": 500,
  "objective": "points",
  "summary": {
    "games": 500,
    "playerCount": 6,
    "maxPip": 12,
    "objective": "points",
    "avgLegalMovesPerTurn": 2.0971326837380433,
    "avgUniqueTrainsPerTurn": 1.0981592503932103,
    "avgConstrainedTileFraction": 0.6679140382210319,
    "avgUniquePipsInHand": 7.439100277909795,
    "avgMaxPipCluster": 2.6909850753987206,
    "avgHandEntropy": 2.5548228620423563,
    "avgMoveValueSpread": 3.3151453986805586,
    "avgNearOptimalFraction": 0.7482985831677378,
    "avgOwnTrailPlayRate": 0,
    "avgShieldsDownRate": 0.03743811483315116
  },
  "skillIndicators": 3,
  "timestamp": "2026-07-14T01:30:45.798Z",
  "durationSeconds": 17.246
}