{
  "warpFactor": 18,
  "playerCount": 9,
  "moduleConfig": "all",
  "moduleLabel": "All Modules (stress test) (Zeta omitted — fleet too small/uneven)",
  "zetaOmitted": true,
  "games": 500,
  "objective": "points",
  "summary": {
    "games": 500,
    "playerCount": 9,
    "maxPip": 18,
    "objective": "points",
    "avgLegalMovesPerTurn": 2.1808804431091064,
    "avgUniqueTrainsPerTurn": 0.8273773647683846,
    "avgConstrainedTileFraction": 0.5315349753002607,
    "avgUniquePipsInHand": 8.307935676691077,
    "avgMaxPipCluster": 2.3140645041619754,
    "avgHandEntropy": 2.7365652702586822,
    "avgMoveValueSpread": 3.967639359954739,
    "avgNearOptimalFraction": 0.8084871401994752,
    "avgOwnTrailPlayRate": 0,
    "avgShieldsDownRate": 0.15238067577915335
  },
  "skillIndicators": 3,
  "timestamp": "2026-07-14T01:49:34.031Z",
  "durationSeconds": 76.998
}