{
  "warpFactor": 18,
  "playerCount": 13,
  "moduleConfig": "gamma",
  "moduleLabel": "Module Gamma (Sensor Grid)",
  "zetaOmitted": false,
  "games": 500,
  "objective": "points",
  "summary": {
    "games": 500,
    "playerCount": 13,
    "maxPip": 18,
    "objective": "points",
    "avgLegalMovesPerTurn": 2.3675385715702695,
    "avgUniqueTrainsPerTurn": 0.9143558901663568,
    "avgConstrainedTileFraction": 0.5633331327451847,
    "avgUniquePipsInHand": 8.070834306603963,
    "avgMaxPipCluster": 2.20663939223812,
    "avgHandEntropy": 2.72470247349487,
    "avgMoveValueSpread": 3.9454854734795246,
    "avgNearOptimalFraction": 0.8025376372870164,
    "avgOwnTrailPlayRate": 0,
    "avgShieldsDownRate": 0.2924749109536294
  },
  "skillIndicators": 3,
  "timestamp": "2026-07-14T01:53:19.226Z",
  "durationSeconds": 63.258
}