{
  "warpFactor": 18,
  "playerCount": 9,
  "moduleConfig": "beta",
  "moduleLabel": "Module Beta (Salamander Penalty)",
  "zetaOmitted": false,
  "games": 500,
  "objective": "points",
  "summary": {
    "games": 500,
    "playerCount": 9,
    "maxPip": 18,
    "objective": "points",
    "avgLegalMovesPerTurn": 2.0704864457908263,
    "avgUniqueTrainsPerTurn": 0.8960400734267234,
    "avgConstrainedTileFraction": 0.5667189613280045,
    "avgUniquePipsInHand": 8.12880150463168,
    "avgMaxPipCluster": 2.2577558034076577,
    "avgHandEntropy": 2.7114886545604753,
    "avgMoveValueSpread": 3.6557584347593135,
    "avgNearOptimalFraction": 0.8147127917583472,
    "avgOwnTrailPlayRate": 0,
    "avgShieldsDownRate": 0.20694466424864108
  },
  "skillIndicators": 3,
  "timestamp": "2026-07-14T01:48:15.647Z",
  "durationSeconds": 47.599
}