{
  "warpFactor": 15,
  "playerCount": 10,
  "moduleConfig": "gamma",
  "moduleLabel": "Module Gamma (Sensor Grid)",
  "zetaOmitted": false,
  "games": 500,
  "objective": "points",
  "summary": {
    "games": 500,
    "playerCount": 10,
    "maxPip": 15,
    "objective": "points",
    "avgLegalMovesPerTurn": 2.3585118522316777,
    "avgUniqueTrainsPerTurn": 1.0090689455277146,
    "avgConstrainedTileFraction": 0.5765955213842384,
    "avgUniquePipsInHand": 7.73769460001651,
    "avgMaxPipCluster": 2.356710816700227,
    "avgHandEntropy": 2.637853987417455,
    "avgMoveValueSpread": 3.7396181248336937,
    "avgNearOptimalFraction": 0.7767293185650762,
    "avgOwnTrailPlayRate": 0,
    "avgShieldsDownRate": 0.1793708075284576
  },
  "skillIndicators": 3,
  "timestamp": "2026-07-14T01:37:17.125Z",
  "durationSeconds": 36.734
}