{
  "warpFactor": 12,
  "playerCount": 2,
  "moduleConfig": "gamma",
  "moduleLabel": "Module Gamma (Sensor Grid)",
  "zetaOmitted": false,
  "games": 500,
  "objective": "points",
  "summary": {
    "games": 500,
    "playerCount": 2,
    "maxPip": 12,
    "objective": "points",
    "avgLegalMovesPerTurn": 1.6923534729613792,
    "avgUniqueTrainsPerTurn": 0.7663916630556135,
    "avgConstrainedTileFraction": 0.5496408799937762,
    "avgUniquePipsInHand": 7.223511520685186,
    "avgMaxPipCluster": 2.7723995061608364,
    "avgHandEntropy": 2.5164516069464464,
    "avgMoveValueSpread": 2.063448262606424,
    "avgNearOptimalFraction": 0.8350916107981063,
    "avgOwnTrailPlayRate": 0,
    "avgShieldsDownRate": 0.027041966313534446
  },
  "skillIndicators": 3,
  "timestamp": "2026-07-14T01:29:00.190Z",
  "durationSeconds": 12.786
}