{
  "warpFactor": 15,
  "playerCount": 12,
  "moduleConfig": "gamma",
  "moduleLabel": "Module Gamma (Sensor Grid)",
  "games": 500,
  "objective": "points",
  "summary": {
    "games": 500,
    "playerCount": 12,
    "maxPip": 15,
    "objective": "points",
    "avgLegalMovesPerTurn": 2.4853463923271026,
    "avgUniqueTrainsPerTurn": 1.0988464024967008,
    "avgConstrainedTileFraction": 0.6353159520526318,
    "avgUniquePipsInHand": 7.223966561621393,
    "avgMaxPipCluster": 2.2197108778188555,
    "avgHandEntropy": 2.568244295686108,
    "avgMoveValueSpread": 4.61804915827012,
    "avgNearOptimalFraction": 0.7390016619363925,
    "avgOwnTrailPlayRate": 0,
    "avgShieldsDownRate": 0.4894916559011408
  },
  "skillIndicators": 3,
  "timestamp": "2026-07-12T23:42:14.239Z",
  "durationSeconds": 173.448
}