{
  "warpFactor": 18,
  "playerCount": 17,
  "moduleConfig": "zeta",
  "moduleLabel": "Module Zeta (Squadrons)",
  "games": 500,
  "objective": "points",
  "summary": {
    "games": 500,
    "playerCount": 17,
    "maxPip": 18,
    "objective": "points",
    "avgLegalMovesPerTurn": 2.3253135067174866,
    "avgUniqueTrainsPerTurn": 0.9964239324305403,
    "avgConstrainedTileFraction": 0.5983629036682209,
    "avgUniquePipsInHand": 6.7800268730574365,
    "avgMaxPipCluster": 1.9139069651201657,
    "avgHandEntropy": 2.5347797457527625,
    "avgMoveValueSpread": 4.54171913280181,
    "avgNearOptimalFraction": 0.785040132180226,
    "avgOwnTrailPlayRate": 0,
    "avgShieldsDownRate": 0.6479310361378702
  },
  "skillIndicators": 3,
  "timestamp": "2026-07-13T00:41:01.391Z",
  "durationSeconds": 199.475
}