{
  "warpFactor": 18,
  "playerCount": 5,
  "moduleConfig": "all",
  "moduleLabel": "All Modules (stress test) (Zeta omitted — fleet too small/uneven)",
  "zetaOmitted": true,
  "games": 500,
  "objective": "points",
  "summary": {
    "games": 500,
    "playerCount": 5,
    "maxPip": 18,
    "objective": "points",
    "avgLegalMovesPerTurn": 1.86219884266318,
    "avgUniqueTrainsPerTurn": 0.7745373700387193,
    "avgConstrainedTileFraction": 0.5379247066214267,
    "avgUniquePipsInHand": 9.352309484711895,
    "avgMaxPipCluster": 2.677682176128439,
    "avgHandEntropy": 2.8868453836390304,
    "avgMoveValueSpread": 3.5360785904602845,
    "avgNearOptimalFraction": 0.8242262181133988,
    "avgOwnTrailPlayRate": 0,
    "avgShieldsDownRate": 0.049858989044420446
  },
  "skillIndicators": 3,
  "timestamp": "2026-07-14T01:45:33.700Z",
  "durationSeconds": 94.921
}