{
  "warpFactor": 15,
  "playerCount": 6,
  "moduleConfig": "gamma",
  "moduleLabel": "Module Gamma (Sensor Grid)",
  "zetaOmitted": false,
  "games": 500,
  "objective": "points",
  "summary": {
    "games": 500,
    "playerCount": 6,
    "maxPip": 15,
    "objective": "points",
    "avgLegalMovesPerTurn": 2.098182467409087,
    "avgUniqueTrainsPerTurn": 0.9820896026081105,
    "avgConstrainedTileFraction": 0.5981623764923698,
    "avgUniquePipsInHand": 8.053395121400671,
    "avgMaxPipCluster": 2.5328974559458914,
    "avgHandEntropy": 2.6603082213569595,
    "avgMoveValueSpread": 3.5715250215723033,
    "avgNearOptimalFraction": 0.7822046873136094,
    "avgOwnTrailPlayRate": 0,
    "avgShieldsDownRate": 0.0883271362991018
  },
  "skillIndicators": 3,
  "timestamp": "2026-07-14T01:34:26.186Z",
  "durationSeconds": 27.889
}