{
  "warpFactor": 18,
  "playerCount": 8,
  "moduleConfig": "official",
  "moduleLabel": "Official Warp 12 Preset",
  "zetaOmitted": false,
  "games": 500,
  "objective": "points",
  "summary": {
    "games": 500,
    "playerCount": 8,
    "maxPip": 18,
    "objective": "points",
    "avgLegalMovesPerTurn": 2.0626180529146794,
    "avgUniqueTrainsPerTurn": 0.8761379080734458,
    "avgConstrainedTileFraction": 0.5550438684384928,
    "avgUniquePipsInHand": 8.083220734500273,
    "avgMaxPipCluster": 2.2750231245333943,
    "avgHandEntropy": 2.666991461820647,
    "avgMoveValueSpread": 3.6100685730280206,
    "avgNearOptimalFraction": 0.8162436876454316,
    "avgOwnTrailPlayRate": 0,
    "avgShieldsDownRate": 0.15309004944976845
  },
  "skillIndicators": 3,
  "timestamp": "2026-07-14T01:47:50.546Z",
  "durationSeconds": 51.563
}