{
  "warpFactor": 9,
  "playerCount": 4,
  "moduleConfig": "delta",
  "moduleLabel": "Module Delta (Warp Drive Spool)",
  "zetaOmitted": false,
  "games": 500,
  "objective": "points",
  "summary": {
    "games": 500,
    "playerCount": 4,
    "maxPip": 9,
    "objective": "points",
    "avgLegalMovesPerTurn": 1.844306675296154,
    "avgUniqueTrainsPerTurn": 0.9453501626495445,
    "avgConstrainedTileFraction": 0.5388075571366094,
    "avgUniquePipsInHand": 5.34284320260725,
    "avgMaxPipCluster": 2.222470542508365,
    "avgHandEntropy": 2.1157873663050095,
    "avgMoveValueSpread": 1.6666287227305587,
    "avgNearOptimalFraction": 0.8326172973545912,
    "avgOwnTrailPlayRate": 0,
    "avgShieldsDownRate": 0.15182781383480334
  },
  "skillIndicators": 2,
  "timestamp": "2026-07-14T01:28:42.684Z",
  "durationSeconds": 3.214
}