{
  "warpFactor": 18,
  "playerCount": 2,
  "moduleConfig": "beta",
  "moduleLabel": "Module Beta (Salamander Penalty)",
  "zetaOmitted": false,
  "games": 500,
  "objective": "points",
  "summary": {
    "games": 500,
    "playerCount": 2,
    "maxPip": 18,
    "objective": "points",
    "avgLegalMovesPerTurn": 1.5029917808705802,
    "avgUniqueTrainsPerTurn": 0.6180846609558924,
    "avgConstrainedTileFraction": 0.4996381694620485,
    "avgUniquePipsInHand": 10.177366541290034,
    "avgMaxPipCluster": 3.081714617600317,
    "avgHandEntropy": 3.0176887263895704,
    "avgMoveValueSpread": 2.270133434142625,
    "avgNearOptimalFraction": 0.8715169348531786,
    "avgOwnTrailPlayRate": 0,
    "avgShieldsDownRate": 0.017509972132670346
  },
  "skillIndicators": 2,
  "timestamp": "2026-07-14T01:40:25.111Z",
  "durationSeconds": 71.76
}