{
  "warpFactor": 12,
  "playerCount": 8,
  "moduleConfig": "beta",
  "moduleLabel": "Module Beta (Salamander Penalty)",
  "zetaOmitted": false,
  "games": 500,
  "objective": "points",
  "summary": {
    "games": 500,
    "playerCount": 8,
    "maxPip": 12,
    "objective": "points",
    "avgLegalMovesPerTurn": 2.5212668668245892,
    "avgUniqueTrainsPerTurn": 1.1193702678195272,
    "avgConstrainedTileFraction": 0.5915295587494551,
    "avgUniquePipsInHand": 7.433910325833038,
    "avgMaxPipCluster": 2.594486256758422,
    "avgHandEntropy": 2.563577455489982,
    "avgMoveValueSpread": 3.6180253231658845,
    "avgNearOptimalFraction": 0.7307244082394473,
    "avgOwnTrailPlayRate": 0,
    "avgShieldsDownRate": 0.1342219979582323
  },
  "skillIndicators": 3,
  "timestamp": "2026-07-14T01:31:16.931Z",
  "durationSeconds": 18.206
}