{
  "warpFactor": 18,
  "playerCount": 17,
  "moduleConfig": "gamma",
  "moduleLabel": "Module Gamma (Sensor Grid)",
  "zetaOmitted": false,
  "games": 500,
  "objective": "points",
  "summary": {
    "games": 500,
    "playerCount": 17,
    "maxPip": 18,
    "objective": "points",
    "avgLegalMovesPerTurn": 2.490651066856628,
    "avgUniqueTrainsPerTurn": 0.8445780907451457,
    "avgConstrainedTileFraction": 0.5266537208510067,
    "avgUniquePipsInHand": 7.359878900011998,
    "avgMaxPipCluster": 2.020260411179826,
    "avgHandEntropy": 2.633668867279241,
    "avgMoveValueSpread": 3.3128455413192945,
    "avgNearOptimalFraction": 0.8351896607780772,
    "avgOwnTrailPlayRate": 0,
    "avgShieldsDownRate": 0.4505061764793571
  },
  "skillIndicators": 3,
  "timestamp": "2026-07-14T01:58:52.753Z",
  "durationSeconds": 62.274
}