{
  "warpFactor": 15,
  "playerCount": 2,
  "moduleConfig": "alpha",
  "moduleLabel": "Module Alpha (Continuum)",
  "zetaOmitted": false,
  "games": 500,
  "objective": "points",
  "summary": {
    "games": 500,
    "playerCount": 2,
    "maxPip": 15,
    "objective": "points",
    "avgLegalMovesPerTurn": 1.5428109097114717,
    "avgUniqueTrainsPerTurn": 0.6519265385675017,
    "avgConstrainedTileFraction": 0.5060454664729328,
    "avgUniquePipsInHand": 8.631974728434574,
    "avgMaxPipCluster": 2.9020669469219507,
    "avgHandEntropy": 2.781576285696703,
    "avgMoveValueSpread": 2.0448509607139864,
    "avgNearOptimalFraction": 0.864365205335462,
    "avgOwnTrailPlayRate": 0,
    "avgShieldsDownRate": 0.021880542456101888
  },
  "skillIndicators": 3,
  "timestamp": "2026-07-14T01:31:51.952Z",
  "durationSeconds": 29.818
}