{
  "warpFactor": 18,
  "playerCount": 13,
  "moduleConfig": "official",
  "moduleLabel": "Official Warp 12 Preset",
  "games": 500,
  "objective": "points",
  "summary": {
    "games": 500,
    "playerCount": 13,
    "maxPip": 18,
    "objective": "points",
    "avgLegalMovesPerTurn": 2.199743529616878,
    "avgUniqueTrainsPerTurn": 0.7061511059469949,
    "avgConstrainedTileFraction": 0.43131598031216806,
    "avgUniquePipsInHand": 5.249810414101519,
    "avgMaxPipCluster": 1.6546989987402791,
    "avgHandEntropy": 2.0763580818925766,
    "avgMoveValueSpread": 3.3174908051760066,
    "avgNearOptimalFraction": 0.8462584640779356,
    "avgOwnTrailPlayRate": 0,
    "avgShieldsDownRate": 0.3151512402563161
  },
  "skillIndicators": 2,
  "timestamp": "2026-07-13T00:36:21.498Z",
  "durationSeconds": 636.29
}