{
  "warpFactor": 12,
  "playerCount": 6,
  "moduleConfig": "delta",
  "moduleLabel": "Module Delta (Warp Drive Spool)",
  "zetaOmitted": false,
  "games": 500,
  "objective": "points",
  "summary": {
    "games": 500,
    "playerCount": 6,
    "maxPip": 12,
    "objective": "points",
    "avgLegalMovesPerTurn": 2.397824357949678,
    "avgUniqueTrainsPerTurn": 1.1194318454777603,
    "avgConstrainedTileFraction": 0.6271825654580486,
    "avgUniquePipsInHand": 7.63434342047203,
    "avgMaxPipCluster": 2.7387871235443995,
    "avgHandEntropy": 2.5896637841689545,
    "avgMoveValueSpread": 3.605663980238995,
    "avgNearOptimalFraction": 0.729313786898654,
    "avgOwnTrailPlayRate": 0,
    "avgShieldsDownRate": 0.0914481902737961
  },
  "skillIndicators": 3,
  "timestamp": "2026-07-14T01:30:29.473Z",
  "durationSeconds": 13.251
}