{
  "warpFactor": 18,
  "playerCount": 8,
  "moduleConfig": "official",
  "moduleLabel": "Official Warp 12 Preset",
  "games": 500,
  "objective": "points",
  "summary": {
    "games": 500,
    "playerCount": 8,
    "maxPip": 18,
    "objective": "points",
    "avgLegalMovesPerTurn": 1.8966386849384067,
    "avgUniqueTrainsPerTurn": 0.6611210222301708,
    "avgConstrainedTileFraction": 0.44266696034000813,
    "avgUniquePipsInHand": 5.37556714202354,
    "avgMaxPipCluster": 1.7155744409134714,
    "avgHandEntropy": 2.0918253902388626,
    "avgMoveValueSpread": 2.6492960915814905,
    "avgNearOptimalFraction": 0.8747502457426785,
    "avgOwnTrailPlayRate": 0,
    "avgShieldsDownRate": 0.13949455251045548
  },
  "skillIndicators": 2,
  "timestamp": "2026-07-13T00:17:28.136Z",
  "durationSeconds": 658.973
}