{
  "warpFactor": 18,
  "playerCount": 12,
  "moduleConfig": "none",
  "moduleLabel": "Baseline (no modules)",
  "zetaOmitted": false,
  "games": 500,
  "objective": "points",
  "summary": {
    "games": 500,
    "playerCount": 12,
    "maxPip": 18,
    "objective": "points",
    "avgLegalMovesPerTurn": 2.2802834521557287,
    "avgUniqueTrainsPerTurn": 0.9062704203260951,
    "avgConstrainedTileFraction": 0.5607896286272647,
    "avgUniquePipsInHand": 8.016155203840382,
    "avgMaxPipCluster": 2.1970831278490257,
    "avgHandEntropy": 2.7123260880830586,
    "avgMoveValueSpread": 3.8172009393371544,
    "avgNearOptimalFraction": 0.8084785421958924,
    "avgOwnTrailPlayRate": 0,
    "avgShieldsDownRate": 0.2838875889663238
  },
  "skillIndicators": 3,
  "timestamp": "2026-07-14T01:51:31.726Z",
  "durationSeconds": 55.988
}