{
  "warpFactor": 15,
  "playerCount": 12,
  "moduleConfig": "lambda",
  "moduleLabel": "Module Lambda (Wormholes)",
  "zetaOmitted": false,
  "games": 500,
  "objective": "points",
  "summary": {
    "games": 500,
    "playerCount": 12,
    "maxPip": 15,
    "objective": "points",
    "avgLegalMovesPerTurn": 2.457601533271632,
    "avgUniqueTrainsPerTurn": 0.9818416604156865,
    "avgConstrainedTileFraction": 0.561472015438166,
    "avgUniquePipsInHand": 7.564933187581425,
    "avgMaxPipCluster": 2.28387066360388,
    "avgHandEntropy": 2.6224986615924486,
    "avgMoveValueSpread": 3.6168126355985324,
    "avgNearOptimalFraction": 0.7846987513109173,
    "avgOwnTrailPlayRate": 0,
    "avgShieldsDownRate": 0.23281903473058152
  },
  "skillIndicators": 3,
  "timestamp": "2026-07-14T01:39:33.526Z",
  "durationSeconds": 43.833
}