{
  "warpFactor": 15,
  "playerCount": 4,
  "moduleConfig": "beta",
  "moduleLabel": "Module Beta (Salamander Penalty)",
  "zetaOmitted": false,
  "games": 500,
  "objective": "points",
  "summary": {
    "games": 500,
    "playerCount": 4,
    "maxPip": 15,
    "objective": "points",
    "avgLegalMovesPerTurn": 1.9233949452274546,
    "avgUniqueTrainsPerTurn": 0.8922649027765279,
    "avgConstrainedTileFraction": 0.5864653048028449,
    "avgUniquePipsInHand": 8.160414306034435,
    "avgMaxPipCluster": 2.6616878402083524,
    "avgHandEntropy": 2.6707706458850673,
    "avgMoveValueSpread": 3.159873535249959,
    "avgNearOptimalFraction": 0.8018113015301463,
    "avgOwnTrailPlayRate": 0,
    "avgShieldsDownRate": 0.04956985962450876
  },
  "skillIndicators": 3,
  "timestamp": "2026-07-14T01:33:02.044Z",
  "durationSeconds": 23.674
}