{
  "warpFactor": 15,
  "playerCount": 8,
  "moduleConfig": "iota",
  "moduleLabel": "Module Iota (Double Down)",
  "zetaOmitted": false,
  "games": 500,
  "objective": "points",
  "summary": {
    "games": 500,
    "playerCount": 8,
    "maxPip": 15,
    "objective": "points",
    "avgLegalMovesPerTurn": 2.323113310247193,
    "avgUniqueTrainsPerTurn": 1.042052604984744,
    "avgConstrainedTileFraction": 0.6090724801900556,
    "avgUniquePipsInHand": 8.15640385772589,
    "avgMaxPipCluster": 2.507850777871592,
    "avgHandEntropy": 2.7002712527832324,
    "avgMoveValueSpread": 4.054214688088858,
    "avgNearOptimalFraction": 0.7587473789231604,
    "avgOwnTrailPlayRate": 0,
    "avgShieldsDownRate": 0.1168960325031663
  },
  "skillIndicators": 3,
  "timestamp": "2026-07-14T01:36:07.390Z",
  "durationSeconds": 34.445
}