{
  "warpFactor": 18,
  "playerCount": 10,
  "moduleConfig": "none",
  "moduleLabel": "Baseline (no modules)",
  "zetaOmitted": false,
  "games": 500,
  "objective": "points",
  "summary": {
    "games": 500,
    "playerCount": 10,
    "maxPip": 18,
    "objective": "points",
    "avgLegalMovesPerTurn": 2.1732231731769565,
    "avgUniqueTrainsPerTurn": 0.9223933088811621,
    "avgConstrainedTileFraction": 0.5721690738700018,
    "avgUniquePipsInHand": 8.228703109041314,
    "avgMaxPipCluster": 2.2673548490218365,
    "avgHandEntropy": 2.731402514885448,
    "avgMoveValueSpread": 3.8940647384231575,
    "avgNearOptimalFraction": 0.8040418506752546,
    "avgOwnTrailPlayRate": 0,
    "avgShieldsDownRate": 0.21571444592493022
  },
  "skillIndicators": 3,
  "timestamp": "2026-07-14T01:49:10.460Z",
  "durationSeconds": 51.808
}