{
  "warpFactor": 15,
  "playerCount": 11,
  "moduleConfig": "gamma",
  "moduleLabel": "Module Gamma (Sensor Grid)",
  "games": 500,
  "objective": "points",
  "summary": {
    "games": 500,
    "playerCount": 11,
    "maxPip": 15,
    "objective": "points",
    "avgLegalMovesPerTurn": 2.3895026294378505,
    "avgUniqueTrainsPerTurn": 1.0783852278079356,
    "avgConstrainedTileFraction": 0.6329844338227544,
    "avgUniquePipsInHand": 7.163656874310328,
    "avgMaxPipCluster": 2.2081223560609953,
    "avgHandEntropy": 2.5539858972566276,
    "avgMoveValueSpread": 4.388391456570843,
    "avgNearOptimalFraction": 0.7508017321501714,
    "avgOwnTrailPlayRate": 0,
    "avgShieldsDownRate": 0.47449027768698293
  },
  "skillIndicators": 3,
  "timestamp": "2026-07-12T23:40:34.273Z",
  "durationSeconds": 194.044
}