{
  "warpFactor": 15,
  "playerCount": 4,
  "moduleConfig": "epsilon",
  "moduleLabel": "Module Epsilon (Drafting)",
  "zetaOmitted": false,
  "games": 500,
  "objective": "points",
  "summary": {
    "games": 500,
    "playerCount": 4,
    "maxPip": 15,
    "objective": "points",
    "avgLegalMovesPerTurn": 1.307441829885561,
    "avgUniqueTrainsPerTurn": 0.6116850604129528,
    "avgConstrainedTileFraction": 0.40427416223177576,
    "avgUniquePipsInHand": 5.611323749267261,
    "avgMaxPipCluster": 1.8140228349676764,
    "avgHandEntropy": 1.837907900481995,
    "avgMoveValueSpread": 2.226633782318054,
    "avgNearOptimalFraction": 0.8634968554684911,
    "avgOwnTrailPlayRate": 0,
    "avgShieldsDownRate": 0.34167000360582256
  },
  "skillIndicators": 2,
  "timestamp": "2026-07-14T01:33:17.871Z",
  "durationSeconds": 30.408
}