{
  "warpFactor": 15,
  "playerCount": 11,
  "moduleConfig": "all",
  "moduleLabel": "All Modules (stress test)",
  "games": 500,
  "objective": "points",
  "summary": {
    "games": 500,
    "playerCount": 11,
    "maxPip": 15,
    "objective": "points",
    "avgLegalMovesPerTurn": 2.7904354786351147,
    "avgUniqueTrainsPerTurn": 0.9711101675210276,
    "avgConstrainedTileFraction": 0.5599942414405568,
    "avgUniquePipsInHand": 7.429571789542004,
    "avgMaxPipCluster": 2.28433291222928,
    "avgHandEntropy": 2.5907301371298304,
    "avgMoveValueSpread": 4.760551719994443,
    "avgNearOptimalFraction": 0.7438789373198159,
    "avgOwnTrailPlayRate": 0,
    "avgShieldsDownRate": 0.38599794819380034
  },
  "skillIndicators": 3,
  "timestamp": "2026-07-12T23:42:32.265Z",
  "durationSeconds": 256.998
}