{
  "warpFactor": 12,
  "playerCount": 8,
  "moduleConfig": "eta",
  "moduleLabel": "Module Eta (Temporal Debt)",
  "zetaOmitted": false,
  "games": 500,
  "objective": "points",
  "summary": {
    "games": 500,
    "playerCount": 8,
    "maxPip": 12,
    "objective": "points",
    "avgLegalMovesPerTurn": 2.5146488141946066,
    "avgUniqueTrainsPerTurn": 1.121249589147128,
    "avgConstrainedTileFraction": 0.593417737400502,
    "avgUniquePipsInHand": 7.429013329213157,
    "avgMaxPipCluster": 2.5915749693455665,
    "avgHandEntropy": 2.5618972045735546,
    "avgMoveValueSpread": 3.635875643141048,
    "avgNearOptimalFraction": 0.7310194726292463,
    "avgOwnTrailPlayRate": 0,
    "avgShieldsDownRate": 0.13473976493600887
  },
  "skillIndicators": 3,
  "timestamp": "2026-07-14T01:31:21.186Z",
  "durationSeconds": 15.231
}