{
  "warpFactor": 18,
  "playerCount": 18,
  "moduleConfig": "all",
  "moduleLabel": "All Modules (stress test)",
  "zetaOmitted": false,
  "games": 500,
  "objective": "points",
  "summary": {
    "games": 500,
    "playerCount": 18,
    "maxPip": 18,
    "objective": "points",
    "avgLegalMovesPerTurn": 2.0953031510683813,
    "avgUniqueTrainsPerTurn": 0.8592920264879819,
    "avgConstrainedTileFraction": 0.5230564660954876,
    "avgUniquePipsInHand": 7.164883211286886,
    "avgMaxPipCluster": 1.9893326282993156,
    "avgHandEntropy": 2.5895294205501798,
    "avgMoveValueSpread": 3.6413857352747585,
    "avgNearOptimalFraction": 0.825064665551203,
    "avgOwnTrailPlayRate": 0,
    "avgShieldsDownRate": 0.1337797241403135
  },
  "skillIndicators": 3,
  "timestamp": "2026-07-14T02:01:58.025Z",
  "durationSeconds": 105.341
}