{
  "warpFactor": 18,
  "playerCount": 5,
  "moduleConfig": "none",
  "moduleLabel": "Baseline (no modules)",
  "zetaOmitted": false,
  "games": 500,
  "objective": "points",
  "summary": {
    "games": 500,
    "playerCount": 5,
    "maxPip": 18,
    "objective": "points",
    "avgLegalMovesPerTurn": 1.7304570453425245,
    "avgUniqueTrainsPerTurn": 0.8069276119464421,
    "avgConstrainedTileFraction": 0.5546424770384838,
    "avgUniquePipsInHand": 8.219572245316167,
    "avgMaxPipCluster": 2.375246658832258,
    "avgHandEntropy": 2.6954116969075,
    "avgMoveValueSpread": 3.0338478661760817,
    "avgNearOptimalFraction": 0.8424419385415751,
    "avgOwnTrailPlayRate": 0,
    "avgShieldsDownRate": 0.07903793917802478
  },
  "skillIndicators": 3,
  "timestamp": "2026-07-14T01:43:45.000Z",
  "durationSeconds": 42.698
}