{
  "warpFactor": 18,
  "playerCount": 14,
  "moduleConfig": "beta",
  "moduleLabel": "Module Beta (Salamander Penalty)",
  "zetaOmitted": false,
  "games": 500,
  "objective": "points",
  "summary": {
    "games": 500,
    "playerCount": 14,
    "maxPip": 18,
    "objective": "points",
    "avgLegalMovesPerTurn": 2.3596279093570365,
    "avgUniqueTrainsPerTurn": 0.8739915782109109,
    "avgConstrainedTileFraction": 0.5452062869546661,
    "avgUniquePipsInHand": 7.713101612388006,
    "avgMaxPipCluster": 2.1088886456138365,
    "avgHandEntropy": 2.6777980352473465,
    "avgMoveValueSpread": 3.578528420305811,
    "avgNearOptimalFraction": 0.8209488553914579,
    "avgOwnTrailPlayRate": 0,
    "avgShieldsDownRate": 0.3626296258150897
  },
  "skillIndicators": 3,
  "timestamp": "2026-07-14T01:54:21.379Z",
  "durationSeconds": 56.82
}