{
  "warpFactor": 15,
  "playerCount": 8,
  "moduleConfig": "official",
  "moduleLabel": "Official Warp 12 Preset",
  "zetaOmitted": false,
  "games": 500,
  "objective": "points",
  "summary": {
    "games": 500,
    "playerCount": 8,
    "maxPip": 15,
    "objective": "points",
    "avgLegalMovesPerTurn": 2.2409867274275657,
    "avgUniqueTrainsPerTurn": 0.9602818019184822,
    "avgConstrainedTileFraction": 0.5630244614913694,
    "avgUniquePipsInHand": 7.596131514473322,
    "avgMaxPipCluster": 2.359346945222837,
    "avgHandEntropy": 2.574441376959301,
    "avgMoveValueSpread": 3.4981572413326614,
    "avgNearOptimalFraction": 0.7886890014722122,
    "avgOwnTrailPlayRate": 0,
    "avgShieldsDownRate": 0.13018881035983929
  },
  "skillIndicators": 3,
  "timestamp": "2026-07-14T01:36:20.037Z",
  "durationSeconds": 35.692
}