{
  "warpFactor": 15,
  "playerCount": 12,
  "moduleConfig": "zeta",
  "moduleLabel": "Module Zeta (Squadrons)",
  "zetaOmitted": false,
  "games": 500,
  "objective": "points",
  "summary": {
    "games": 500,
    "playerCount": 12,
    "maxPip": 15,
    "objective": "points",
    "avgLegalMovesPerTurn": 1.990247044516523,
    "avgUniqueTrainsPerTurn": 1.0160957878937418,
    "avgConstrainedTileFraction": 0.6070225378331647,
    "avgUniquePipsInHand": 7.2226905739306995,
    "avgMaxPipCluster": 2.2044016398686903,
    "avgHandEntropy": 2.563793307397165,
    "avgMoveValueSpread": 3.396922646323542,
    "avgNearOptimalFraction": 0.7983238768857368,
    "avgOwnTrailPlayRate": 0,
    "avgShieldsDownRate": 0.07321582856388176
  },
  "skillIndicators": 3,
  "timestamp": "2026-07-14T01:39:47.242Z",
  "durationSeconds": 48.1
}