{
  "warpFactor": 12,
  "playerCount": 8,
  "moduleConfig": "lambda",
  "moduleLabel": "Module Lambda (Wormholes)",
  "zetaOmitted": false,
  "games": 500,
  "objective": "points",
  "summary": {
    "games": 500,
    "playerCount": 8,
    "maxPip": 12,
    "objective": "points",
    "avgLegalMovesPerTurn": 2.4965632202253016,
    "avgUniqueTrainsPerTurn": 1.1134601653150449,
    "avgConstrainedTileFraction": 0.5927248796496446,
    "avgUniquePipsInHand": 7.42024053265263,
    "avgMaxPipCluster": 2.5929522927080972,
    "avgHandEntropy": 2.5596556862762863,
    "avgMoveValueSpread": 3.6041894541666157,
    "avgNearOptimalFraction": 0.7329689939970137,
    "avgOwnTrailPlayRate": 0,
    "avgShieldsDownRate": 0.12915989920661974
  },
  "skillIndicators": 3,
  "timestamp": "2026-07-14T01:31:34.406Z",
  "durationSeconds": 20.446
}