{
  "warpFactor": 12,
  "playerCount": 4,
  "moduleConfig": "alpha",
  "moduleLabel": "Module Alpha (Continuum)",
  "zetaOmitted": false,
  "games": 500,
  "objective": "points",
  "summary": {
    "games": 500,
    "playerCount": 4,
    "maxPip": 12,
    "objective": "points",
    "avgLegalMovesPerTurn": 2.264269769999204,
    "avgUniqueTrainsPerTurn": 1.0575619319385987,
    "avgConstrainedTileFraction": 0.6380577137852081,
    "avgUniquePipsInHand": 7.738957158355508,
    "avgMaxPipCluster": 2.880386108478558,
    "avgHandEntropy": 2.599580991946386,
    "avgMoveValueSpread": 3.4127834865086855,
    "avgNearOptimalFraction": 0.7383381846291498,
    "avgOwnTrailPlayRate": 0,
    "avgShieldsDownRate": 0.05691558574409755
  },
  "skillIndicators": 3,
  "timestamp": "2026-07-14T01:29:39.145Z",
  "durationSeconds": 14.239
}