{
  "warpFactor": 12,
  "playerCount": 4,
  "moduleConfig": "none",
  "moduleLabel": "Baseline (no modules)",
  "zetaOmitted": false,
  "games": 500,
  "objective": "points",
  "summary": {
    "games": 500,
    "playerCount": 4,
    "maxPip": 12,
    "objective": "points",
    "avgLegalMovesPerTurn": 2.2655008025422756,
    "avgUniqueTrainsPerTurn": 1.058710937869283,
    "avgConstrainedTileFraction": 0.6394248101074214,
    "avgUniquePipsInHand": 7.721370043210694,
    "avgMaxPipCluster": 2.8781712743062826,
    "avgHandEntropy": 2.5945583031715898,
    "avgMoveValueSpread": 3.4036187416899955,
    "avgNearOptimalFraction": 0.7384478655279044,
    "avgOwnTrailPlayRate": 0,
    "avgShieldsDownRate": 0.05723080244480463
  },
  "skillIndicators": 3,
  "timestamp": "2026-07-14T01:29:39.555Z",
  "durationSeconds": 14.649
}