{
  "warpFactor": 9,
  "playerCount": 4,
  "moduleConfig": "beta",
  "moduleLabel": "Module Beta (Salamander Penalty)",
  "games": 500,
  "objective": "points",
  "summary": {
    "games": 500,
    "playerCount": 4,
    "maxPip": 9,
    "objective": "points",
    "avgLegalMovesPerTurn": 1.8376578056249884,
    "avgUniqueTrainsPerTurn": 0.9692256940580347,
    "avgConstrainedTileFraction": 0.5890488583698713,
    "avgUniquePipsInHand": 5.088070327544745,
    "avgMaxPipCluster": 2.1666411745811165,
    "avgHandEntropy": 2.046358589860493,
    "avgMoveValueSpread": 1.8243026557182755,
    "avgNearOptimalFraction": 0.8229885755039413,
    "avgOwnTrailPlayRate": 0,
    "avgShieldsDownRate": 0.35379988422550784
  },
  "skillIndicators": 2,
  "timestamp": "2026-07-12T23:04:50.890Z",
  "durationSeconds": 37.554
}