{
  "warpFactor": 18,
  "playerCount": 18,
  "moduleConfig": "lambda",
  "moduleLabel": "Module Lambda (Wormholes)",
  "zetaOmitted": false,
  "games": 500,
  "objective": "points",
  "summary": {
    "games": 500,
    "playerCount": 18,
    "maxPip": 18,
    "objective": "points",
    "avgLegalMovesPerTurn": 2.569898587513068,
    "avgUniqueTrainsPerTurn": 0.8448279751080425,
    "avgConstrainedTileFraction": 0.5282242557173132,
    "avgUniquePipsInHand": 7.372588848192967,
    "avgMaxPipCluster": 2.0207423165829193,
    "avgHandEntropy": 2.6374386417693505,
    "avgMoveValueSpread": 3.3852713105732093,
    "avgNearOptimalFraction": 0.8318447269292906,
    "avgOwnTrailPlayRate": 0,
    "avgShieldsDownRate": 0.4534553761842185
  },
  "skillIndicators": 3,
  "timestamp": "2026-07-14T02:01:24.475Z",
  "durationSeconds": 78.28
}