{
  "warpFactor": 18,
  "playerCount": 8,
  "moduleConfig": "theta",
  "moduleLabel": "Module Theta (Longest Trail)",
  "zetaOmitted": false,
  "games": 500,
  "objective": "points",
  "summary": {
    "games": 500,
    "playerCount": 8,
    "maxPip": 18,
    "objective": "points",
    "avgLegalMovesPerTurn": 2.029001979694421,
    "avgUniqueTrainsPerTurn": 0.9072146479729228,
    "avgConstrainedTileFraction": 0.5756404346290668,
    "avgUniquePipsInHand": 8.301245083118108,
    "avgMaxPipCluster": 2.3176092803049286,
    "avgHandEntropy": 2.726406504236284,
    "avgMoveValueSpread": 3.751279062766317,
    "avgNearOptimalFraction": 0.8101290752618732,
    "avgOwnTrailPlayRate": 0,
    "avgShieldsDownRate": 0.15832615025575894
  },
  "skillIndicators": 3,
  "timestamp": "2026-07-14T01:47:31.125Z",
  "durationSeconds": 45.475
}