{
  "warpFactor": 15,
  "playerCount": 7,
  "moduleConfig": "gamma",
  "moduleLabel": "Module Gamma (Sensor Grid)",
  "zetaOmitted": false,
  "games": 500,
  "objective": "points",
  "summary": {
    "games": 500,
    "playerCount": 7,
    "maxPip": 15,
    "objective": "points",
    "avgLegalMovesPerTurn": 2.083649516198001,
    "avgUniqueTrainsPerTurn": 0.9607501338191505,
    "avgConstrainedTileFraction": 0.5784564042537169,
    "avgUniquePipsInHand": 7.684988307922984,
    "avgMaxPipCluster": 2.3874541265977265,
    "avgHandEntropy": 2.6099607013163872,
    "avgMoveValueSpread": 3.351087508881913,
    "avgNearOptimalFraction": 0.7969072748435122,
    "avgOwnTrailPlayRate": 0,
    "avgShieldsDownRate": 0.12833167703250445
  },
  "skillIndicators": 3,
  "timestamp": "2026-07-14T01:35:08.561Z",
  "durationSeconds": 27.4
}