{
  "warpFactor": 18,
  "playerCount": 12,
  "moduleConfig": "beta",
  "moduleLabel": "Module Beta (Salamander Penalty)",
  "zetaOmitted": false,
  "games": 500,
  "objective": "points",
  "summary": {
    "games": 500,
    "playerCount": 12,
    "maxPip": 18,
    "objective": "points",
    "avgLegalMovesPerTurn": 2.2865828744198233,
    "avgUniqueTrainsPerTurn": 0.9057563586260119,
    "avgConstrainedTileFraction": 0.5610135026875139,
    "avgUniquePipsInHand": 8.035118351315537,
    "avgMaxPipCluster": 2.2005143595837007,
    "avgHandEntropy": 2.7174043873069773,
    "avgMoveValueSpread": 3.819903987360941,
    "avgNearOptimalFraction": 0.8078008707644255,
    "avgOwnTrailPlayRate": 0,
    "avgShieldsDownRate": 0.28581347808255836
  },
  "skillIndicators": 3,
  "timestamp": "2026-07-14T01:51:41.997Z",
  "durationSeconds": 55.039
}