{
  "warpFactor": 18,
  "playerCount": 6,
  "moduleConfig": "official",
  "moduleLabel": "Official Warp 12 Preset",
  "games": 500,
  "objective": "points",
  "summary": {
    "games": 500,
    "playerCount": 6,
    "maxPip": 18,
    "objective": "points",
    "avgLegalMovesPerTurn": 1.769195079415188,
    "avgUniqueTrainsPerTurn": 0.6678498645476214,
    "avgConstrainedTileFraction": 0.4677350497048754,
    "avgUniquePipsInHand": 5.918798655722265,
    "avgMaxPipCluster": 1.8726659966420987,
    "avgHandEntropy": 2.2115341849856045,
    "avgMoveValueSpread": 2.5182223854555104,
    "avgNearOptimalFraction": 0.8789391502697502,
    "avgOwnTrailPlayRate": 0,
    "avgShieldsDownRate": 0.09101580078211653
  },
  "skillIndicators": 2,
  "timestamp": "2026-07-13T00:09:31.364Z",
  "durationSeconds": 616.429
}