{
  "warpFactor": 12,
  "playerCount": 4,
  "moduleConfig": "delta",
  "moduleLabel": "Module Delta (Warp Drive Spool)",
  "zetaOmitted": false,
  "games": 500,
  "objective": "points",
  "summary": {
    "games": 500,
    "playerCount": 4,
    "maxPip": 12,
    "objective": "points",
    "avgLegalMovesPerTurn": 2.2698565103221022,
    "avgUniqueTrainsPerTurn": 1.060951763512355,
    "avgConstrainedTileFraction": 0.6395757414233496,
    "avgUniquePipsInHand": 7.7289245384266545,
    "avgMaxPipCluster": 2.8836344601380626,
    "avgHandEntropy": 2.594977591171175,
    "avgMoveValueSpread": 3.4083297711221006,
    "avgNearOptimalFraction": 0.737954516439583,
    "avgOwnTrailPlayRate": 0,
    "avgShieldsDownRate": 0.057291529918344845
  },
  "skillIndicators": 3,
  "timestamp": "2026-07-14T01:29:40.470Z",
  "durationSeconds": 11.804
}