{
  "warpFactor": 9,
  "playerCount": 4,
  "moduleConfig": "official",
  "moduleLabel": "Official Warp 12 Preset",
  "zetaOmitted": false,
  "games": 500,
  "objective": "points",
  "summary": {
    "games": 500,
    "playerCount": 4,
    "maxPip": 9,
    "objective": "points",
    "avgLegalMovesPerTurn": 1.9103445158209276,
    "avgUniqueTrainsPerTurn": 0.870827516307809,
    "avgConstrainedTileFraction": 0.4966933706680784,
    "avgUniquePipsInHand": 5.086157459461673,
    "avgMaxPipCluster": 2.1413039342479174,
    "avgHandEntropy": 2.030047978008318,
    "avgMoveValueSpread": 1.5223401251487905,
    "avgNearOptimalFraction": 0.8453950008122596,
    "avgOwnTrailPlayRate": 0,
    "avgShieldsDownRate": 0.1375782945496953
  },
  "skillIndicators": 1,
  "timestamp": "2026-07-14T01:28:52.385Z",
  "durationSeconds": 5.19
}