{
  "warpFactor": 15,
  "playerCount": 10,
  "moduleConfig": "beta",
  "moduleLabel": "Module Beta (Salamander Penalty)",
  "zetaOmitted": false,
  "games": 500,
  "objective": "points",
  "summary": {
    "games": 500,
    "playerCount": 10,
    "maxPip": 15,
    "objective": "points",
    "avgLegalMovesPerTurn": 2.371290652106151,
    "avgUniqueTrainsPerTurn": 1.0099914101667782,
    "avgConstrainedTileFraction": 0.575815080282237,
    "avgUniquePipsInHand": 7.764461985245232,
    "avgMaxPipCluster": 2.365195330046567,
    "avgHandEntropy": 2.643802207676545,
    "avgMoveValueSpread": 3.7309217427895884,
    "avgNearOptimalFraction": 0.7761298985706683,
    "avgOwnTrailPlayRate": 0,
    "avgShieldsDownRate": 0.18022430931073374
  },
  "skillIndicators": 3,
  "timestamp": "2026-07-14T01:37:15.857Z",
  "durationSeconds": 36.492
}