{
  "warpFactor": 18,
  "playerCount": 2,
  "moduleConfig": "delta",
  "moduleLabel": "Module Delta (Warp Drive Spool)",
  "zetaOmitted": false,
  "games": 500,
  "objective": "points",
  "summary": {
    "games": 500,
    "playerCount": 2,
    "maxPip": 18,
    "objective": "points",
    "avgLegalMovesPerTurn": 1.5036547140016225,
    "avgUniqueTrainsPerTurn": 0.617661152610877,
    "avgConstrainedTileFraction": 0.4995178525069862,
    "avgUniquePipsInHand": 10.184103923287605,
    "avgMaxPipCluster": 3.0866836167957543,
    "avgHandEntropy": 3.0189720493307357,
    "avgMoveValueSpread": 2.2769743662581567,
    "avgNearOptimalFraction": 0.871392546689355,
    "avgOwnTrailPlayRate": 0,
    "avgShieldsDownRate": 0.0177315650459863
  },
  "skillIndicators": 2,
  "timestamp": "2026-07-14T01:40:27.058Z",
  "durationSeconds": 64.727
}