{
  "warpFactor": 12,
  "playerCount": 4,
  "moduleConfig": "all",
  "moduleLabel": "All Modules (stress test)",
  "zetaOmitted": false,
  "games": 500,
  "objective": "points",
  "summary": {
    "games": 500,
    "playerCount": 4,
    "maxPip": 12,
    "objective": "points",
    "avgLegalMovesPerTurn": 2.1722229812077405,
    "avgUniqueTrainsPerTurn": 1.0232975212458424,
    "avgConstrainedTileFraction": 0.6880123115345719,
    "avgUniquePipsInHand": 8.476574157719172,
    "avgMaxPipCluster": 3.255657996121701,
    "avgHandEntropy": 2.727138186817479,
    "avgMoveValueSpread": 3.4893881342192166,
    "avgNearOptimalFraction": 0.7312811722865756,
    "avgOwnTrailPlayRate": 0,
    "avgShieldsDownRate": 0.021468557028259238
  },
  "skillIndicators": 3,
  "timestamp": "2026-07-14T01:30:01.230Z",
  "durationSeconds": 17.781
}