{
  "warpFactor": 12,
  "playerCount": 5,
  "moduleConfig": "epsilon",
  "moduleLabel": "Module Epsilon (Drafting)",
  "games": 500,
  "objective": "points",
  "summary": {
    "games": 500,
    "playerCount": 5,
    "maxPip": 12,
    "objective": "points",
    "avgLegalMovesPerTurn": 52.61234720416125,
    "avgUniqueTrainsPerTurn": 0.8093013904171263,
    "avgConstrainedTileFraction": 0.11603138055845598,
    "avgUniquePipsInHand": 5.375271381414425,
    "avgMaxPipCluster": 28.286359307792342,
    "avgHandEntropy": 1.5306279142729942,
    "avgMoveValueSpread": 5.885708912673807,
    "avgNearOptimalFraction": 0.6444781048501012,
    "avgOwnTrailPlayRate": 0,
    "avgShieldsDownRate": 0.5734624387316195
  },
  "skillIndicators": 3,
  "timestamp": "2026-07-13T03:42:47.500Z",
  "durationSeconds": 5191.178
}