{
  "warpFactor": 18,
  "playerCount": 14,
  "moduleConfig": "all",
  "moduleLabel": "All Modules (stress test)",
  "zetaOmitted": false,
  "games": 500,
  "objective": "points",
  "summary": {
    "games": 500,
    "playerCount": 14,
    "maxPip": 18,
    "objective": "points",
    "avgLegalMovesPerTurn": 1.9285483200798492,
    "avgUniqueTrainsPerTurn": 0.852353824004386,
    "avgConstrainedTileFraction": 0.5434551904015742,
    "avgUniquePipsInHand": 7.492783264015681,
    "avgMaxPipCluster": 2.0884338819284047,
    "avgHandEntropy": 2.6297850593507484,
    "avgMoveValueSpread": 3.5373912502855513,
    "avgNearOptimalFraction": 0.8278788955900371,
    "avgOwnTrailPlayRate": 0,
    "avgShieldsDownRate": 0.08238088780837442
  },
  "skillIndicators": 3,
  "timestamp": "2026-07-14T01:56:07.886Z",
  "durationSeconds": 101.743
}