{
  "warpFactor": 12,
  "playerCount": 7,
  "moduleConfig": "official",
  "moduleLabel": "Official Warp 12 Preset",
  "games": 500,
  "objective": "points",
  "summary": {
    "games": 500,
    "playerCount": 7,
    "maxPip": 12,
    "objective": "points",
    "avgLegalMovesPerTurn": 2.3098820072626256,
    "avgUniqueTrainsPerTurn": 0.9795881033572553,
    "avgConstrainedTileFraction": 0.5765526227793378,
    "avgUniquePipsInHand": 6.135051105683372,
    "avgMaxPipCluster": 2.284655973657104,
    "avgHandEntropy": 2.2482324508538882,
    "avgMoveValueSpread": 3.1936509042249637,
    "avgNearOptimalFraction": 0.7722431458131177,
    "avgOwnTrailPlayRate": 0,
    "avgShieldsDownRate": 0.2700315862353386
  },
  "skillIndicators": 3,
  "timestamp": "2026-07-12T23:15:24.257Z",
  "durationSeconds": 168.408
}