{
  "warpFactor": 9,
  "playerCount": 2,
  "moduleConfig": "gamma",
  "moduleLabel": "Module Gamma (Sensor Grid)",
  "zetaOmitted": false,
  "games": 500,
  "objective": "points",
  "summary": {
    "games": 500,
    "playerCount": 2,
    "maxPip": 9,
    "objective": "points",
    "avgLegalMovesPerTurn": 1.835207908824566,
    "avgUniqueTrainsPerTurn": 0.8922895794616418,
    "avgConstrainedTileFraction": 0.581508046049647,
    "avgUniquePipsInHand": 5.905454096116512,
    "avgMaxPipCluster": 2.617749125222762,
    "avgHandEntropy": 2.2391462968782183,
    "avgMoveValueSpread": 1.9064478683441395,
    "avgNearOptimalFraction": 0.8043220903330836,
    "avgOwnTrailPlayRate": 0,
    "avgShieldsDownRate": 0.048746902693965914
  },
  "skillIndicators": 2,
  "timestamp": "2026-07-14T01:28:26.841Z",
  "durationSeconds": 3.71
}