{
  "warpFactor": 15,
  "playerCount": 3,
  "moduleConfig": "none",
  "moduleLabel": "Baseline (no modules)",
  "zetaOmitted": false,
  "games": 500,
  "objective": "points",
  "summary": {
    "games": 500,
    "playerCount": 3,
    "maxPip": 15,
    "objective": "points",
    "avgLegalMovesPerTurn": 1.6897348376989187,
    "avgUniqueTrainsPerTurn": 0.7688721620887992,
    "avgConstrainedTileFraction": 0.545954671360783,
    "avgUniquePipsInHand": 7.998053931006781,
    "avgMaxPipCluster": 2.633706639614174,
    "avgHandEntropy": 2.6558223837416652,
    "avgMoveValueSpread": 2.4912025395465127,
    "avgNearOptimalFraction": 0.841198374874688,
    "avgOwnTrailPlayRate": 0,
    "avgShieldsDownRate": 0.035538096719277296
  },
  "skillIndicators": 3,
  "timestamp": "2026-07-14T01:32:24.207Z",
  "durationSeconds": 26.017
}