{
  "warpFactor": 18,
  "playerCount": 6,
  "moduleConfig": "all",
  "moduleLabel": "All Modules (stress test)",
  "games": 500,
  "objective": "points",
  "summary": {
    "games": 500,
    "playerCount": 6,
    "maxPip": 18,
    "objective": "points",
    "avgLegalMovesPerTurn": 2.2280908590529176,
    "avgUniqueTrainsPerTurn": 0.8392086484120029,
    "avgConstrainedTileFraction": 0.5475651273916736,
    "avgUniquePipsInHand": 8.975567341796351,
    "avgMaxPipCluster": 2.611190920741154,
    "avgHandEntropy": 2.8113249102835622,
    "avgMoveValueSpread": 4.621637302682703,
    "avgNearOptimalFraction": 0.7904755660179361,
    "avgOwnTrailPlayRate": 0,
    "avgShieldsDownRate": 0.12106875568172132
  },
  "skillIndicators": 3,
  "timestamp": "2026-07-13T00:08:23.769Z",
  "durationSeconds": 538.173
}