{
  "warpFactor": 9,
  "playerCount": 4,
  "moduleConfig": "none",
  "moduleLabel": "Baseline (no modules)",
  "zetaOmitted": false,
  "games": 500,
  "objective": "points",
  "summary": {
    "games": 500,
    "playerCount": 4,
    "maxPip": 9,
    "objective": "points",
    "avgLegalMovesPerTurn": 1.8482138988970704,
    "avgUniqueTrainsPerTurn": 0.9450926738587421,
    "avgConstrainedTileFraction": 0.5365726332377314,
    "avgUniquePipsInHand": 5.338165824391798,
    "avgMaxPipCluster": 2.223824357760259,
    "avgHandEntropy": 2.1131403784289997,
    "avgMoveValueSpread": 1.6657349747722843,
    "avgNearOptimalFraction": 0.8320870005651811,
    "avgOwnTrailPlayRate": 0,
    "avgShieldsDownRate": 0.14964829164150414
  },
  "skillIndicators": 2,
  "timestamp": "2026-07-14T01:28:43.222Z",
  "durationSeconds": 3.947
}