{
  "warpFactor": 18,
  "playerCount": 10,
  "moduleConfig": "all",
  "moduleLabel": "All Modules (stress test)",
  "zetaOmitted": false,
  "games": 500,
  "objective": "points",
  "summary": {
    "games": 500,
    "playerCount": 10,
    "maxPip": 18,
    "objective": "points",
    "avgLegalMovesPerTurn": 1.7826213557113384,
    "avgUniqueTrainsPerTurn": 0.8316843254152162,
    "avgConstrainedTileFraction": 0.5611458625691644,
    "avgUniquePipsInHand": 8.07754801621992,
    "avgMaxPipCluster": 2.269977558442073,
    "avgHandEntropy": 2.704657131729269,
    "avgMoveValueSpread": 3.383706278297343,
    "avgNearOptimalFraction": 0.8319921293484849,
    "avgOwnTrailPlayRate": 0,
    "avgShieldsDownRate": 0.04089009596670555
  },
  "skillIndicators": 3,
  "timestamp": "2026-07-14T01:51:00.640Z",
  "durationSeconds": 102.965
}