{
  "warpFactor": 18,
  "playerCount": 12,
  "moduleConfig": "gamma",
  "moduleLabel": "Module Gamma (Sensor Grid)",
  "zetaOmitted": false,
  "games": 500,
  "objective": "points",
  "summary": {
    "games": 500,
    "playerCount": 12,
    "maxPip": 18,
    "objective": "points",
    "avgLegalMovesPerTurn": 2.2758489705837692,
    "avgUniqueTrainsPerTurn": 0.9036087778636901,
    "avgConstrainedTileFraction": 0.5608293923189741,
    "avgUniquePipsInHand": 8.02393817105029,
    "avgMaxPipCluster": 2.199527453798909,
    "avgHandEntropy": 2.7147698546736794,
    "avgMoveValueSpread": 3.8106697825156775,
    "avgNearOptimalFraction": 0.8089614578181961,
    "avgOwnTrailPlayRate": 0,
    "avgShieldsDownRate": 0.28501189207245065
  },
  "skillIndicators": 3,
  "timestamp": "2026-07-14T01:51:59.785Z",
  "durationSeconds": 56.158
}