{
  "warpFactor": 18,
  "playerCount": 15,
  "moduleConfig": "all",
  "moduleLabel": "All Modules (stress test) (Zeta omitted — fleet too small/uneven)",
  "zetaOmitted": true,
  "games": 500,
  "objective": "points",
  "summary": {
    "games": 500,
    "playerCount": 15,
    "maxPip": 18,
    "objective": "points",
    "avgLegalMovesPerTurn": 2.606312071013639,
    "avgUniqueTrainsPerTurn": 0.8255055655032435,
    "avgConstrainedTileFraction": 0.5106016814027408,
    "avgUniquePipsInHand": 7.901889146663756,
    "avgMaxPipCluster": 2.153825769783024,
    "avgHandEntropy": 2.7040592508414565,
    "avgMoveValueSpread": 4.02458363836075,
    "avgNearOptimalFraction": 0.807412528406441,
    "avgOwnTrailPlayRate": 0,
    "avgShieldsDownRate": 0.3419673616042193
  },
  "skillIndicators": 3,
  "timestamp": "2026-07-14T01:57:00.492Z",
  "durationSeconds": 73.746
}