{
  "warpFactor": 18,
  "playerCount": 3,
  "moduleConfig": "alpha",
  "moduleLabel": "Module Alpha (Continuum)",
  "zetaOmitted": false,
  "games": 500,
  "objective": "points",
  "summary": {
    "games": 500,
    "playerCount": 3,
    "maxPip": 18,
    "objective": "points",
    "avgLegalMovesPerTurn": 1.5353629998428393,
    "avgUniqueTrainsPerTurn": 0.6834820454215894,
    "avgConstrainedTileFraction": 0.5198424539113157,
    "avgUniquePipsInHand": 8.810125417834634,
    "avgMaxPipCluster": 2.6139745940452217,
    "avgHandEntropy": 2.8042682997009574,
    "avgMoveValueSpread": 2.414022279708204,
    "avgNearOptimalFraction": 0.8695651946443961,
    "avgOwnTrailPlayRate": 0,
    "avgShieldsDownRate": 0.02909523824108108
  },
  "skillIndicators": 3,
  "timestamp": "2026-07-14T01:41:27.582Z",
  "durationSeconds": 57.574
}