{
  "warpFactor": 12,
  "playerCount": 2,
  "moduleConfig": "epsilon",
  "moduleLabel": "Module Epsilon (Drafting)",
  "zetaOmitted": false,
  "games": 500,
  "objective": "points",
  "summary": {
    "games": 500,
    "playerCount": 2,
    "maxPip": 12,
    "objective": "points",
    "avgLegalMovesPerTurn": 1.3231940951265508,
    "avgUniqueTrainsPerTurn": 0.5990607582364577,
    "avgConstrainedTileFraction": 0.42927679415756065,
    "avgUniquePipsInHand": 5.638967097492359,
    "avgMaxPipCluster": 2.164913007234023,
    "avgHandEntropy": 1.9659020154431954,
    "avgMoveValueSpread": 1.64284133647172,
    "avgNearOptimalFraction": 0.8701298641516436,
    "avgOwnTrailPlayRate": 0,
    "avgShieldsDownRate": 0.23725441322277427
  },
  "skillIndicators": 1,
  "timestamp": "2026-07-14T01:29:07.230Z",
  "durationSeconds": 13.708
}