{
  "warpFactor": 15,
  "playerCount": 10,
  "moduleConfig": "all",
  "moduleLabel": "All Modules (stress test)",
  "zetaOmitted": false,
  "games": 500,
  "objective": "points",
  "summary": {
    "games": 500,
    "playerCount": 10,
    "maxPip": 15,
    "objective": "points",
    "avgLegalMovesPerTurn": 1.9574458820961205,
    "avgUniqueTrainsPerTurn": 0.9148445772056156,
    "avgConstrainedTileFraction": 0.5842598506141072,
    "avgUniquePipsInHand": 7.736412230718018,
    "avgMaxPipCluster": 2.384114870204087,
    "avgHandEntropy": 2.6266407993687744,
    "avgMoveValueSpread": 3.3565700781260928,
    "avgNearOptimalFraction": 0.8010024458935717,
    "avgOwnTrailPlayRate": 0,
    "avgShieldsDownRate": 0.04896018694584868
  },
  "skillIndicators": 3,
  "timestamp": "2026-07-14T01:38:12.909Z",
  "durationSeconds": 56.36
}