{
  "warpFactor": 15,
  "playerCount": 6,
  "moduleConfig": "epsilon",
  "moduleLabel": "Module Epsilon (Drafting)",
  "zetaOmitted": false,
  "games": 500,
  "objective": "points",
  "summary": {
    "games": 500,
    "playerCount": 6,
    "maxPip": 15,
    "objective": "points",
    "avgLegalMovesPerTurn": 1.2951170193260297,
    "avgUniqueTrainsPerTurn": 0.6110894972489497,
    "avgConstrainedTileFraction": 0.37418844419451425,
    "avgUniquePipsInHand": 5.026925307056498,
    "avgMaxPipCluster": 1.5616651253951073,
    "avgHandEntropy": 1.6620670528287522,
    "avgMoveValueSpread": 2.3049336096277404,
    "avgNearOptimalFraction": 0.8640230463653529,
    "avgOwnTrailPlayRate": 0,
    "avgShieldsDownRate": 0.4267105930711727
  },
  "skillIndicators": 2,
  "timestamp": "2026-07-14T01:34:37.896Z",
  "durationSeconds": 33.048
}