{
  "warpFactor": 12,
  "playerCount": 3,
  "moduleConfig": "all",
  "moduleLabel": "All Modules (stress test)",
  "games": 500,
  "objective": "points",
  "summary": {
    "games": 500,
    "playerCount": 3,
    "maxPip": 12,
    "objective": "points",
    "avgLegalMovesPerTurn": 2.1893948811322357,
    "avgUniqueTrainsPerTurn": 0.9208247191143173,
    "avgConstrainedTileFraction": 0.6078000090233224,
    "avgUniquePipsInHand": 8.135867860012821,
    "avgMaxPipCluster": 3.325246470533328,
    "avgHandEntropy": 2.635384748947344,
    "avgMoveValueSpread": 3.1657756585492867,
    "avgNearOptimalFraction": 0.7722920553533477,
    "avgOwnTrailPlayRate": 0,
    "avgShieldsDownRate": 0.09908423430158476
  },
  "skillIndicators": 3,
  "timestamp": "2026-07-12T23:09:16.394Z",
  "durationSeconds": 153.967
}