{
  "warpFactor": 15,
  "playerCount": 11,
  "moduleConfig": "beta",
  "moduleLabel": "Module Beta (Salamander Penalty)",
  "zetaOmitted": false,
  "games": 500,
  "objective": "points",
  "summary": {
    "games": 500,
    "playerCount": 11,
    "maxPip": 15,
    "objective": "points",
    "avgLegalMovesPerTurn": 2.3724836587563307,
    "avgUniqueTrainsPerTurn": 0.9757161858476369,
    "avgConstrainedTileFraction": 0.5591194607959505,
    "avgUniquePipsInHand": 7.497046496917111,
    "avgMaxPipCluster": 2.270189018685282,
    "avgHandEntropy": 2.6076815976648406,
    "avgMoveValueSpread": 3.4761068961907755,
    "avgNearOptimalFraction": 0.791391021094096,
    "avgOwnTrailPlayRate": 0,
    "avgShieldsDownRate": 0.23263367332436893
  },
  "skillIndicators": 3,
  "timestamp": "2026-07-14T01:38:06.784Z",
  "durationSeconds": 35.329
}