{
  "warpFactor": 15,
  "playerCount": 8,
  "moduleConfig": "none",
  "moduleLabel": "Baseline (no modules)",
  "zetaOmitted": false,
  "games": 500,
  "objective": "points",
  "summary": {
    "games": 500,
    "playerCount": 8,
    "maxPip": 15,
    "objective": "points",
    "avgLegalMovesPerTurn": 2.212420977729921,
    "avgUniqueTrainsPerTurn": 1.0008554726075365,
    "avgConstrainedTileFraction": 0.5872201327094239,
    "avgUniquePipsInHand": 7.83696568830659,
    "avgMaxPipCluster": 2.415695886179371,
    "avgHandEntropy": 2.6403762551791288,
    "avgMoveValueSpread": 3.6453714512825903,
    "avgNearOptimalFraction": 0.780712025371087,
    "avgOwnTrailPlayRate": 0,
    "avgShieldsDownRate": 0.13697382216951134
  },
  "skillIndicators": 3,
  "timestamp": "2026-07-14T01:35:36.364Z",
  "durationSeconds": 29.945
}