{
  "warpFactor": 15,
  "playerCount": 5,
  "moduleConfig": "epsilon",
  "moduleLabel": "Module Epsilon (Drafting)",
  "zetaOmitted": false,
  "games": 500,
  "objective": "points",
  "summary": {
    "games": 500,
    "playerCount": 5,
    "maxPip": 15,
    "objective": "points",
    "avgLegalMovesPerTurn": 1.2636609235947565,
    "avgUniqueTrainsPerTurn": 0.6038183998226186,
    "avgConstrainedTileFraction": 0.38503443112307567,
    "avgUniquePipsInHand": 5.173374441617496,
    "avgMaxPipCluster": 1.6274870198217908,
    "avgHandEntropy": 1.733183526629568,
    "avgMoveValueSpread": 2.1344070097551384,
    "avgNearOptimalFraction": 0.8723073455332894,
    "avgOwnTrailPlayRate": 0,
    "avgShieldsDownRate": 0.38575654412656885
  },
  "skillIndicators": 2,
  "timestamp": "2026-07-14T01:34:01.441Z",
  "durationSeconds": 29.118
}