{
  "warpFactor": 12,
  "playerCount": 8,
  "moduleConfig": "official",
  "moduleLabel": "Official Warp 12 Preset",
  "zetaOmitted": false,
  "games": 500,
  "objective": "points",
  "summary": {
    "games": 500,
    "playerCount": 8,
    "maxPip": 12,
    "objective": "points",
    "avgLegalMovesPerTurn": 2.522393349966985,
    "avgUniqueTrainsPerTurn": 1.0822179606298694,
    "avgConstrainedTileFraction": 0.5730183119401554,
    "avgUniquePipsInHand": 7.25493180031512,
    "avgMaxPipCluster": 2.5384680090753124,
    "avgHandEntropy": 2.5128556311146593,
    "avgMoveValueSpread": 3.494053952156188,
    "avgNearOptimalFraction": 0.7399434150783522,
    "avgOwnTrailPlayRate": 0,
    "avgShieldsDownRate": 0.1302673279303254
  },
  "skillIndicators": 3,
  "timestamp": "2026-07-14T01:31:38.942Z",
  "durationSeconds": 20.763
}