{
  "warpFactor": 15,
  "playerCount": 5,
  "moduleConfig": "gamma",
  "moduleLabel": "Module Gamma (Sensor Grid)",
  "zetaOmitted": false,
  "games": 500,
  "objective": "points",
  "summary": {
    "games": 500,
    "playerCount": 5,
    "maxPip": 15,
    "objective": "points",
    "avgLegalMovesPerTurn": 1.919947349590401,
    "avgUniqueTrainsPerTurn": 0.9086519118172572,
    "avgConstrainedTileFraction": 0.5802644020603276,
    "avgUniquePipsInHand": 7.781432075804276,
    "avgMaxPipCluster": 2.477385175852754,
    "avgHandEntropy": 2.6115759202049293,
    "avgMoveValueSpread": 3.1027686331945747,
    "avgNearOptimalFraction": 0.8084974529461242,
    "avgOwnTrailPlayRate": 0,
    "avgShieldsDownRate": 0.07915387383444059
  },
  "skillIndicators": 3,
  "timestamp": "2026-07-14T01:33:46.707Z",
  "durationSeconds": 24.512
}