{
  "warpFactor": 15,
  "playerCount": 5,
  "moduleConfig": "theta",
  "moduleLabel": "Module Theta (Longest Trail)",
  "zetaOmitted": false,
  "games": 500,
  "objective": "points",
  "summary": {
    "games": 500,
    "playerCount": 5,
    "maxPip": 15,
    "objective": "points",
    "avgLegalMovesPerTurn": 1.929085099453859,
    "avgUniqueTrainsPerTurn": 0.9128972411252539,
    "avgConstrainedTileFraction": 0.5807608101394244,
    "avgUniquePipsInHand": 7.792674406874812,
    "avgMaxPipCluster": 2.4835045029097915,
    "avgHandEntropy": 2.6133202129765247,
    "avgMoveValueSpread": 3.1322427453009967,
    "avgNearOptimalFraction": 0.8070957006018223,
    "avgOwnTrailPlayRate": 0,
    "avgShieldsDownRate": 0.07891654450073088
  },
  "skillIndicators": 3,
  "timestamp": "2026-07-14T01:34:01.792Z",
  "durationSeconds": 24.72
}