{
  "warpFactor": 12,
  "playerCount": 3,
  "moduleConfig": "gamma",
  "moduleLabel": "Module Gamma (Sensor Grid)",
  "zetaOmitted": false,
  "games": 500,
  "objective": "points",
  "summary": {
    "games": 500,
    "playerCount": 3,
    "maxPip": 12,
    "objective": "points",
    "avgLegalMovesPerTurn": 1.9782218449474207,
    "avgUniqueTrainsPerTurn": 0.9279584470382563,
    "avgConstrainedTileFraction": 0.6008396675397202,
    "avgUniquePipsInHand": 7.3171113922224125,
    "avgMaxPipCluster": 2.753248283071074,
    "avgHandEntropy": 2.5218482368755146,
    "avgMoveValueSpread": 2.7577999869702463,
    "avgNearOptimalFraction": 0.7855679236114016,
    "avgOwnTrailPlayRate": 0,
    "avgShieldsDownRate": 0.044010241602195466
  },
  "skillIndicators": 3,
  "timestamp": "2026-07-14T01:29:21.520Z",
  "durationSeconds": 12.779
}