{
  "warpFactor": 12,
  "playerCount": 6,
  "moduleConfig": "official",
  "moduleLabel": "Official Warp 12 Preset",
  "zetaOmitted": false,
  "games": 500,
  "objective": "points",
  "summary": {
    "games": 500,
    "playerCount": 6,
    "maxPip": 12,
    "objective": "points",
    "avgLegalMovesPerTurn": 2.398172562005143,
    "avgUniqueTrainsPerTurn": 1.0764095580896427,
    "avgConstrainedTileFraction": 0.605990590172714,
    "avgUniquePipsInHand": 7.456793852141409,
    "avgMaxPipCluster": 2.6813944105534007,
    "avgHandEntropy": 2.5406086939471852,
    "avgMoveValueSpread": 3.434948986557123,
    "avgNearOptimalFraction": 0.7400210772667729,
    "avgOwnTrailPlayRate": 0,
    "avgShieldsDownRate": 0.08750342844712625
  },
  "skillIndicators": 3,
  "timestamp": "2026-07-14T01:30:43.778Z",
  "durationSeconds": 18.853
}