{
  "warpFactor": 18,
  "playerCount": 7,
  "moduleConfig": "kappa",
  "moduleLabel": "Module Kappa (Temporal Inversion)",
  "zetaOmitted": false,
  "games": 500,
  "objective": "points",
  "summary": {
    "games": 500,
    "playerCount": 7,
    "maxPip": 18,
    "objective": "points",
    "avgLegalMovesPerTurn": 1.903280377308315,
    "avgUniqueTrainsPerTurn": 0.8683454536019617,
    "avgConstrainedTileFraction": 0.5650441817171665,
    "avgUniquePipsInHand": 8.146954327792884,
    "avgMaxPipCluster": 2.2902765808092895,
    "avgHandEntropy": 2.697628860063529,
    "avgMoveValueSpread": 3.409777922526139,
    "avgNearOptimalFraction": 0.8285880452798611,
    "avgOwnTrailPlayRate": 0,
    "avgShieldsDownRate": 0.14655774662038584
  },
  "skillIndicators": 3,
  "timestamp": "2026-07-14T01:46:31.796Z",
  "durationSeconds": 40.868
}