{
  "warpFactor": 18,
  "playerCount": 18,
  "moduleConfig": "beta",
  "moduleLabel": "Module Beta (Salamander Penalty)",
  "zetaOmitted": false,
  "games": 500,
  "objective": "points",
  "summary": {
    "games": 500,
    "playerCount": 18,
    "maxPip": 18,
    "objective": "points",
    "avgLegalMovesPerTurn": 2.5757893360820057,
    "avgUniqueTrainsPerTurn": 0.8486531273570098,
    "avgConstrainedTileFraction": 0.5268465792828338,
    "avgUniquePipsInHand": 7.3898514050571285,
    "avgMaxPipCluster": 2.0231164852870056,
    "avgHandEntropy": 2.6417749091777774,
    "avgMoveValueSpread": 3.389672752505138,
    "avgNearOptimalFraction": 0.831367200801094,
    "avgOwnTrailPlayRate": 0,
    "avgShieldsDownRate": 0.45781951503133766
  },
  "skillIndicators": 3,
  "timestamp": "2026-07-14T02:00:21.707Z",
  "durationSeconds": 76.744
}