{
  "warpFactor": 18,
  "playerCount": 3,
  "moduleConfig": "none",
  "moduleLabel": "Baseline (no modules)",
  "zetaOmitted": false,
  "games": 500,
  "objective": "points",
  "summary": {
    "games": 500,
    "playerCount": 3,
    "maxPip": 18,
    "objective": "points",
    "avgLegalMovesPerTurn": 1.5352942626578439,
    "avgUniqueTrainsPerTurn": 0.6842673177127114,
    "avgConstrainedTileFraction": 0.520072139785562,
    "avgUniquePipsInHand": 8.799112401205939,
    "avgMaxPipCluster": 2.6127125116388625,
    "avgHandEntropy": 2.8006087046448873,
    "avgMoveValueSpread": 2.4174347848734064,
    "avgNearOptimalFraction": 0.869449680702194,
    "avgOwnTrailPlayRate": 0,
    "avgShieldsDownRate": 0.0286976584103154
  },
  "skillIndicators": 3,
  "timestamp": "2026-07-14T01:41:27.665Z",
  "durationSeconds": 59.414
}