{
  "warpFactor": 15,
  "playerCount": 5,
  "moduleConfig": "all",
  "moduleLabel": "All Modules (stress test)",
  "games": 500,
  "objective": "points",
  "summary": {
    "games": 500,
    "playerCount": 5,
    "maxPip": 15,
    "objective": "points",
    "avgLegalMovesPerTurn": 2.1949441946873764,
    "avgUniqueTrainsPerTurn": 0.8745663713276077,
    "avgConstrainedTileFraction": 0.5672339666030056,
    "avgUniquePipsInHand": 8.265988321135714,
    "avgMaxPipCluster": 2.7233057595718124,
    "avgHandEntropy": 2.6812028757598045,
    "avgMoveValueSpread": 3.848854459855143,
    "avgNearOptimalFraction": 0.7862962700845724,
    "avgOwnTrailPlayRate": 0,
    "avgShieldsDownRate": 0.12175447068007068
  },
  "skillIndicators": 3,
  "timestamp": "2026-07-12T23:28:28.536Z",
  "durationSeconds": 294.445
}