{
  "warpFactor": 12,
  "playerCount": 5,
  "moduleConfig": "epsilon",
  "moduleLabel": "Module Epsilon (Drafting)",
  "zetaOmitted": false,
  "games": 500,
  "objective": "points",
  "summary": {
    "games": 500,
    "playerCount": 5,
    "maxPip": 12,
    "objective": "points",
    "avgLegalMovesPerTurn": 1.3083701275582644,
    "avgUniqueTrainsPerTurn": 0.631018178965399,
    "avgConstrainedTileFraction": 0.369456022713632,
    "avgUniquePipsInHand": 4.4075178135954225,
    "avgMaxPipCluster": 1.5735564720482857,
    "avgHandEntropy": 1.5202872447764113,
    "avgMoveValueSpread": 1.9946432382353232,
    "avgNearOptimalFraction": 0.8541624008696412,
    "avgOwnTrailPlayRate": 0,
    "avgShieldsDownRate": 0.4436312284426925
  },
  "skillIndicators": 0,
  "timestamp": "2026-07-14T01:30:12.921Z",
  "durationSeconds": 16.992
}