{
  "warpFactor": 15,
  "playerCount": 6,
  "moduleConfig": "zeta",
  "moduleLabel": "Module Zeta (Squadrons)",
  "zetaOmitted": false,
  "games": 500,
  "objective": "points",
  "summary": {
    "games": 500,
    "playerCount": 6,
    "maxPip": 15,
    "objective": "points",
    "avgLegalMovesPerTurn": 1.7865604925879643,
    "avgUniqueTrainsPerTurn": 0.9258133726471572,
    "avgConstrainedTileFraction": 0.6137142129271264,
    "avgUniquePipsInHand": 7.723263489582072,
    "avgMaxPipCluster": 2.4583493490002413,
    "avgHandEntropy": 2.612755282920339,
    "avgMoveValueSpread": 3.027220116603591,
    "avgNearOptimalFraction": 0.8123772676508133,
    "avgOwnTrailPlayRate": 0,
    "avgShieldsDownRate": 0.029838305450832183
  },
  "skillIndicators": 3,
  "timestamp": "2026-07-14T01:34:59.881Z",
  "durationSeconds": 30.577
}