{
  "warpFactor": 15,
  "playerCount": 8,
  "moduleConfig": "eta",
  "moduleLabel": "Module Eta (Temporal Debt)",
  "zetaOmitted": false,
  "games": 500,
  "objective": "points",
  "summary": {
    "games": 500,
    "playerCount": 8,
    "maxPip": 15,
    "objective": "points",
    "avgLegalMovesPerTurn": 2.2167264876269073,
    "avgUniqueTrainsPerTurn": 1.0011845830832822,
    "avgConstrainedTileFraction": 0.5864999471488548,
    "avgUniquePipsInHand": 7.83788008452074,
    "avgMaxPipCluster": 2.419965635401831,
    "avgHandEntropy": 2.6410163623266416,
    "avgMoveValueSpread": 3.647872372259441,
    "avgNearOptimalFraction": 0.7806469324454002,
    "avgOwnTrailPlayRate": 0,
    "avgShieldsDownRate": 0.13564749019995107
  },
  "skillIndicators": 3,
  "timestamp": "2026-07-14T01:35:52.467Z",
  "durationSeconds": 24.275
}