{
  "warpFactor": 18,
  "playerCount": 11,
  "moduleConfig": "all",
  "moduleLabel": "All Modules (stress test) (Zeta omitted — fleet too small/uneven)",
  "zetaOmitted": true,
  "games": 500,
  "objective": "points",
  "summary": {
    "games": 500,
    "playerCount": 11,
    "maxPip": 18,
    "objective": "points",
    "avgLegalMovesPerTurn": 2.325597943624215,
    "avgUniqueTrainsPerTurn": 0.8294255346829122,
    "avgConstrainedTileFraction": 0.5232975999228959,
    "avgUniquePipsInHand": 8.100837335785943,
    "avgMaxPipCluster": 2.2345286457331865,
    "avgHandEntropy": 2.716231630081851,
    "avgMoveValueSpread": 3.9967857851807396,
    "avgNearOptimalFraction": 0.807857315535028,
    "avgOwnTrailPlayRate": 0,
    "avgShieldsDownRate": 0.22788997659464927
  },
  "skillIndicators": 3,
  "timestamp": "2026-07-14T01:51:42.407Z",
  "durationSeconds": 71.319
}