{
  "warpFactor": 12,
  "playerCount": 3,
  "moduleConfig": "official",
  "moduleLabel": "Official Warp 12 Preset",
  "games": 500,
  "objective": "points",
  "summary": {
    "games": 500,
    "playerCount": 3,
    "maxPip": 12,
    "objective": "points",
    "avgLegalMovesPerTurn": 1.8821438780299191,
    "avgUniqueTrainsPerTurn": 0.7954419584124359,
    "avgConstrainedTileFraction": 0.5319969577827858,
    "avgUniquePipsInHand": 6.103896059841283,
    "avgMaxPipCluster": 2.4594428600463605,
    "avgHandEntropy": 2.2217016486345282,
    "avgMoveValueSpread": 2.2083637837790735,
    "avgNearOptimalFraction": 0.8383173985539354,
    "avgOwnTrailPlayRate": 0,
    "avgShieldsDownRate": 0.09482470310242393
  },
  "skillIndicators": 3,
  "timestamp": "2026-07-12T23:09:19.996Z",
  "durationSeconds": 158.111
}