{
  "warpFactor": 15,
  "playerCount": 4,
  "moduleConfig": "iota",
  "moduleLabel": "Module Iota (Double Down)",
  "zetaOmitted": false,
  "games": 500,
  "objective": "points",
  "summary": {
    "games": 500,
    "playerCount": 4,
    "maxPip": 15,
    "objective": "points",
    "avgLegalMovesPerTurn": 2.0763761120307156,
    "avgUniqueTrainsPerTurn": 0.9645541075456188,
    "avgConstrainedTileFraction": 0.6264593788678907,
    "avgUniquePipsInHand": 8.74699171525851,
    "avgMaxPipCluster": 2.83725007358477,
    "avgHandEntropy": 2.7812133234984575,
    "avgMoveValueSpread": 3.713889814878221,
    "avgNearOptimalFraction": 0.7690871736523575,
    "avgOwnTrailPlayRate": 0,
    "avgShieldsDownRate": 0.04248962329641467
  },
  "skillIndicators": 3,
  "timestamp": "2026-07-14T01:33:29.427Z",
  "durationSeconds": 29.88
}