{
  "warpFactor": 15,
  "playerCount": 4,
  "moduleConfig": "none",
  "moduleLabel": "Baseline (no modules)",
  "zetaOmitted": false,
  "games": 500,
  "objective": "points",
  "summary": {
    "games": 500,
    "playerCount": 4,
    "maxPip": 15,
    "objective": "points",
    "avgLegalMovesPerTurn": 1.9183962803721764,
    "avgUniqueTrainsPerTurn": 0.8902634544252502,
    "avgConstrainedTileFraction": 0.5863734738274324,
    "avgUniquePipsInHand": 8.155805962333913,
    "avgMaxPipCluster": 2.6537223864923987,
    "avgHandEntropy": 2.669592625798392,
    "avgMoveValueSpread": 3.157172625612291,
    "avgNearOptimalFraction": 0.8024564653478082,
    "avgOwnTrailPlayRate": 0,
    "avgShieldsDownRate": 0.04881131247527581
  },
  "skillIndicators": 3,
  "timestamp": "2026-07-14T01:33:00.599Z",
  "durationSeconds": 26.49
}