{
  "warpFactor": 18,
  "playerCount": 14,
  "moduleConfig": "all",
  "moduleLabel": "All Modules (stress test)",
  "games": 500,
  "objective": "points",
  "summary": {
    "games": 500,
    "playerCount": 14,
    "maxPip": 18,
    "objective": "points",
    "avgLegalMovesPerTurn": 2.7194937294569033,
    "avgUniqueTrainsPerTurn": 0.9093226959226066,
    "avgConstrainedTileFraction": 0.5366050653941068,
    "avgUniquePipsInHand": 7.500164422553356,
    "avgMaxPipCluster": 2.091245053378144,
    "avgHandEntropy": 2.640378653744149,
    "avgMoveValueSpread": 5.200302052515074,
    "avgNearOptimalFraction": 0.7654965061756877,
    "avgOwnTrailPlayRate": 0,
    "avgShieldsDownRate": 0.47109566304169564
  },
  "skillIndicators": 3,
  "timestamp": "2026-07-13T00:34:51.414Z",
  "durationSeconds": 338.184
}