{
  "warpFactor": 15,
  "playerCount": 9,
  "moduleConfig": "official",
  "moduleLabel": "Official Warp 12 Preset",
  "zetaOmitted": false,
  "games": 500,
  "objective": "points",
  "summary": {
    "games": 500,
    "playerCount": 9,
    "maxPip": 15,
    "objective": "points",
    "avgLegalMovesPerTurn": 2.2743319454470936,
    "avgUniqueTrainsPerTurn": 0.9465922716436884,
    "avgConstrainedTileFraction": 0.5494688564621156,
    "avgUniquePipsInHand": 7.404338227038424,
    "avgMaxPipCluster": 2.2847967742524076,
    "avgHandEntropy": 2.5496913305519464,
    "avgMoveValueSpread": 3.3883235851363795,
    "avgNearOptimalFraction": 0.7960798414725437,
    "avgOwnTrailPlayRate": 0,
    "avgShieldsDownRate": 0.16568433946711023
  },
  "skillIndicators": 3,
  "timestamp": "2026-07-14T01:37:05.352Z",
  "durationSeconds": 37.407
}