{
  "warpFactor": 15,
  "playerCount": 8,
  "moduleConfig": "official",
  "moduleLabel": "Official Warp 12 Preset",
  "games": 500,
  "objective": "points",
  "summary": {
    "games": 500,
    "playerCount": 8,
    "maxPip": 15,
    "objective": "points",
    "avgLegalMovesPerTurn": 2.094350656208107,
    "avgUniqueTrainsPerTurn": 0.7806279488103324,
    "avgConstrainedTileFraction": 0.4883053108669871,
    "avgUniquePipsInHand": 5.639196429426997,
    "avgMaxPipCluster": 1.9150684731341996,
    "avgHandEntropy": 2.134258679453312,
    "avgMoveValueSpread": 2.930641669373832,
    "avgNearOptimalFraction": 0.8338533151055083,
    "avgOwnTrailPlayRate": 0,
    "avgShieldsDownRate": 0.19503699637614866
  },
  "skillIndicators": 2,
  "timestamp": "2026-07-12T23:36:02.378Z",
  "durationSeconds": 356.629
}