{
  "warpFactor": 12,
  "playerCount": 3,
  "moduleConfig": "kappa",
  "moduleLabel": "Module Kappa (Temporal Inversion)",
  "zetaOmitted": false,
  "games": 500,
  "objective": "points",
  "summary": {
    "games": 500,
    "playerCount": 3,
    "maxPip": 12,
    "objective": "points",
    "avgLegalMovesPerTurn": 1.9795783724034979,
    "avgUniqueTrainsPerTurn": 0.9299232664238818,
    "avgConstrainedTileFraction": 0.6011535477978771,
    "avgUniquePipsInHand": 7.315661350544976,
    "avgMaxPipCluster": 2.733503047799314,
    "avgHandEntropy": 2.5197263332759023,
    "avgMoveValueSpread": 2.764992707193814,
    "avgNearOptimalFraction": 0.7898494504383108,
    "avgOwnTrailPlayRate": 0,
    "avgShieldsDownRate": 0.044227977653849726
  },
  "skillIndicators": 3,
  "timestamp": "2026-07-14T01:29:33.028Z",
  "durationSeconds": 13.45
}