{
  "warpFactor": 12,
  "playerCount": 8,
  "moduleConfig": "gamma",
  "moduleLabel": "Module Gamma (Sensor Grid)",
  "zetaOmitted": false,
  "games": 500,
  "objective": "points",
  "summary": {
    "games": 500,
    "playerCount": 8,
    "maxPip": 12,
    "objective": "points",
    "avgLegalMovesPerTurn": 2.5114006868411476,
    "avgUniqueTrainsPerTurn": 1.1210849339743492,
    "avgConstrainedTileFraction": 0.5933498446336211,
    "avgUniquePipsInHand": 7.413127979875249,
    "avgMaxPipCluster": 2.592101970298874,
    "avgHandEntropy": 2.557955231000095,
    "avgMoveValueSpread": 3.6393915875580096,
    "avgNearOptimalFraction": 0.7308974079482671,
    "avgOwnTrailPlayRate": 0,
    "avgShieldsDownRate": 0.13426273728792196
  },
  "skillIndicators": 3,
  "timestamp": "2026-07-14T01:31:17.954Z",
  "durationSeconds": 18.45
}