{
  "warpFactor": 12,
  "playerCount": 8,
  "moduleConfig": "kappa",
  "moduleLabel": "Module Kappa (Temporal Inversion)",
  "zetaOmitted": false,
  "games": 500,
  "objective": "points",
  "summary": {
    "games": 500,
    "playerCount": 8,
    "maxPip": 12,
    "objective": "points",
    "avgLegalMovesPerTurn": 2.5134816211823274,
    "avgUniqueTrainsPerTurn": 1.1208966771205668,
    "avgConstrainedTileFraction": 0.593581364262803,
    "avgUniquePipsInHand": 7.44149676332177,
    "avgMaxPipCluster": 2.583616250764928,
    "avgHandEntropy": 2.5652544448263805,
    "avgMoveValueSpread": 3.636328012365985,
    "avgNearOptimalFraction": 0.735473561421557,
    "avgOwnTrailPlayRate": 0,
    "avgShieldsDownRate": 0.13510883311139585
  },
  "skillIndicators": 3,
  "timestamp": "2026-07-14T01:31:29.723Z",
  "durationSeconds": 18.927
}