{
  "warpFactor": 15,
  "playerCount": 9,
  "moduleConfig": "delta",
  "moduleLabel": "Module Delta (Warp Drive Spool)",
  "zetaOmitted": false,
  "games": 500,
  "objective": "points",
  "summary": {
    "games": 500,
    "playerCount": 9,
    "maxPip": 15,
    "objective": "points",
    "avgLegalMovesPerTurn": 2.2499787089921304,
    "avgUniqueTrainsPerTurn": 0.9860533000841329,
    "avgConstrainedTileFraction": 0.573110697252286,
    "avgUniquePipsInHand": 7.6427894874535385,
    "avgMaxPipCluster": 2.34090323528692,
    "avgHandEntropy": 2.617036902606346,
    "avgMoveValueSpread": 3.537143921815357,
    "avgNearOptimalFraction": 0.7878070903524763,
    "avgOwnTrailPlayRate": 0,
    "avgShieldsDownRate": 0.17309007580539104
  },
  "skillIndicators": 3,
  "timestamp": "2026-07-14T01:36:31.423Z",
  "durationSeconds": 26.423
}