{
  "warpFactor": 12,
  "playerCount": 2,
  "moduleConfig": "all",
  "moduleLabel": "All Modules (stress test) (Zeta omitted — fleet too small/uneven)",
  "zetaOmitted": true,
  "games": 500,
  "objective": "points",
  "summary": {
    "games": 500,
    "playerCount": 2,
    "maxPip": 12,
    "objective": "points",
    "avgLegalMovesPerTurn": 1.9726301566252262,
    "avgUniqueTrainsPerTurn": 0.8240891737896416,
    "avgConstrainedTileFraction": 0.5870986475231231,
    "avgUniquePipsInHand": 8.8442789176185,
    "avgMaxPipCluster": 3.5229828365397626,
    "avgHandEntropy": 2.8098726748349807,
    "avgMoveValueSpread": 2.78698418409876,
    "avgNearOptimalFraction": 0.7840596056333458,
    "avgOwnTrailPlayRate": 0,
    "avgShieldsDownRate": 0.022782843114135143
  },
  "skillIndicators": 3,
  "timestamp": "2026-07-14T01:29:23.782Z",
  "durationSeconds": 19.884
}