{
  "warpFactor": 15,
  "playerCount": 7,
  "moduleConfig": "official",
  "moduleLabel": "Official Warp 12 Preset",
  "zetaOmitted": false,
  "games": 500,
  "objective": "points",
  "summary": {
    "games": 500,
    "playerCount": 7,
    "maxPip": 15,
    "objective": "points",
    "avgLegalMovesPerTurn": 2.1227986374251033,
    "avgUniqueTrainsPerTurn": 0.9228643537899389,
    "avgConstrainedTileFraction": 0.55484441675018,
    "avgUniquePipsInHand": 7.451086374039739,
    "avgMaxPipCluster": 2.3324544622160337,
    "avgHandEntropy": 2.544349579639405,
    "avgMoveValueSpread": 3.226200076147729,
    "avgNearOptimalFraction": 0.8039355215503806,
    "avgOwnTrailPlayRate": 0,
    "avgShieldsDownRate": 0.12366316369378401
  },
  "skillIndicators": 3,
  "timestamp": "2026-07-14T01:35:34.117Z",
  "durationSeconds": 30.852
}