{
  "warpFactor": 15,
  "playerCount": 4,
  "moduleConfig": "all",
  "moduleLabel": "All Modules (stress test)",
  "zetaOmitted": false,
  "games": 500,
  "objective": "points",
  "summary": {
    "games": 500,
    "playerCount": 4,
    "maxPip": 15,
    "objective": "points",
    "avgLegalMovesPerTurn": 1.7910165439503765,
    "avgUniqueTrainsPerTurn": 0.8437400479596615,
    "avgConstrainedTileFraction": 0.6056304622091628,
    "avgUniquePipsInHand": 9.221055514327368,
    "avgMaxPipCluster": 3.0244732477419283,
    "avgHandEntropy": 2.860692715300894,
    "avgMoveValueSpread": 3.077720158712071,
    "avgNearOptimalFraction": 0.8064278974556331,
    "avgOwnTrailPlayRate": 0,
    "avgShieldsDownRate": 0.013511414166817025
  },
  "skillIndicators": 3,
  "timestamp": "2026-07-14T01:33:55.393Z",
  "durationSeconds": 46.018
}