{
  "warpFactor": 12,
  "playerCount": 7,
  "moduleConfig": "gamma",
  "moduleLabel": "Module Gamma (Sensor Grid)",
  "games": 500,
  "objective": "points",
  "summary": {
    "games": 500,
    "playerCount": 7,
    "maxPip": 12,
    "objective": "points",
    "avgLegalMovesPerTurn": 2.4039881205713285,
    "avgUniqueTrainsPerTurn": 1.1382190239913852,
    "avgConstrainedTileFraction": 0.6629566530140155,
    "avgUniquePipsInHand": 6.9974213307438005,
    "avgMaxPipCluster": 2.536609913919466,
    "avgHandEntropy": 2.470224027759762,
    "avgMoveValueSpread": 3.782885041029363,
    "avgNearOptimalFraction": 0.7291030014085552,
    "avgOwnTrailPlayRate": 0,
    "avgShieldsDownRate": 0.32888637910210594
  },
  "skillIndicators": 3,
  "timestamp": "2026-07-12T23:13:57.152Z",
  "durationSeconds": 123.588
}