{
  "warpFactor": 18,
  "playerCount": 6,
  "moduleConfig": "delta",
  "moduleLabel": "Module Delta (Warp Drive Spool)",
  "zetaOmitted": false,
  "games": 500,
  "objective": "points",
  "summary": {
    "games": 500,
    "playerCount": 6,
    "maxPip": 18,
    "objective": "points",
    "avgLegalMovesPerTurn": 1.8892321857502568,
    "avgUniqueTrainsPerTurn": 0.8759036960387382,
    "avgConstrainedTileFraction": 0.5755089171145142,
    "avgUniquePipsInHand": 8.441882573120681,
    "avgMaxPipCluster": 2.4047590446499956,
    "avgHandEntropy": 2.7297271664404166,
    "avgMoveValueSpread": 3.5463288421956993,
    "avgNearOptimalFraction": 0.81786311457411,
    "avgOwnTrailPlayRate": 0,
    "avgShieldsDownRate": 0.09297388369289133
  },
  "skillIndicators": 3,
  "timestamp": "2026-07-14T01:44:58.917Z",
  "durationSeconds": 36.277
}