{
  "warpFactor": 15,
  "playerCount": 9,
  "moduleConfig": "none",
  "moduleLabel": "Baseline (no modules)",
  "zetaOmitted": false,
  "games": 500,
  "objective": "points",
  "summary": {
    "games": 500,
    "playerCount": 9,
    "maxPip": 15,
    "objective": "points",
    "avgLegalMovesPerTurn": 2.2516493762624354,
    "avgUniqueTrainsPerTurn": 0.9885968501136632,
    "avgConstrainedTileFraction": 0.5743770218199533,
    "avgUniquePipsInHand": 7.654278643618034,
    "avgMaxPipCluster": 2.3449865550721407,
    "avgHandEntropy": 2.620007023958097,
    "avgMoveValueSpread": 3.546795122899701,
    "avgNearOptimalFraction": 0.7872193789252399,
    "avgOwnTrailPlayRate": 0,
    "avgShieldsDownRate": 0.17346758308444293
  },
  "skillIndicators": 3,
  "timestamp": "2026-07-14T01:36:20.501Z",
  "durationSeconds": 32.406
}