{
  "warpFactor": 18,
  "playerCount": 8,
  "moduleConfig": "zeta",
  "moduleLabel": "Module Zeta (Squadrons)",
  "zetaOmitted": false,
  "games": 500,
  "objective": "points",
  "summary": {
    "games": 500,
    "playerCount": 8,
    "maxPip": 18,
    "objective": "points",
    "avgLegalMovesPerTurn": 1.6956726846837498,
    "avgUniqueTrainsPerTurn": 0.8751730667760952,
    "avgConstrainedTileFraction": 0.5885917774631862,
    "avgUniquePipsInHand": 7.8517931571371955,
    "avgMaxPipCluster": 2.232745964553528,
    "avgHandEntropy": 2.6588232643251803,
    "avgMoveValueSpread": 3.1638144519715596,
    "avgNearOptimalFraction": 0.8382015551051194,
    "avgOwnTrailPlayRate": 0,
    "avgShieldsDownRate": 0.04199165675915255
  },
  "skillIndicators": 3,
  "timestamp": "2026-07-14T01:48:01.309Z",
  "durationSeconds": 55.042
}