{
  "warpFactor": 18,
  "playerCount": 12,
  "moduleConfig": "alpha",
  "moduleLabel": "Module Alpha (Continuum)",
  "games": 500,
  "objective": "points",
  "summary": {
    "games": 500,
    "playerCount": 12,
    "maxPip": 18,
    "objective": "points",
    "avgLegalMovesPerTurn": 2.2879821290753797,
    "avgUniqueTrainsPerTurn": 1.023226381504125,
    "avgConstrainedTileFraction": 0.6262450332441123,
    "avgUniquePipsInHand": 7.611532615709353,
    "avgMaxPipCluster": 2.1281585775193275,
    "avgHandEntropy": 2.6532641174375637,
    "avgMoveValueSpread": 4.8403071274637295,
    "avgNearOptimalFraction": 0.7698451232301998,
    "avgOwnTrailPlayRate": 0,
    "avgShieldsDownRate": 0.500003588306427
  },
  "skillIndicators": 3,
  "timestamp": "2026-07-13T00:22:47.425Z",
  "durationSeconds": 251.413
}