{
  "warpFactor": 12,
  "playerCount": 7,
  "moduleConfig": "epsilon",
  "moduleLabel": "Module Epsilon (Drafting)",
  "zetaOmitted": false,
  "games": 500,
  "objective": "points",
  "summary": {
    "games": 500,
    "playerCount": 7,
    "maxPip": 12,
    "objective": "points",
    "avgLegalMovesPerTurn": 1.2995526271946392,
    "avgUniqueTrainsPerTurn": 0.6160959837087404,
    "avgConstrainedTileFraction": 0.3394026562360289,
    "avgUniquePipsInHand": 4.09536809820735,
    "avgMaxPipCluster": 1.4094344248202606,
    "avgHandEntropy": 1.4276962099679529,
    "avgMoveValueSpread": 1.9604064422280738,
    "avgNearOptimalFraction": 0.8603065818094104,
    "avgOwnTrailPlayRate": 0,
    "avgShieldsDownRate": 0.4990090863118678
  },
  "skillIndicators": 0,
  "timestamp": "2026-07-14T01:31:01.348Z",
  "durationSeconds": 19.32
}