{
  "warpFactor": 15,
  "playerCount": 5,
  "moduleConfig": "gamma",
  "moduleLabel": "Module Gamma (Sensor Grid)",
  "games": 500,
  "objective": "points",
  "summary": {
    "games": 500,
    "playerCount": 5,
    "maxPip": 15,
    "objective": "points",
    "avgLegalMovesPerTurn": 1.992480109602991,
    "avgUniqueTrainsPerTurn": 0.94920425565432,
    "avgConstrainedTileFraction": 0.6176358278302758,
    "avgUniquePipsInHand": 7.540270444651216,
    "avgMaxPipCluster": 2.4775412861027966,
    "avgHandEntropy": 2.5534706800389046,
    "avgMoveValueSpread": 3.4796018515226153,
    "avgNearOptimalFraction": 0.7954147339541275,
    "avgOwnTrailPlayRate": 0,
    "avgShieldsDownRate": 0.19793532647367768
  },
  "skillIndicators": 3,
  "timestamp": "2026-07-12T23:25:06.042Z",
  "durationSeconds": 163.698
}