{
  "warpFactor": 12,
  "playerCount": 8,
  "moduleConfig": "alpha",
  "moduleLabel": "Module Alpha (Continuum)",
  "zetaOmitted": false,
  "games": 500,
  "objective": "points",
  "summary": {
    "games": 500,
    "playerCount": 8,
    "maxPip": 12,
    "objective": "points",
    "avgLegalMovesPerTurn": 2.508969659619212,
    "avgUniqueTrainsPerTurn": 1.120383550244439,
    "avgConstrainedTileFraction": 0.5935368538493239,
    "avgUniquePipsInHand": 7.436027227095708,
    "avgMaxPipCluster": 2.5977613953757417,
    "avgHandEntropy": 2.5648071027994197,
    "avgMoveValueSpread": 3.6234468260589763,
    "avgNearOptimalFraction": 0.7317025120739045,
    "avgOwnTrailPlayRate": 0,
    "avgShieldsDownRate": 0.1338542819022333
  },
  "skillIndicators": 3,
  "timestamp": "2026-07-14T01:31:15.431Z",
  "durationSeconds": 18.687
}