{
  "warpFactor": 15,
  "playerCount": 4,
  "moduleConfig": "none",
  "moduleLabel": "Baseline (no modules)",
  "games": 500,
  "objective": "points",
  "summary": {
    "games": 500,
    "playerCount": 4,
    "maxPip": 15,
    "objective": "points",
    "avgLegalMovesPerTurn": 1.9575450899445037,
    "avgUniqueTrainsPerTurn": 0.9121263201858868,
    "avgConstrainedTileFraction": 0.6083040245940434,
    "avgUniquePipsInHand": 7.822695058195914,
    "avgMaxPipCluster": 2.6594334322484015,
    "avgHandEntropy": 2.583597515682127,
    "avgMoveValueSpread": 3.36886540942823,
    "avgNearOptimalFraction": 0.8004802158458646,
    "avgOwnTrailPlayRate": 0,
    "avgShieldsDownRate": 0.13384882998471126
  },
  "skillIndicators": 3,
  "timestamp": "2026-07-12T23:22:11.774Z",
  "durationSeconds": 189.571
}