{
  "warpFactor": 12,
  "playerCount": 2,
  "moduleConfig": "official",
  "moduleLabel": "Official Warp 12 Preset",
  "games": 500,
  "objective": "points",
  "summary": {
    "games": 500,
    "playerCount": 2,
    "maxPip": 12,
    "objective": "points",
    "avgLegalMovesPerTurn": 1.6551214663537512,
    "avgUniqueTrainsPerTurn": 0.700219216166719,
    "avgConstrainedTileFraction": 0.5083235161736364,
    "avgUniquePipsInHand": 6.5949687069503256,
    "avgMaxPipCluster": 2.680976316747937,
    "avgHandEntropy": 2.3427427299454244,
    "avgMoveValueSpread": 1.7659690970786557,
    "avgNearOptimalFraction": 0.8678603044759597,
    "avgOwnTrailPlayRate": 0,
    "avgShieldsDownRate": 0.07338642316706268
  },
  "skillIndicators": 2,
  "timestamp": "2026-07-12T23:07:23.789Z",
  "durationSeconds": 146.78
}