{
  "warpFactor": 18,
  "playerCount": 13,
  "moduleConfig": "gamma",
  "moduleLabel": "Module Gamma (Sensor Grid)",
  "games": 500,
  "objective": "points",
  "summary": {
    "games": 500,
    "playerCount": 13,
    "maxPip": 18,
    "objective": "points",
    "avgLegalMovesPerTurn": 2.3810514703424968,
    "avgUniqueTrainsPerTurn": 1.0432987155488833,
    "avgConstrainedTileFraction": 0.6294966574238112,
    "avgUniquePipsInHand": 7.65767689187235,
    "avgMaxPipCluster": 2.133553059198724,
    "avgHandEntropy": 2.664318974969734,
    "avgMoveValueSpread": 5.1077895538543325,
    "avgNearOptimalFraction": 0.7580223073212953,
    "avgOwnTrailPlayRate": 0,
    "avgShieldsDownRate": 0.5141316983699162
  },
  "skillIndicators": 3,
  "timestamp": "2026-07-13T00:28:09.969Z",
  "durationSeconds": 233.944
}