{
  "warpFactor": 18,
  "playerCount": 10,
  "moduleConfig": "beta",
  "moduleLabel": "Module Beta (Salamander Penalty)",
  "zetaOmitted": false,
  "games": 500,
  "objective": "points",
  "summary": {
    "games": 500,
    "playerCount": 10,
    "maxPip": 18,
    "objective": "points",
    "avgLegalMovesPerTurn": 2.1748287436468514,
    "avgUniqueTrainsPerTurn": 0.9206667180623453,
    "avgConstrainedTileFraction": 0.5724720776247163,
    "avgUniquePipsInHand": 8.232867981579679,
    "avgMaxPipCluster": 2.2710045946083373,
    "avgHandEntropy": 2.7329586224397273,
    "avgMoveValueSpread": 3.8905485257690224,
    "avgNearOptimalFraction": 0.8035868375028455,
    "avgOwnTrailPlayRate": 0,
    "avgShieldsDownRate": 0.21492423553323695
  },
  "skillIndicators": 3,
  "timestamp": "2026-07-14T01:49:13.024Z",
  "durationSeconds": 50.214
}