{
  "warpFactor": 12,
  "playerCount": 5,
  "moduleConfig": "all",
  "moduleLabel": "All Modules (stress test) (Zeta omitted — fleet too small/uneven)",
  "zetaOmitted": true,
  "games": 500,
  "objective": "points",
  "summary": {
    "games": 500,
    "playerCount": 5,
    "maxPip": 12,
    "objective": "points",
    "avgLegalMovesPerTurn": 2.350433778172214,
    "avgUniqueTrainsPerTurn": 1.0009269315128388,
    "avgConstrainedTileFraction": 0.6172256118872433,
    "avgUniquePipsInHand": 7.889351239252596,
    "avgMaxPipCluster": 2.8800768127992558,
    "avgHandEntropy": 2.6209220450447512,
    "avgMoveValueSpread": 3.4472774224150684,
    "avgNearOptimalFraction": 0.7452115074987784,
    "avgOwnTrailPlayRate": 0,
    "avgShieldsDownRate": 0.07415373966679663
  },
  "skillIndicators": 3,
  "timestamp": "2026-07-14T01:30:21.571Z",
  "durationSeconds": 16.98
}