{
  "warpFactor": 18,
  "playerCount": 11,
  "moduleConfig": "mu",
  "moduleLabel": "Subspace Fracture (Own Trail)",
  "zetaOmitted": false,
  "games": 500,
  "objective": "points",
  "summary": {
    "games": 500,
    "playerCount": 11,
    "maxPip": 18,
    "objective": "points",
    "avgLegalMovesPerTurn": 2.2113454197125,
    "avgUniqueTrainsPerTurn": 0.8649824756167744,
    "avgConstrainedTileFraction": 0.542745336411436,
    "avgUniquePipsInHand": 7.86697096719516,
    "avgMaxPipCluster": 2.1739924856731063,
    "avgHandEntropy": 2.6814517040564856,
    "avgMoveValueSpread": 3.7320422416306593,
    "avgNearOptimalFraction": 0.8143796887226182,
    "avgOwnTrailPlayRate": 0,
    "avgShieldsDownRate": 0.2655782063231209
  },
  "skillIndicators": 3,
  "timestamp": "2026-07-14T01:51:26.229Z",
  "durationSeconds": 58.032
}