{
  "warpFactor": 18,
  "playerCount": 14,
  "moduleConfig": "gamma",
  "moduleLabel": "Module Gamma (Sensor Grid)",
  "zetaOmitted": false,
  "games": 500,
  "objective": "points",
  "summary": {
    "games": 500,
    "playerCount": 14,
    "maxPip": 18,
    "objective": "points",
    "avgLegalMovesPerTurn": 2.3523820427113984,
    "avgUniqueTrainsPerTurn": 0.8728459132638602,
    "avgConstrainedTileFraction": 0.5456895547104865,
    "avgUniquePipsInHand": 7.71586332812622,
    "avgMaxPipCluster": 2.1101674874821277,
    "avgHandEntropy": 2.6779186598135083,
    "avgMoveValueSpread": 3.575130963141977,
    "avgNearOptimalFraction": 0.8211999562787773,
    "avgOwnTrailPlayRate": 0,
    "avgShieldsDownRate": 0.3616014870212661
  },
  "skillIndicators": 3,
  "timestamp": "2026-07-14T01:54:25.859Z",
  "durationSeconds": 55.048
}