{
  "warpFactor": 18,
  "playerCount": 18,
  "moduleConfig": "delta",
  "moduleLabel": "Module Delta (Warp Drive Spool)",
  "zetaOmitted": false,
  "games": 500,
  "objective": "points",
  "summary": {
    "games": 500,
    "playerCount": 18,
    "maxPip": 18,
    "objective": "points",
    "avgLegalMovesPerTurn": 2.573331997540615,
    "avgUniqueTrainsPerTurn": 0.8512837605049912,
    "avgConstrainedTileFraction": 0.5280844540900299,
    "avgUniquePipsInHand": 7.378892182435138,
    "avgMaxPipCluster": 2.0200263506451424,
    "avgHandEntropy": 2.6389676085014244,
    "avgMoveValueSpread": 3.407920585884217,
    "avgNearOptimalFraction": 0.8308995501047033,
    "avgOwnTrailPlayRate": 0,
    "avgShieldsDownRate": 0.45577203826177815
  },
  "skillIndicators": 3,
  "timestamp": "2026-07-14T02:00:26.537Z",
  "durationSeconds": 57.567
}