{
  "warpFactor": 18,
  "playerCount": 8,
  "moduleConfig": "all",
  "moduleLabel": "All Modules (stress test)",
  "zetaOmitted": false,
  "games": 500,
  "objective": "points",
  "summary": {
    "games": 500,
    "playerCount": 8,
    "maxPip": 18,
    "objective": "points",
    "avgLegalMovesPerTurn": 1.6925548729199833,
    "avgUniqueTrainsPerTurn": 0.7998409938880756,
    "avgConstrainedTileFraction": 0.558707833502371,
    "avgUniquePipsInHand": 8.381232828650207,
    "avgMaxPipCluster": 2.378598403778352,
    "avgHandEntropy": 2.747560690264731,
    "avgMoveValueSpread": 3.1571805483101953,
    "avgNearOptimalFraction": 0.840689845330667,
    "avgOwnTrailPlayRate": 0,
    "avgShieldsDownRate": 0.028706040242651498
  },
  "skillIndicators": 3,
  "timestamp": "2026-07-14T01:48:43.295Z",
  "durationSeconds": 101.236
}