{
  "warpFactor": 15,
  "playerCount": 4,
  "moduleConfig": "official",
  "moduleLabel": "Official Warp 12 Preset",
  "zetaOmitted": false,
  "games": 500,
  "objective": "points",
  "summary": {
    "games": 500,
    "playerCount": 4,
    "maxPip": 15,
    "objective": "points",
    "avgLegalMovesPerTurn": 1.9453545098927174,
    "avgUniqueTrainsPerTurn": 0.863236679292228,
    "avgConstrainedTileFraction": 0.5678240403239562,
    "avgUniquePipsInHand": 7.93675965325602,
    "avgMaxPipCluster": 2.596631825371054,
    "avgHandEntropy": 2.6125415922997997,
    "avgMoveValueSpread": 3.037676544230195,
    "avgNearOptimalFraction": 0.8092383234336434,
    "avgOwnTrailPlayRate": 0,
    "avgShieldsDownRate": 0.047326789288096825
  },
  "skillIndicators": 3,
  "timestamp": "2026-07-14T01:33:36.014Z",
  "durationSeconds": 29.891
}