{
  "warpFactor": 12,
  "playerCount": 6,
  "moduleConfig": "gamma",
  "moduleLabel": "Module Gamma (Sensor Grid)",
  "zetaOmitted": false,
  "games": 500,
  "objective": "points",
  "summary": {
    "games": 500,
    "playerCount": 6,
    "maxPip": 12,
    "objective": "points",
    "avgLegalMovesPerTurn": 2.3973702038298232,
    "avgUniqueTrainsPerTurn": 1.1200753660307294,
    "avgConstrainedTileFraction": 0.6276590522819174,
    "avgUniquePipsInHand": 7.651366067464919,
    "avgMaxPipCluster": 2.7398495371931597,
    "avgHandEntropy": 2.5937609708614295,
    "avgMoveValueSpread": 3.6040245144398417,
    "avgNearOptimalFraction": 0.7290880416402824,
    "avgOwnTrailPlayRate": 0,
    "avgShieldsDownRate": 0.09147794994040524
  },
  "skillIndicators": 3,
  "timestamp": "2026-07-14T01:30:28.737Z",
  "durationSeconds": 16.441
}