{
  "warpFactor": 15,
  "playerCount": 12,
  "moduleConfig": "official",
  "moduleLabel": "Official Warp 12 Preset",
  "games": 500,
  "objective": "points",
  "summary": {
    "games": 500,
    "playerCount": 12,
    "maxPip": 15,
    "objective": "points",
    "avgLegalMovesPerTurn": 2.3424837605258166,
    "avgUniqueTrainsPerTurn": 0.851276825124079,
    "avgConstrainedTileFraction": 0.4985366597018737,
    "avgUniquePipsInHand": 5.726160961197262,
    "avgMaxPipCluster": 1.8857916696209913,
    "avgHandEntropy": 2.186440928634551,
    "avgMoveValueSpread": 3.4907852583112073,
    "avgNearOptimalFraction": 0.8043470429315539,
    "avgOwnTrailPlayRate": 0,
    "avgShieldsDownRate": 0.37918821332969715
  },
  "skillIndicators": 2,
  "timestamp": "2026-07-12T23:45:34.168Z",
  "durationSeconds": 297.438
}