{
  "warpFactor": 18,
  "playerCount": 4,
  "moduleConfig": "zeta",
  "moduleLabel": "Module Zeta (Squadrons)",
  "zetaOmitted": false,
  "games": 500,
  "objective": "points",
  "summary": {
    "games": 500,
    "playerCount": 4,
    "maxPip": 18,
    "objective": "points",
    "avgLegalMovesPerTurn": 1.5120711138977692,
    "avgUniqueTrainsPerTurn": 0.727272520201079,
    "avgConstrainedTileFraction": 0.5486546882108932,
    "avgUniquePipsInHand": 8.600131545475097,
    "avgMaxPipCluster": 2.5352966577259264,
    "avgHandEntropy": 2.774122858722849,
    "avgMoveValueSpread": 2.4958176807564514,
    "avgNearOptimalFraction": 0.865243068571179,
    "avgOwnTrailPlayRate": 0,
    "avgShieldsDownRate": 0.01183703036074843
  },
  "skillIndicators": 3,
  "timestamp": "2026-07-14T01:43:49.536Z",
  "durationSeconds": 58.822
}