{
  "warpFactor": 15,
  "playerCount": 11,
  "moduleConfig": "official",
  "moduleLabel": "Official Warp 12 Preset",
  "zetaOmitted": false,
  "games": 500,
  "objective": "points",
  "summary": {
    "games": 500,
    "playerCount": 11,
    "maxPip": 15,
    "objective": "points",
    "avgLegalMovesPerTurn": 2.396873565497521,
    "avgUniqueTrainsPerTurn": 0.9358613753354122,
    "avgConstrainedTileFraction": 0.5350792744662138,
    "avgUniquePipsInHand": 7.2651528258939315,
    "avgMaxPipCluster": 2.2183989574131036,
    "avgHandEntropy": 2.5398242778239886,
    "avgMoveValueSpread": 3.3470897582716126,
    "avgNearOptimalFraction": 0.7994394000320303,
    "avgOwnTrailPlayRate": 0,
    "avgShieldsDownRate": 0.22284578620127604
  },
  "skillIndicators": 3,
  "timestamp": "2026-07-14T01:38:46.737Z",
  "durationSeconds": 41.197
}