{
  "warpFactor": 15,
  "playerCount": 9,
  "moduleConfig": "alpha",
  "moduleLabel": "Module Alpha (Continuum)",
  "zetaOmitted": false,
  "games": 500,
  "objective": "points",
  "summary": {
    "games": 500,
    "playerCount": 9,
    "maxPip": 15,
    "objective": "points",
    "avgLegalMovesPerTurn": 2.2495807288217025,
    "avgUniqueTrainsPerTurn": 0.9890984248594988,
    "avgConstrainedTileFraction": 0.5739756018135469,
    "avgUniquePipsInHand": 7.659147253864711,
    "avgMaxPipCluster": 2.3445591994435704,
    "avgHandEntropy": 2.6214498273733553,
    "avgMoveValueSpread": 3.544795164084101,
    "avgNearOptimalFraction": 0.7873136750337979,
    "avgOwnTrailPlayRate": 0,
    "avgShieldsDownRate": 0.17300548068264038
  },
  "skillIndicators": 3,
  "timestamp": "2026-07-14T01:36:24.759Z",
  "durationSeconds": 32.444
}