{
  "warpFactor": 12,
  "playerCount": 6,
  "moduleConfig": "epsilon",
  "moduleLabel": "Module Epsilon (Drafting)",
  "zetaOmitted": false,
  "games": 500,
  "objective": "points",
  "summary": {
    "games": 500,
    "playerCount": 6,
    "maxPip": 12,
    "objective": "points",
    "avgLegalMovesPerTurn": 1.3382313972573736,
    "avgUniqueTrainsPerTurn": 0.6341000401322013,
    "avgConstrainedTileFraction": 0.356279519880871,
    "avgUniquePipsInHand": 4.330529218724997,
    "avgMaxPipCluster": 1.5275541297670798,
    "avgHandEntropy": 1.4673894632754,
    "avgMoveValueSpread": 2.1327235998662037,
    "avgNearOptimalFraction": 0.845863642809328,
    "avgOwnTrailPlayRate": 0,
    "avgShieldsDownRate": 0.4828560950307294
  },
  "skillIndicators": 1,
  "timestamp": "2026-07-14T01:30:36.011Z",
  "durationSeconds": 19.79
}