{
  "warpFactor": 15,
  "playerCount": 4,
  "moduleConfig": "theta",
  "moduleLabel": "Module Theta (Longest Trail)",
  "zetaOmitted": false,
  "games": 500,
  "objective": "points",
  "summary": {
    "games": 500,
    "playerCount": 4,
    "maxPip": 15,
    "objective": "points",
    "avgLegalMovesPerTurn": 1.914780374629535,
    "avgUniqueTrainsPerTurn": 0.8904942582780616,
    "avgConstrainedTileFraction": 0.5862640978783195,
    "avgUniquePipsInHand": 8.135302328755644,
    "avgMaxPipCluster": 2.6550766899278737,
    "avgHandEntropy": 2.664817095616309,
    "avgMoveValueSpread": 3.1546026828038363,
    "avgNearOptimalFraction": 0.8030906089550054,
    "avgOwnTrailPlayRate": 0,
    "avgShieldsDownRate": 0.04850451451381942
  },
  "skillIndicators": 3,
  "timestamp": "2026-07-14T01:33:21.935Z",
  "durationSeconds": 26.031
}