{
  "warpFactor": 12,
  "playerCount": 2,
  "moduleConfig": "alpha",
  "moduleLabel": "Module Alpha (Continuum)",
  "games": 500,
  "objective": "points",
  "summary": {
    "games": 500,
    "playerCount": 2,
    "maxPip": 12,
    "objective": "points",
    "avgLegalMovesPerTurn": 1.6873104795339453,
    "avgUniqueTrainsPerTurn": 0.7604937192815512,
    "avgConstrainedTileFraction": 0.544782489889291,
    "avgUniquePipsInHand": 6.974736476964157,
    "avgMaxPipCluster": 2.8378535198531134,
    "avgHandEntropy": 2.42286730249131,
    "avgMoveValueSpread": 2.0159424586967805,
    "avgNearOptimalFraction": 0.8487032615808938,
    "avgOwnTrailPlayRate": 0,
    "avgShieldsDownRate": 0.09536118887522566
  },
  "skillIndicators": 3,
  "timestamp": "2026-07-12T23:06:39.992Z",
  "durationSeconds": 106.756
}