{
  "warpFactor": 12,
  "playerCount": 4,
  "moduleConfig": "epsilon",
  "moduleLabel": "Module Epsilon (Drafting)",
  "games": 500,
  "objective": "points",
  "summary": {
    "games": 500,
    "playerCount": 4,
    "maxPip": 12,
    "objective": "points",
    "avgLegalMovesPerTurn": 67.00549804941483,
    "avgUniqueTrainsPerTurn": 0.8337874362308688,
    "avgConstrainedTileFraction": 0.10397424227787368,
    "avgUniquePipsInHand": 5.546079923977196,
    "avgMaxPipCluster": 35.633485445633674,
    "avgHandEntropy": 1.580211817448375,
    "avgMoveValueSpread": 6.136605881764534,
    "avgNearOptimalFraction": 0.6327208922779152,
    "avgOwnTrailPlayRate": 0,
    "avgShieldsDownRate": 0.5603995198559568
  },
  "skillIndicators": 3,
  "timestamp": "2026-07-13T04:11:40.443Z",
  "durationSeconds": 6924.124
}