{
  "warpFactor": 18,
  "playerCount": 5,
  "moduleConfig": "official",
  "moduleLabel": "Official Warp 12 Preset",
  "zetaOmitted": false,
  "games": 500,
  "objective": "points",
  "summary": {
    "games": 500,
    "playerCount": 5,
    "maxPip": 18,
    "objective": "points",
    "avgLegalMovesPerTurn": 1.7675568947921771,
    "avgUniqueTrainsPerTurn": 0.7814390460454493,
    "avgConstrainedTileFraction": 0.5369915428060925,
    "avgUniquePipsInHand": 7.994345375619521,
    "avgMaxPipCluster": 2.3237522130055512,
    "avgHandEntropy": 2.6360354562489867,
    "avgMoveValueSpread": 2.93042001572636,
    "avgNearOptimalFraction": 0.8475974122391241,
    "avgOwnTrailPlayRate": 0,
    "avgShieldsDownRate": 0.07671371339566685
  },
  "skillIndicators": 3,
  "timestamp": "2026-07-14T01:44:45.497Z",
  "durationSeconds": 48.902
}