{
  "warpFactor": 15,
  "playerCount": 6,
  "moduleConfig": "alpha",
  "moduleLabel": "Module Alpha (Continuum)",
  "zetaOmitted": false,
  "games": 500,
  "objective": "points",
  "summary": {
    "games": 500,
    "playerCount": 6,
    "maxPip": 15,
    "objective": "points",
    "avgLegalMovesPerTurn": 2.0902772648958505,
    "avgUniqueTrainsPerTurn": 0.9806350844636191,
    "avgConstrainedTileFraction": 0.5986437369850615,
    "avgUniquePipsInHand": 8.044525172884603,
    "avgMaxPipCluster": 2.5319957859983875,
    "avgHandEntropy": 2.6598392872026526,
    "avgMoveValueSpread": 3.5531005398655977,
    "avgNearOptimalFraction": 0.7829604701771052,
    "avgOwnTrailPlayRate": 0,
    "avgShieldsDownRate": 0.08848802199240738
  },
  "skillIndicators": 3,
  "timestamp": "2026-07-14T01:34:13.969Z",
  "durationSeconds": 24.207
}