{
  "warpFactor": 18,
  "playerCount": 14,
  "moduleConfig": "alpha",
  "moduleLabel": "Module Alpha (Continuum)",
  "games": 500,
  "objective": "points",
  "summary": {
    "games": 500,
    "playerCount": 14,
    "maxPip": 18,
    "objective": "points",
    "avgLegalMovesPerTurn": 2.291985580389898,
    "avgUniqueTrainsPerTurn": 1.0100648589226813,
    "avgConstrainedTileFraction": 0.6134533606164544,
    "avgUniquePipsInHand": 7.229905846901433,
    "avgMaxPipCluster": 2.024970851814435,
    "avgHandEntropy": 2.6018398719037954,
    "avgMoveValueSpread": 4.685356839253226,
    "avgNearOptimalFraction": 0.7776182619881757,
    "avgOwnTrailPlayRate": 0,
    "avgShieldsDownRate": 0.571183050100301
  },
  "skillIndicators": 3,
  "timestamp": "2026-07-13T00:29:54.042Z",
  "durationSeconds": 224.056
}