{
  "warpFactor": 12,
  "playerCount": 4,
  "moduleConfig": "alpha",
  "moduleLabel": "Module Alpha (Continuum)",
  "games": 500,
  "objective": "points",
  "summary": {
    "games": 500,
    "playerCount": 4,
    "maxPip": 12,
    "objective": "points",
    "avgLegalMovesPerTurn": 2.3179228981082733,
    "avgUniqueTrainsPerTurn": 1.0745539188352118,
    "avgConstrainedTileFraction": 0.660097574231556,
    "avgUniquePipsInHand": 7.356937329007173,
    "avgMaxPipCluster": 2.918650635495862,
    "avgHandEntropy": 2.485739919659887,
    "avgMoveValueSpread": 3.560759532768308,
    "avgNearOptimalFraction": 0.740734039178194,
    "avgOwnTrailPlayRate": 0,
    "avgShieldsDownRate": 0.1747425493565151
  },
  "skillIndicators": 3,
  "timestamp": "2026-07-12T23:08:51.087Z",
  "durationSeconds": 126.614
}