{
  "warpFactor": 18,
  "playerCount": 2,
  "moduleConfig": "epsilon",
  "moduleLabel": "Module Epsilon (Drafting)",
  "zetaOmitted": false,
  "games": 500,
  "objective": "points",
  "summary": {
    "games": 500,
    "playerCount": 2,
    "maxPip": 18,
    "objective": "points",
    "avgLegalMovesPerTurn": 1.3686781976456428,
    "avgUniqueTrainsPerTurn": 0.5632258979742214,
    "avgConstrainedTileFraction": 0.4552126691216285,
    "avgUniquePipsInHand": 9.282998395751033,
    "avgMaxPipCluster": 2.8124201906812245,
    "avgHandEntropy": 2.751133478425062,
    "avgMoveValueSpread": 2.0841396119468483,
    "avgNearOptimalFraction": 0.8826642966866985,
    "avgOwnTrailPlayRate": 0,
    "avgShieldsDownRate": 0.10455316007491763
  },
  "skillIndicators": 2,
  "timestamp": "2026-07-14T01:40:35.934Z",
  "durationSeconds": 70.756
}