{
  "warpFactor": 15,
  "playerCount": 3,
  "moduleConfig": "official",
  "moduleLabel": "Official Warp 12 Preset",
  "zetaOmitted": false,
  "games": 500,
  "objective": "points",
  "summary": {
    "games": 500,
    "playerCount": 3,
    "maxPip": 15,
    "objective": "points",
    "avgLegalMovesPerTurn": 1.7198242031734012,
    "avgUniqueTrainsPerTurn": 0.7496760506914848,
    "avgConstrainedTileFraction": 0.5322158087798542,
    "avgUniquePipsInHand": 7.846337566667932,
    "avgMaxPipCluster": 2.5951291724876393,
    "avgHandEntropy": 2.6154180378444654,
    "avgMoveValueSpread": 2.41784486262378,
    "avgNearOptimalFraction": 0.8452156323956884,
    "avgOwnTrailPlayRate": 0,
    "avgShieldsDownRate": 0.03477570781782576
  },
  "skillIndicators": 3,
  "timestamp": "2026-07-14T01:33:03.022Z",
  "durationSeconds": 30.38
}