{
  "warpFactor": 15,
  "playerCount": 4,
  "moduleConfig": "delta",
  "moduleLabel": "Module Delta (Warp Drive Spool)",
  "zetaOmitted": false,
  "games": 500,
  "objective": "points",
  "summary": {
    "games": 500,
    "playerCount": 4,
    "maxPip": 15,
    "objective": "points",
    "avgLegalMovesPerTurn": 1.9166199168419076,
    "avgUniqueTrainsPerTurn": 0.8898960435024196,
    "avgConstrainedTileFraction": 0.586558061361528,
    "avgUniquePipsInHand": 8.154585601108495,
    "avgMaxPipCluster": 2.6584506700497417,
    "avgHandEntropy": 2.668443190834834,
    "avgMoveValueSpread": 3.1606911455215063,
    "avgNearOptimalFraction": 0.8027031170774911,
    "avgOwnTrailPlayRate": 0,
    "avgShieldsDownRate": 0.04958445911926602
  },
  "skillIndicators": 3,
  "timestamp": "2026-07-14T01:33:06.346Z",
  "durationSeconds": 22.138
}