{
  "warpFactor": 18,
  "playerCount": 11,
  "moduleConfig": "beta",
  "moduleLabel": "Module Beta (Salamander Penalty)",
  "games": 500,
  "objective": "points",
  "summary": {
    "games": 500,
    "playerCount": 11,
    "maxPip": 18,
    "objective": "points",
    "avgLegalMovesPerTurn": 2.2015714156938944,
    "avgUniqueTrainsPerTurn": 1.0019070639049548,
    "avgConstrainedTileFraction": 0.6216727835404301,
    "avgUniquePipsInHand": 7.555718565329404,
    "avgMaxPipCluster": 2.1252192308567714,
    "avgHandEntropy": 2.639789252858534,
    "avgMoveValueSpread": 4.568564405053859,
    "avgNearOptimalFraction": 0.7816935577337492,
    "avgOwnTrailPlayRate": 0,
    "avgShieldsDownRate": 0.4850375841190695
  },
  "skillIndicators": 3,
  "timestamp": "2026-07-13T00:21:03.106Z",
  "durationSeconds": 253.747
}