{
  "warpFactor": 15,
  "playerCount": 10,
  "moduleConfig": "none",
  "moduleLabel": "Baseline (no modules)",
  "zetaOmitted": false,
  "games": 500,
  "objective": "points",
  "summary": {
    "games": 500,
    "playerCount": 10,
    "maxPip": 15,
    "objective": "points",
    "avgLegalMovesPerTurn": 2.3546442551672393,
    "avgUniqueTrainsPerTurn": 1.0102900094589744,
    "avgConstrainedTileFraction": 0.5769119839553224,
    "avgUniquePipsInHand": 7.732458924520277,
    "avgMaxPipCluster": 2.3571213302163248,
    "avgHandEntropy": 2.6362013361979173,
    "avgMoveValueSpread": 3.7352199519727884,
    "avgNearOptimalFraction": 0.777070126540897,
    "avgOwnTrailPlayRate": 0,
    "avgShieldsDownRate": 0.17894458460492235
  },
  "skillIndicators": 3,
  "timestamp": "2026-07-14T01:37:11.127Z",
  "durationSeconds": 36.699
}