{
  "warpFactor": 9,
  "playerCount": 2,
  "moduleConfig": "beta",
  "moduleLabel": "Module Beta (Salamander Penalty)",
  "zetaOmitted": false,
  "games": 500,
  "objective": "points",
  "summary": {
    "games": 500,
    "playerCount": 2,
    "maxPip": 9,
    "objective": "points",
    "avgLegalMovesPerTurn": 1.8461039979379008,
    "avgUniqueTrainsPerTurn": 0.8922777515166713,
    "avgConstrainedTileFraction": 0.5828017372841069,
    "avgUniquePipsInHand": 5.92965504869724,
    "avgMaxPipCluster": 2.6288428699346844,
    "avgHandEntropy": 2.2470317408945943,
    "avgMoveValueSpread": 1.9057615059055892,
    "avgNearOptimalFraction": 0.8027338611453084,
    "avgOwnTrailPlayRate": 0,
    "avgShieldsDownRate": 0.04855878615961942
  },
  "skillIndicators": 2,
  "timestamp": "2026-07-14T01:28:26.723Z",
  "durationSeconds": 3.562
}