{
  "warpFactor": 18,
  "playerCount": 4,
  "moduleConfig": "all",
  "moduleLabel": "All Modules (stress test)",
  "zetaOmitted": false,
  "games": 500,
  "objective": "points",
  "summary": {
    "games": 500,
    "playerCount": 4,
    "maxPip": 18,
    "objective": "points",
    "avgLegalMovesPerTurn": 1.65772979541674,
    "avgUniqueTrainsPerTurn": 0.756134868747011,
    "avgConstrainedTileFraction": 0.5635345806297218,
    "avgUniquePipsInHand": 10.505498681505347,
    "avgMaxPipCluster": 3.0641165613179,
    "avgHandEntropy": 3.056799831773138,
    "avgMoveValueSpread": 3.1215287891702133,
    "avgNearOptimalFraction": 0.834592385819554,
    "avgOwnTrailPlayRate": 0,
    "avgShieldsDownRate": 0.009922429771102992
  },
  "skillIndicators": 3,
  "timestamp": "2026-07-14T01:44:29.709Z",
  "durationSeconds": 103.19
}