{
  "warpFactor": 15,
  "playerCount": 3,
  "moduleConfig": "gamma",
  "moduleLabel": "Module Gamma (Sensor Grid)",
  "zetaOmitted": false,
  "games": 500,
  "objective": "points",
  "summary": {
    "games": 500,
    "playerCount": 3,
    "maxPip": 15,
    "objective": "points",
    "avgLegalMovesPerTurn": 1.6876807145196493,
    "avgUniqueTrainsPerTurn": 0.7674772657010475,
    "avgConstrainedTileFraction": 0.5454908810769096,
    "avgUniquePipsInHand": 7.987021414826019,
    "avgMaxPipCluster": 2.63214254539713,
    "avgHandEntropy": 2.6534066251636137,
    "avgMoveValueSpread": 2.47914589686333,
    "avgNearOptimalFraction": 0.8419780786516468,
    "avgOwnTrailPlayRate": 0,
    "avgShieldsDownRate": 0.03630014067683697
  },
  "skillIndicators": 3,
  "timestamp": "2026-07-14T01:32:29.328Z",
  "durationSeconds": 26.761
}